{"timestamp": "2025-12-11T03:55:07.692Z", "level": "INFO", "service": "resume-worker", "message": "Starting resume generation worker"}
{"timestamp": "2025-12-11T03:55:07.705Z", "level": "INFO", "service": "resume-worker", "message": "Connected to Redis", "context": {"redis_url": "redis://redis:6379/0"}}
{"timestamp": "2025-12-11T03:55:07.751Z", "level": "INFO", "service": "resume-worker", "message": "Database connection established"}
{"timestamp": "2025-12-11T03:55:07.762Z", "level": "INFO", "service": "resume-worker", "message": "Translation helper database connection established"}
{"timestamp": "2025-12-11T03:55:07.765Z", "level": "INFO", "service": "resume-worker", "message": "Resume generation worker started"}
{"timestamp": "2025-12-11T03:55:37.280Z", "level": "INFO", "service": "resume-worker", "message": "Processing resume generation job", "context": {"job_id": "910ec7ba-cc71-405c-a7ec-ec3f058fb39a", "user_id": "6ad0d828-f605-45fc-a545-3441e17a015c", "job_application_id": "23039927-0434-430c-bcf6-42502251a23b"}}
{"timestamp": "2025-12-11T03:55:37.285Z", "level": "INFO", "service": "resume-worker", "message": "Generating resume for user 6ad0d828-f605-45fc-a545-3441e17a015c, job: Desenvolvedor Backend - Python"}
{"timestamp": "2025-12-11T03:55:37.301Z", "level": "INFO", "service": "resume-worker", "message": "Extracted keywords: {'tech_categories': ['backend', 'language'], 'cert_categories': ['programming'], 'skill_names': ['Python']}"}
{"timestamp": "2025-12-11T03:55:37.341Z", "level": "INFO", "service": "resume-worker", "message": "Found 13 relevant projects"}
{"timestamp": "2025-12-11T03:55:37.368Z", "level": "INFO", "service": "resume-worker", "message": "Found 1 relevant certifications"}
{"timestamp": "2025-12-11T03:55:37.380Z", "level": "INFO", "service": "resume-worker", "message": "Found 4 publications"}
{"timestamp": "2025-12-11T03:55:37.387Z", "level": "INFO", "service": "resume-worker", "message": "Generating resume sections with AI..."}
{"timestamp": "2025-12-11T03:55:37.397Z", "level": "DEBUG", "service": "resume-worker", "message": "Starting new HTTP connection (1): ai-service:8000"}
{"timestamp": "2025-12-11T03:55:37.414Z", "level": "DEBUG", "service": "resume-worker", "message": "http://ai-service:8000 \"POST /api/chat/completions HTTP/1.1\" 404 22"}
{"timestamp": "2025-12-11T03:55:37.415Z", "level": "ERROR", "service": "resume-worker", "message": "Error generating profile section: 404 Client Error: Not Found for url: http://ai-service:8000/api/chat/completions"}
{"timestamp": "2025-12-11T03:55:37.420Z", "level": "DEBUG", "service": "resume-worker", "message": "Starting new HTTP connection (1): ai-service:8000"}
{"timestamp": "2025-12-11T03:55:37.426Z", "level": "DEBUG", "service": "resume-worker", "message": "http://ai-service:8000 \"POST /api/chat/completions HTTP/1.1\" 404 22"}
{"timestamp": "2025-12-11T03:55:37.428Z", "level": "ERROR", "service": "resume-worker", "message": "Error generating about section: 404 Client Error: Not Found for url: http://ai-service:8000/api/chat/completions"}
{"timestamp": "2025-12-11T03:55:37.431Z", "level": "DEBUG", "service": "resume-worker", "message": "Starting new HTTP connection (1): ai-service:8000"}
{"timestamp": "2025-12-11T03:55:37.434Z", "level": "DEBUG", "service": "resume-worker", "message": "http://ai-service:8000 \"POST /api/chat/completions HTTP/1.1\" 404 22"}
{"timestamp": "2025-12-11T03:55:37.436Z", "level": "ERROR", "service": "resume-worker", "message": "Error generating experience section: 404 Client Error: Not Found for url: http://ai-service:8000/api/chat/completions"}
{"timestamp": "2025-12-11T03:55:37.439Z", "level": "DEBUG", "service": "resume-worker", "message": "Starting new HTTP connection (1): ai-service:8000"}
{"timestamp": "2025-12-11T03:55:37.442Z", "level": "DEBUG", "service": "resume-worker", "message": "http://ai-service:8000 \"POST /api/chat/completions HTTP/1.1\" 404 22"}
{"timestamp": "2025-12-11T03:55:37.444Z", "level": "ERROR", "service": "resume-worker", "message": "Error generating skills section: 404 Client Error: Not Found for url: http://ai-service:8000/api/chat/completions"}
{"timestamp": "2025-12-11T03:55:37.446Z", "level": "DEBUG", "service": "resume-worker", "message": "Starting new HTTP connection (1): ai-service:8000"}
{"timestamp": "2025-12-11T03:55:37.449Z", "level": "DEBUG", "service": "resume-worker", "message": "http://ai-service:8000 \"POST /api/chat/completions HTTP/1.1\" 404 22"}
{"timestamp": "2025-12-11T03:55:37.450Z", "level": "ERROR", "service": "resume-worker", "message": "Error generating hard_skills section: 404 Client Error: Not Found for url: http://ai-service:8000/api/chat/completions"}
{"timestamp": "2025-12-11T03:55:37.451Z", "level": "INFO", "service": "resume-worker", "message": "Hard skills generated: 0 characters"}
{"timestamp": "2025-12-11T03:55:37.452Z", "level": "INFO", "service": "resume-worker", "message": "Generating tags..."}
{"timestamp": "2025-12-11T03:55:37.453Z", "level": "DEBUG", "service": "resume-worker", "message": "Starting new HTTP connection (1): ai-service:8000"}
{"timestamp": "2025-12-11T03:55:37.457Z", "level": "DEBUG", "service": "resume-worker", "message": "http://ai-service:8000 \"POST /api/chat/completions HTTP/1.1\" 404 22"}
{"timestamp": "2025-12-11T03:55:37.459Z", "level": "ERROR", "service": "resume-worker", "message": "Error generating tags: 404 Client Error: Not Found for url: http://ai-service:8000/api/chat/completions"}
{"timestamp": "2025-12-11T03:55:37.462Z", "level": "INFO", "service": "resume-worker", "message": "Generated 1 tags: golang"}
{"timestamp": "2025-12-11T03:55:37.463Z", "level": "WARNING", "service": "resume-worker", "message": "Profile generation returned empty, using fallback"}
{"timestamp": "2025-12-11T03:55:37.464Z", "level": "WARNING", "service": "resume-worker", "message": "Hard skills generation returned empty, using fallback hard skills template"}
{"timestamp": "2025-12-11T03:55:37.524Z", "level": "WARNING", "service": "resume-worker", "message": "Ignored `filter: grayscale(0.7)` at 397:5, unknown property."}
{"timestamp": "2025-12-11T03:55:38.033Z", "level": "WARNING", "service": "resume-worker", "message": "PDF generation with base_url failed: 'super' object has no attribute 'transform', trying without base_url"}
{"timestamp": "2025-12-11T03:55:38.060Z", "level": "WARNING", "service": "resume-worker", "message": "Ignored `filter: grayscale(0.7)` at 397:5, unknown property."}
{"timestamp": "2025-12-11T03:55:38.602Z", "level": "ERROR", "service": "resume-worker", "message": "Resume generation failed", "context": {"job_id": "910ec7ba-cc71-405c-a7ec-ec3f058fb39a", "user_id": "6ad0d828-f605-45fc-a545-3441e17a015c", "error": "'super' object has no attribute 'transform'", "error_type": "transient", "retry_count": 0, "duration_ms": 1317}, "exception": "Traceback (most recent call last):\n  File \"/app/src/resume_generator.py\", line 376, in generate_resume\n    HTML(string=html_content, base_url=self.template_dir).write_pdf(\n  File \"/usr/local/lib/python3.11/site-packages/weasyprint/__init__.py\", line 259, in write_pdf\n    self.render(font_config, counter_style, **options)\n  File \"/usr/local/lib/python3.11/site-packages/weasyprint/document.py\", line 400, in write_pdf\n    pdf = generate_pdf(self, target, zoom, **options)\n          ^^^^^^^^^^^^^^^^^^^^^^^^^^^^^^^^^^^^^^^^^^^\n  File \"/usr/local/lib/python3.11/site-packages/weasyprint/pdf/__init__.py\", line 166, in generate_pdf\n    stream.transform(d=-1, f=(page.height * scale))\n  File \"/usr/local/lib/python3.11/site-packages/weasyprint/pdf/stream.py\", line 246, in transform\n    super().transform(a, b, c, d, e, f)\n    ^^^^^^^^^^^^^^^^^\nAttributeError: 'super' object has no attribute 'transform'\n\nDuring handling of the above exception, another exception occurred:\n\nTraceback (most recent call last):\n  File \"/app/src/worker.py\", line 269, in process_job\n    result = self.generator.generate_resume(\n             ^^^^^^^^^^^^^^^^^^^^^^^^^^^^^^^\n  File \"/app/src/resume_generator.py\", line 383, in generate_resume\n    HTML(string=html_content).write_pdf(\n  File \"/usr/local/lib/python3.11/site-packages/weasyprint/__init__.py\", line 259, in write_pdf\n    self.render(font_config, counter_style, **options)\n  File \"/usr/local/lib/python3.11/site-packages/weasyprint/document.py\", line 400, in write_pdf\n    pdf = generate_pdf(self, target, zoom, **options)\n          ^^^^^^^^^^^^^^^^^^^^^^^^^^^^^^^^^^^^^^^^^^^\n  File \"/usr/local/lib/python3.11/site-packages/weasyprint/pdf/__init__.py\", line 166, in generate_pdf\n    stream.transform(d=-1, f=(page.height * scale))\n  File \"/usr/local/lib/python3.11/site-packages/weasyprint/pdf/stream.py\", line 246, in transform\n    super().transform(a, b, c, d, e, f)\n    ^^^^^^^^^^^^^^^^^\nAttributeError: 'super' object has no attribute 'transform'"}
{"timestamp": "2025-12-11T03:55:38.615Z", "level": "WARNING", "service": "resume-worker", "message": "Job will retry", "context": {"job_id": "910ec7ba-cc71-405c-a7ec-ec3f058fb39a", "retry_count": 1, "backoff_seconds": 2}}
{"timestamp": "2025-12-11T03:55:38.616Z", "level": "ERROR", "service": "resume-worker", "message": "Error in process loop", "context": {"error": "'float' object has no attribute 'isoformat'", "error_type": "AttributeError"}, "exception": "Traceback (most recent call last):\n  File \"/app/src/resume_generator.py\", line 376, in generate_resume\n    HTML(string=html_content, base_url=self.template_dir).write_pdf(\n  File \"/usr/local/lib/python3.11/site-packages/weasyprint/__init__.py\", line 259, in write_pdf\n    self.render(font_config, counter_style, **options)\n  File \"/usr/local/lib/python3.11/site-packages/weasyprint/document.py\", line 400, in write_pdf\n    pdf = generate_pdf(self, target, zoom, **options)\n          ^^^^^^^^^^^^^^^^^^^^^^^^^^^^^^^^^^^^^^^^^^^\n  File \"/usr/local/lib/python3.11/site-packages/weasyprint/pdf/__init__.py\", line 166, in generate_pdf\n    stream.transform(d=-1, f=(page.height * scale))\n  File \"/usr/local/lib/python3.11/site-packages/weasyprint/pdf/stream.py\", line 246, in transform\n    super().transform(a, b, c, d, e, f)\n    ^^^^^^^^^^^^^^^^^\nAttributeError: 'super' object has no attribute 'transform'\n\nDuring handling of the above exception, another exception occurred:\n\nTraceback (most recent call last):\n  File \"/app/src/worker.py\", line 269, in process_job\n    result = self.generator.generate_resume(\n             ^^^^^^^^^^^^^^^^^^^^^^^^^^^^^^^\n  File \"/app/src/resume_generator.py\", line 383, in generate_resume\n    HTML(string=html_content).write_pdf(\n  File \"/usr/local/lib/python3.11/site-packages/weasyprint/__init__.py\", line 259, in write_pdf\n    self.render(font_config, counter_style, **options)\n  File \"/usr/local/lib/python3.11/site-packages/weasyprint/document.py\", line 400, in write_pdf\n    pdf = generate_pdf(self, target, zoom, **options)\n          ^^^^^^^^^^^^^^^^^^^^^^^^^^^^^^^^^^^^^^^^^^^\n  File \"/usr/local/lib/python3.11/site-packages/weasyprint/pdf/__init__.py\", line 166, in generate_pdf\n    stream.transform(d=-1, f=(page.height * scale))\n  File \"/usr/local/lib/python3.11/site-packages/weasyprint/pdf/stream.py\", line 246, in transform\n    super().transform(a, b, c, d, e, f)\n    ^^^^^^^^^^^^^^^^^\nAttributeError: 'super' object has no attribute 'transform'\n\nDuring handling of the above exception, another exception occurred:\n\nTraceback (most recent call last):\n  File \"/app/src/worker.py\", line 236, in process_loop\n    self.process_job(job)\n  File \"/app/src/worker.py\", line 346, in process_job\n    ).isoformat()\n      ^^^^^^^^^\nAttributeError: 'float' object has no attribute 'isoformat'"}
{"timestamp": "2025-12-11T03:55:50.421Z", "level": "INFO", "service": "resume-worker", "message": "Processing resume generation job", "context": {"job_id": "505453f8-ff6a-48f1-bbc8-0f5753aaae11", "user_id": "6ad0d828-f605-45fc-a545-3441e17a015c", "job_application_id": "23039927-0434-430c-bcf6-42502251a23b"}}
{"timestamp": "2025-12-11T03:55:50.432Z", "level": "INFO", "service": "resume-worker", "message": "Generating resume for user 6ad0d828-f605-45fc-a545-3441e17a015c, job: Desenvolvedor Backend - Python"}
{"timestamp": "2025-12-11T03:55:50.434Z", "level": "INFO", "service": "resume-worker", "message": "Extracted keywords: {'tech_categories': ['backend', 'language'], 'cert_categories': ['programming'], 'skill_names': ['Python']}"}
{"timestamp": "2025-12-11T03:55:50.441Z", "level": "INFO", "service": "resume-worker", "message": "Found 13 relevant projects"}
{"timestamp": "2025-12-11T03:55:50.457Z", "level": "INFO", "service": "resume-worker", "message": "Found 1 relevant certifications"}
{"timestamp": "2025-12-11T03:55:50.463Z", "level": "INFO", "service": "resume-worker", "message": "Found 4 publications"}
{"timestamp": "2025-12-11T03:55:50.468Z", "level": "INFO", "service": "resume-worker", "message": "Generating resume sections with AI..."}
{"timestamp": "2025-12-11T03:55:50.472Z", "level": "DEBUG", "service": "resume-worker", "message": "Starting new HTTP connection (1): ai-service:8000"}
{"timestamp": "2025-12-11T03:55:50.482Z", "level": "DEBUG", "service": "resume-worker", "message": "http://ai-service:8000 \"POST /api/chat/completions HTTP/1.1\" 404 22"}
{"timestamp": "2025-12-11T03:55:50.483Z", "level": "ERROR", "service": "resume-worker", "message": "Error generating profile section: 404 Client Error: Not Found for url: http://ai-service:8000/api/chat/completions"}
{"timestamp": "2025-12-11T03:55:50.486Z", "level": "DEBUG", "service": "resume-worker", "message": "Starting new HTTP connection (1): ai-service:8000"}
{"timestamp": "2025-12-11T03:55:50.491Z", "level": "DEBUG", "service": "resume-worker", "message": "http://ai-service:8000 \"POST /api/chat/completions HTTP/1.1\" 404 22"}
{"timestamp": "2025-12-11T03:55:50.492Z", "level": "ERROR", "service": "resume-worker", "message": "Error generating about section: 404 Client Error: Not Found for url: http://ai-service:8000/api/chat/completions"}
{"timestamp": "2025-12-11T03:55:50.494Z", "level": "DEBUG", "service": "resume-worker", "message": "Starting new HTTP connection (1): ai-service:8000"}
{"timestamp": "2025-12-11T03:55:50.498Z", "level": "DEBUG", "service": "resume-worker", "message": "http://ai-service:8000 \"POST /api/chat/completions HTTP/1.1\" 404 22"}
{"timestamp": "2025-12-11T03:55:50.499Z", "level": "ERROR", "service": "resume-worker", "message": "Error generating experience section: 404 Client Error: Not Found for url: http://ai-service:8000/api/chat/completions"}
{"timestamp": "2025-12-11T03:55:50.504Z", "level": "DEBUG", "service": "resume-worker", "message": "Starting new HTTP connection (1): ai-service:8000"}
{"timestamp": "2025-12-11T03:55:50.510Z", "level": "DEBUG", "service": "resume-worker", "message": "http://ai-service:8000 \"POST /api/chat/completions HTTP/1.1\" 404 22"}
{"timestamp": "2025-12-11T03:55:50.515Z", "level": "ERROR", "service": "resume-worker", "message": "Error generating skills section: 404 Client Error: Not Found for url: http://ai-service:8000/api/chat/completions"}
{"timestamp": "2025-12-11T03:55:50.523Z", "level": "DEBUG", "service": "resume-worker", "message": "Starting new HTTP connection (1): ai-service:8000"}
{"timestamp": "2025-12-11T03:55:50.527Z", "level": "DEBUG", "service": "resume-worker", "message": "http://ai-service:8000 \"POST /api/chat/completions HTTP/1.1\" 404 22"}
{"timestamp": "2025-12-11T03:55:50.534Z", "level": "ERROR", "service": "resume-worker", "message": "Error generating hard_skills section: 404 Client Error: Not Found for url: http://ai-service:8000/api/chat/completions"}
{"timestamp": "2025-12-11T03:55:50.540Z", "level": "INFO", "service": "resume-worker", "message": "Hard skills generated: 0 characters"}
{"timestamp": "2025-12-11T03:55:50.546Z", "level": "INFO", "service": "resume-worker", "message": "Generating tags..."}
{"timestamp": "2025-12-11T03:55:50.549Z", "level": "DEBUG", "service": "resume-worker", "message": "Starting new HTTP connection (1): ai-service:8000"}
{"timestamp": "2025-12-11T03:55:50.554Z", "level": "DEBUG", "service": "resume-worker", "message": "http://ai-service:8000 \"POST /api/chat/completions HTTP/1.1\" 404 22"}
{"timestamp": "2025-12-11T03:55:50.555Z", "level": "ERROR", "service": "resume-worker", "message": "Error generating tags: 404 Client Error: Not Found for url: http://ai-service:8000/api/chat/completions"}
{"timestamp": "2025-12-11T03:55:50.557Z", "level": "INFO", "service": "resume-worker", "message": "Generated 1 tags: golang"}
{"timestamp": "2025-12-11T03:55:50.557Z", "level": "WARNING", "service": "resume-worker", "message": "Profile generation returned empty, using fallback"}
{"timestamp": "2025-12-11T03:55:50.558Z", "level": "WARNING", "service": "resume-worker", "message": "Hard skills generation returned empty, using fallback hard skills template"}
{"timestamp": "2025-12-11T03:55:50.588Z", "level": "WARNING", "service": "resume-worker", "message": "Ignored `filter: grayscale(0.7)` at 397:5, unknown property."}
{"timestamp": "2025-12-11T03:55:51.107Z", "level": "WARNING", "service": "resume-worker", "message": "PDF generation with base_url failed: 'super' object has no attribute 'transform', trying without base_url"}
{"timestamp": "2025-12-11T03:55:51.142Z", "level": "WARNING", "service": "resume-worker", "message": "Ignored `filter: grayscale(0.7)` at 397:5, unknown property."}
{"timestamp": "2025-12-11T03:55:51.674Z", "level": "ERROR", "service": "resume-worker", "message": "Resume generation failed", "context": {"job_id": "505453f8-ff6a-48f1-bbc8-0f5753aaae11", "user_id": "6ad0d828-f605-45fc-a545-3441e17a015c", "error": "'super' object has no attribute 'transform'", "error_type": "transient", "retry_count": 0, "duration_ms": 1242}, "exception": "Traceback (most recent call last):\n  File \"/app/src/resume_generator.py\", line 376, in generate_resume\n    HTML(string=html_content, base_url=self.template_dir).write_pdf(\n  File \"/usr/local/lib/python3.11/site-packages/weasyprint/__init__.py\", line 259, in write_pdf\n    self.render(font_config, counter_style, **options)\n  File \"/usr/local/lib/python3.11/site-packages/weasyprint/document.py\", line 400, in write_pdf\n    pdf = generate_pdf(self, target, zoom, **options)\n          ^^^^^^^^^^^^^^^^^^^^^^^^^^^^^^^^^^^^^^^^^^^\n  File \"/usr/local/lib/python3.11/site-packages/weasyprint/pdf/__init__.py\", line 166, in generate_pdf\n    stream.transform(d=-1, f=(page.height * scale))\n  File \"/usr/local/lib/python3.11/site-packages/weasyprint/pdf/stream.py\", line 246, in transform\n    super().transform(a, b, c, d, e, f)\n    ^^^^^^^^^^^^^^^^^\nAttributeError: 'super' object has no attribute 'transform'\n\nDuring handling of the above exception, another exception occurred:\n\nTraceback (most recent call last):\n  File \"/app/src/worker.py\", line 269, in process_job\n    result = self.generator.generate_resume(\n             ^^^^^^^^^^^^^^^^^^^^^^^^^^^^^^^\n  File \"/app/src/resume_generator.py\", line 383, in generate_resume\n    HTML(string=html_content).write_pdf(\n  File \"/usr/local/lib/python3.11/site-packages/weasyprint/__init__.py\", line 259, in write_pdf\n    self.render(font_config, counter_style, **options)\n  File \"/usr/local/lib/python3.11/site-packages/weasyprint/document.py\", line 400, in write_pdf\n    pdf = generate_pdf(self, target, zoom, **options)\n          ^^^^^^^^^^^^^^^^^^^^^^^^^^^^^^^^^^^^^^^^^^^\n  File \"/usr/local/lib/python3.11/site-packages/weasyprint/pdf/__init__.py\", line 166, in generate_pdf\n    stream.transform(d=-1, f=(page.height * scale))\n  File \"/usr/local/lib/python3.11/site-packages/weasyprint/pdf/stream.py\", line 246, in transform\n    super().transform(a, b, c, d, e, f)\n    ^^^^^^^^^^^^^^^^^\nAttributeError: 'super' object has no attribute 'transform'"}
{"timestamp": "2025-12-11T03:55:51.683Z", "level": "WARNING", "service": "resume-worker", "message": "Job will retry", "context": {"job_id": "505453f8-ff6a-48f1-bbc8-0f5753aaae11", "retry_count": 1, "backoff_seconds": 2}}
{"timestamp": "2025-12-11T03:55:51.684Z", "level": "ERROR", "service": "resume-worker", "message": "Error in process loop", "context": {"error": "'float' object has no attribute 'isoformat'", "error_type": "AttributeError"}, "exception": "Traceback (most recent call last):\n  File \"/app/src/resume_generator.py\", line 376, in generate_resume\n    HTML(string=html_content, base_url=self.template_dir).write_pdf(\n  File \"/usr/local/lib/python3.11/site-packages/weasyprint/__init__.py\", line 259, in write_pdf\n    self.render(font_config, counter_style, **options)\n  File \"/usr/local/lib/python3.11/site-packages/weasyprint/document.py\", line 400, in write_pdf\n    pdf = generate_pdf(self, target, zoom, **options)\n          ^^^^^^^^^^^^^^^^^^^^^^^^^^^^^^^^^^^^^^^^^^^\n  File \"/usr/local/lib/python3.11/site-packages/weasyprint/pdf/__init__.py\", line 166, in generate_pdf\n    stream.transform(d=-1, f=(page.height * scale))\n  File \"/usr/local/lib/python3.11/site-packages/weasyprint/pdf/stream.py\", line 246, in transform\n    super().transform(a, b, c, d, e, f)\n    ^^^^^^^^^^^^^^^^^\nAttributeError: 'super' object has no attribute 'transform'\n\nDuring handling of the above exception, another exception occurred:\n\nTraceback (most recent call last):\n  File \"/app/src/worker.py\", line 269, in process_job\n    result = self.generator.generate_resume(\n             ^^^^^^^^^^^^^^^^^^^^^^^^^^^^^^^\n  File \"/app/src/resume_generator.py\", line 383, in generate_resume\n    HTML(string=html_content).write_pdf(\n  File \"/usr/local/lib/python3.11/site-packages/weasyprint/__init__.py\", line 259, in write_pdf\n    self.render(font_config, counter_style, **options)\n  File \"/usr/local/lib/python3.11/site-packages/weasyprint/document.py\", line 400, in write_pdf\n    pdf = generate_pdf(self, target, zoom, **options)\n          ^^^^^^^^^^^^^^^^^^^^^^^^^^^^^^^^^^^^^^^^^^^\n  File \"/usr/local/lib/python3.11/site-packages/weasyprint/pdf/__init__.py\", line 166, in generate_pdf\n    stream.transform(d=-1, f=(page.height * scale))\n  File \"/usr/local/lib/python3.11/site-packages/weasyprint/pdf/stream.py\", line 246, in transform\n    super().transform(a, b, c, d, e, f)\n    ^^^^^^^^^^^^^^^^^\nAttributeError: 'super' object has no attribute 'transform'\n\nDuring handling of the above exception, another exception occurred:\n\nTraceback (most recent call last):\n  File \"/app/src/worker.py\", line 236, in process_loop\n    self.process_job(job)\n  File \"/app/src/worker.py\", line 346, in process_job\n    ).isoformat()\n      ^^^^^^^^^\nAttributeError: 'float' object has no attribute 'isoformat'"}
{"timestamp": "2025-12-11T03:56:04.646Z", "level": "INFO", "service": "resume-worker", "message": "Processing resume generation job", "context": {"job_id": "2062bf92-3fed-45fd-9452-1f5328de5464", "user_id": "6ad0d828-f605-45fc-a545-3441e17a015c", "job_application_id": "23039927-0434-430c-bcf6-42502251a23b"}}
{"timestamp": "2025-12-11T03:56:04.651Z", "level": "INFO", "service": "resume-worker", "message": "Generating resume for user 6ad0d828-f605-45fc-a545-3441e17a015c, job: Desenvolvedor Backend - Python"}
{"timestamp": "2025-12-11T03:56:04.656Z", "level": "INFO", "service": "resume-worker", "message": "Extracted keywords: {'tech_categories': ['backend', 'language'], 'cert_categories': ['programming'], 'skill_names': ['Python']}"}
{"timestamp": "2025-12-11T03:56:04.661Z", "level": "INFO", "service": "resume-worker", "message": "Found 13 relevant projects"}
{"timestamp": "2025-12-11T03:56:04.676Z", "level": "INFO", "service": "resume-worker", "message": "Found 1 relevant certifications"}
{"timestamp": "2025-12-11T03:56:04.684Z", "level": "INFO", "service": "resume-worker", "message": "Found 4 publications"}
{"timestamp": "2025-12-11T03:56:04.694Z", "level": "INFO", "service": "resume-worker", "message": "Generating resume sections with AI..."}
{"timestamp": "2025-12-11T03:56:04.706Z", "level": "DEBUG", "service": "resume-worker", "message": "Starting new HTTP connection (1): ai-service:8000"}
{"timestamp": "2025-12-11T03:56:04.721Z", "level": "DEBUG", "service": "resume-worker", "message": "http://ai-service:8000 \"POST /api/chat/completions HTTP/1.1\" 404 22"}
{"timestamp": "2025-12-11T03:56:04.730Z", "level": "ERROR", "service": "resume-worker", "message": "Error generating profile section: 404 Client Error: Not Found for url: http://ai-service:8000/api/chat/completions"}
{"timestamp": "2025-12-11T03:56:04.750Z", "level": "DEBUG", "service": "resume-worker", "message": "Starting new HTTP connection (1): ai-service:8000"}
{"timestamp": "2025-12-11T03:56:04.771Z", "level": "DEBUG", "service": "resume-worker", "message": "http://ai-service:8000 \"POST /api/chat/completions HTTP/1.1\" 404 22"}
{"timestamp": "2025-12-11T03:56:04.774Z", "level": "ERROR", "service": "resume-worker", "message": "Error generating about section: 404 Client Error: Not Found for url: http://ai-service:8000/api/chat/completions"}
{"timestamp": "2025-12-11T03:56:04.778Z", "level": "DEBUG", "service": "resume-worker", "message": "Starting new HTTP connection (1): ai-service:8000"}
{"timestamp": "2025-12-11T03:56:04.790Z", "level": "DEBUG", "service": "resume-worker", "message": "http://ai-service:8000 \"POST /api/chat/completions HTTP/1.1\" 404 22"}
{"timestamp": "2025-12-11T03:56:04.793Z", "level": "ERROR", "service": "resume-worker", "message": "Error generating experience section: 404 Client Error: Not Found for url: http://ai-service:8000/api/chat/completions"}
{"timestamp": "2025-12-11T03:56:04.801Z", "level": "DEBUG", "service": "resume-worker", "message": "Starting new HTTP connection (1): ai-service:8000"}
{"timestamp": "2025-12-11T03:56:04.813Z", "level": "DEBUG", "service": "resume-worker", "message": "http://ai-service:8000 \"POST /api/chat/completions HTTP/1.1\" 404 22"}
{"timestamp": "2025-12-11T03:56:04.814Z", "level": "ERROR", "service": "resume-worker", "message": "Error generating skills section: 404 Client Error: Not Found for url: http://ai-service:8000/api/chat/completions"}
{"timestamp": "2025-12-11T03:56:04.821Z", "level": "DEBUG", "service": "resume-worker", "message": "Starting new HTTP connection (1): ai-service:8000"}
{"timestamp": "2025-12-11T03:56:04.829Z", "level": "DEBUG", "service": "resume-worker", "message": "http://ai-service:8000 \"POST /api/chat/completions HTTP/1.1\" 404 22"}
{"timestamp": "2025-12-11T03:56:04.831Z", "level": "ERROR", "service": "resume-worker", "message": "Error generating hard_skills section: 404 Client Error: Not Found for url: http://ai-service:8000/api/chat/completions"}
{"timestamp": "2025-12-11T03:56:04.832Z", "level": "INFO", "service": "resume-worker", "message": "Hard skills generated: 0 characters"}
{"timestamp": "2025-12-11T03:56:04.833Z", "level": "INFO", "service": "resume-worker", "message": "Generating tags..."}
{"timestamp": "2025-12-11T03:56:04.836Z", "level": "DEBUG", "service": "resume-worker", "message": "Starting new HTTP connection (1): ai-service:8000"}
{"timestamp": "2025-12-11T03:56:04.840Z", "level": "DEBUG", "service": "resume-worker", "message": "http://ai-service:8000 \"POST /api/chat/completions HTTP/1.1\" 404 22"}
{"timestamp": "2025-12-11T03:56:04.841Z", "level": "ERROR", "service": "resume-worker", "message": "Error generating tags: 404 Client Error: Not Found for url: http://ai-service:8000/api/chat/completions"}
{"timestamp": "2025-12-11T03:56:04.843Z", "level": "INFO", "service": "resume-worker", "message": "Generated 1 tags: golang"}
{"timestamp": "2025-12-11T03:56:04.844Z", "level": "WARNING", "service": "resume-worker", "message": "Profile generation returned empty, using fallback"}
{"timestamp": "2025-12-11T03:56:04.845Z", "level": "WARNING", "service": "resume-worker", "message": "Hard skills generation returned empty, using fallback hard skills template"}
{"timestamp": "2025-12-11T03:56:04.873Z", "level": "WARNING", "service": "resume-worker", "message": "Ignored `filter: grayscale(0.7)` at 397:5, unknown property."}
{"timestamp": "2025-12-11T03:56:05.566Z", "level": "WARNING", "service": "resume-worker", "message": "PDF generation with base_url failed: 'super' object has no attribute 'transform', trying without base_url"}
{"timestamp": "2025-12-11T03:56:05.587Z", "level": "WARNING", "service": "resume-worker", "message": "Ignored `filter: grayscale(0.7)` at 397:5, unknown property."}
{"timestamp": "2025-12-11T03:56:06.054Z", "level": "ERROR", "service": "resume-worker", "message": "Resume generation failed", "context": {"job_id": "2062bf92-3fed-45fd-9452-1f5328de5464", "user_id": "6ad0d828-f605-45fc-a545-3441e17a015c", "error": "'super' object has no attribute 'transform'", "error_type": "transient", "retry_count": 0, "duration_ms": 1402}, "exception": "Traceback (most recent call last):\n  File \"/app/src/resume_generator.py\", line 376, in generate_resume\n    HTML(string=html_content, base_url=self.template_dir).write_pdf(\n  File \"/usr/local/lib/python3.11/site-packages/weasyprint/__init__.py\", line 259, in write_pdf\n    self.render(font_config, counter_style, **options)\n  File \"/usr/local/lib/python3.11/site-packages/weasyprint/document.py\", line 400, in write_pdf\n    pdf = generate_pdf(self, target, zoom, **options)\n          ^^^^^^^^^^^^^^^^^^^^^^^^^^^^^^^^^^^^^^^^^^^\n  File \"/usr/local/lib/python3.11/site-packages/weasyprint/pdf/__init__.py\", line 166, in generate_pdf\n    stream.transform(d=-1, f=(page.height * scale))\n  File \"/usr/local/lib/python3.11/site-packages/weasyprint/pdf/stream.py\", line 246, in transform\n    super().transform(a, b, c, d, e, f)\n    ^^^^^^^^^^^^^^^^^\nAttributeError: 'super' object has no attribute 'transform'\n\nDuring handling of the above exception, another exception occurred:\n\nTraceback (most recent call last):\n  File \"/app/src/worker.py\", line 269, in process_job\n    result = self.generator.generate_resume(\n             ^^^^^^^^^^^^^^^^^^^^^^^^^^^^^^^\n  File \"/app/src/resume_generator.py\", line 383, in generate_resume\n    HTML(string=html_content).write_pdf(\n  File \"/usr/local/lib/python3.11/site-packages/weasyprint/__init__.py\", line 259, in write_pdf\n    self.render(font_config, counter_style, **options)\n  File \"/usr/local/lib/python3.11/site-packages/weasyprint/document.py\", line 400, in write_pdf\n    pdf = generate_pdf(self, target, zoom, **options)\n          ^^^^^^^^^^^^^^^^^^^^^^^^^^^^^^^^^^^^^^^^^^^\n  File \"/usr/local/lib/python3.11/site-packages/weasyprint/pdf/__init__.py\", line 166, in generate_pdf\n    stream.transform(d=-1, f=(page.height * scale))\n  File \"/usr/local/lib/python3.11/site-packages/weasyprint/pdf/stream.py\", line 246, in transform\n    super().transform(a, b, c, d, e, f)\n    ^^^^^^^^^^^^^^^^^\nAttributeError: 'super' object has no attribute 'transform'"}
{"timestamp": "2025-12-11T03:56:06.062Z", "level": "WARNING", "service": "resume-worker", "message": "Job will retry", "context": {"job_id": "2062bf92-3fed-45fd-9452-1f5328de5464", "retry_count": 1, "backoff_seconds": 2}}
{"timestamp": "2025-12-11T03:56:06.064Z", "level": "ERROR", "service": "resume-worker", "message": "Error in process loop", "context": {"error": "'float' object has no attribute 'isoformat'", "error_type": "AttributeError"}, "exception": "Traceback (most recent call last):\n  File \"/app/src/resume_generator.py\", line 376, in generate_resume\n    HTML(string=html_content, base_url=self.template_dir).write_pdf(\n  File \"/usr/local/lib/python3.11/site-packages/weasyprint/__init__.py\", line 259, in write_pdf\n    self.render(font_config, counter_style, **options)\n  File \"/usr/local/lib/python3.11/site-packages/weasyprint/document.py\", line 400, in write_pdf\n    pdf = generate_pdf(self, target, zoom, **options)\n          ^^^^^^^^^^^^^^^^^^^^^^^^^^^^^^^^^^^^^^^^^^^\n  File \"/usr/local/lib/python3.11/site-packages/weasyprint/pdf/__init__.py\", line 166, in generate_pdf\n    stream.transform(d=-1, f=(page.height * scale))\n  File \"/usr/local/lib/python3.11/site-packages/weasyprint/pdf/stream.py\", line 246, in transform\n    super().transform(a, b, c, d, e, f)\n    ^^^^^^^^^^^^^^^^^\nAttributeError: 'super' object has no attribute 'transform'\n\nDuring handling of the above exception, another exception occurred:\n\nTraceback (most recent call last):\n  File \"/app/src/worker.py\", line 269, in process_job\n    result = self.generator.generate_resume(\n             ^^^^^^^^^^^^^^^^^^^^^^^^^^^^^^^\n  File \"/app/src/resume_generator.py\", line 383, in generate_resume\n    HTML(string=html_content).write_pdf(\n  File \"/usr/local/lib/python3.11/site-packages/weasyprint/__init__.py\", line 259, in write_pdf\n    self.render(font_config, counter_style, **options)\n  File \"/usr/local/lib/python3.11/site-packages/weasyprint/document.py\", line 400, in write_pdf\n    pdf = generate_pdf(self, target, zoom, **options)\n          ^^^^^^^^^^^^^^^^^^^^^^^^^^^^^^^^^^^^^^^^^^^\n  File \"/usr/local/lib/python3.11/site-packages/weasyprint/pdf/__init__.py\", line 166, in generate_pdf\n    stream.transform(d=-1, f=(page.height * scale))\n  File \"/usr/local/lib/python3.11/site-packages/weasyprint/pdf/stream.py\", line 246, in transform\n    super().transform(a, b, c, d, e, f)\n    ^^^^^^^^^^^^^^^^^\nAttributeError: 'super' object has no attribute 'transform'\n\nDuring handling of the above exception, another exception occurred:\n\nTraceback (most recent call last):\n  File \"/app/src/worker.py\", line 236, in process_loop\n    self.process_job(job)\n  File \"/app/src/worker.py\", line 346, in process_job\n    ).isoformat()\n      ^^^^^^^^^\nAttributeError: 'float' object has no attribute 'isoformat'"}
{"timestamp": "2025-12-11T03:56:09.074Z", "level": "INFO", "service": "resume-worker", "message": "Starting resume generation worker"}
{"timestamp": "2025-12-11T03:56:09.093Z", "level": "INFO", "service": "resume-worker", "message": "Connected to Redis", "context": {"redis_url": "redis://redis:6379/0"}}
{"timestamp": "2025-12-11T03:56:09.103Z", "level": "INFO", "service": "resume-worker", "message": "Database connection established"}
{"timestamp": "2025-12-11T03:56:09.109Z", "level": "INFO", "service": "resume-worker", "message": "Translation helper database connection established"}
{"timestamp": "2025-12-11T03:56:09.111Z", "level": "INFO", "service": "resume-worker", "message": "Resume generation worker started"}
{"timestamp": "2025-12-11T03:56:30.646Z", "level": "INFO", "service": "resume-worker", "message": "Starting resume generation worker"}
{"timestamp": "2025-12-11T03:56:30.650Z", "level": "INFO", "service": "resume-worker", "message": "Connected to Redis", "context": {"redis_url": "redis://redis:6379/0"}}
{"timestamp": "2025-12-11T03:56:30.659Z", "level": "INFO", "service": "resume-worker", "message": "Database connection established"}
{"timestamp": "2025-12-11T03:56:30.666Z", "level": "INFO", "service": "resume-worker", "message": "Translation helper database connection established"}
{"timestamp": "2025-12-11T03:56:30.668Z", "level": "INFO", "service": "resume-worker", "message": "Resume generation worker started"}
{"timestamp": "2025-12-11T03:56:42.469Z", "level": "INFO", "service": "resume-worker", "message": "Processing resume generation job", "context": {"job_id": "0645a144-c813-4589-9343-cdd588630143", "user_id": "6ad0d828-f605-45fc-a545-3441e17a015c", "job_application_id": "23039927-0434-430c-bcf6-42502251a23b"}}
{"timestamp": "2025-12-11T03:56:42.471Z", "level": "INFO", "service": "resume-worker", "message": "Generating resume for user 6ad0d828-f605-45fc-a545-3441e17a015c, job: Desenvolvedor Backend - Python"}
{"timestamp": "2025-12-11T03:56:42.477Z", "level": "INFO", "service": "resume-worker", "message": "Extracted keywords: {'tech_categories': ['backend', 'language'], 'cert_categories': ['programming'], 'skill_names': ['Python']}"}
{"timestamp": "2025-12-11T03:56:42.492Z", "level": "INFO", "service": "resume-worker", "message": "Found 13 relevant projects"}
{"timestamp": "2025-12-11T03:56:42.512Z", "level": "INFO", "service": "resume-worker", "message": "Found 1 relevant certifications"}
{"timestamp": "2025-12-11T03:56:42.517Z", "level": "INFO", "service": "resume-worker", "message": "Found 4 publications"}
{"timestamp": "2025-12-11T03:56:42.523Z", "level": "INFO", "service": "resume-worker", "message": "Generating resume sections with AI..."}
{"timestamp": "2025-12-11T03:56:42.528Z", "level": "DEBUG", "service": "resume-worker", "message": "Starting new HTTP connection (1): ai-service:8000"}
{"timestamp": "2025-12-11T03:56:42.531Z", "level": "DEBUG", "service": "resume-worker", "message": "http://ai-service:8000 \"POST /api/chat/completions HTTP/1.1\" 404 22"}
{"timestamp": "2025-12-11T03:56:42.532Z", "level": "ERROR", "service": "resume-worker", "message": "Error generating profile section: 404 Client Error: Not Found for url: http://ai-service:8000/api/chat/completions"}
{"timestamp": "2025-12-11T03:56:42.535Z", "level": "DEBUG", "service": "resume-worker", "message": "Starting new HTTP connection (1): ai-service:8000"}
{"timestamp": "2025-12-11T03:56:42.538Z", "level": "DEBUG", "service": "resume-worker", "message": "http://ai-service:8000 \"POST /api/chat/completions HTTP/1.1\" 404 22"}
{"timestamp": "2025-12-11T03:56:42.538Z", "level": "ERROR", "service": "resume-worker", "message": "Error generating about section: 404 Client Error: Not Found for url: http://ai-service:8000/api/chat/completions"}
{"timestamp": "2025-12-11T03:56:42.540Z", "level": "DEBUG", "service": "resume-worker", "message": "Starting new HTTP connection (1): ai-service:8000"}
{"timestamp": "2025-12-11T03:56:42.543Z", "level": "DEBUG", "service": "resume-worker", "message": "http://ai-service:8000 \"POST /api/chat/completions HTTP/1.1\" 404 22"}
{"timestamp": "2025-12-11T03:56:42.544Z", "level": "ERROR", "service": "resume-worker", "message": "Error generating experience section: 404 Client Error: Not Found for url: http://ai-service:8000/api/chat/completions"}
{"timestamp": "2025-12-11T03:56:42.546Z", "level": "DEBUG", "service": "resume-worker", "message": "Starting new HTTP connection (1): ai-service:8000"}
{"timestamp": "2025-12-11T03:56:42.549Z", "level": "DEBUG", "service": "resume-worker", "message": "http://ai-service:8000 \"POST /api/chat/completions HTTP/1.1\" 404 22"}
{"timestamp": "2025-12-11T03:56:42.551Z", "level": "ERROR", "service": "resume-worker", "message": "Error generating skills section: 404 Client Error: Not Found for url: http://ai-service:8000/api/chat/completions"}
{"timestamp": "2025-12-11T03:56:42.553Z", "level": "DEBUG", "service": "resume-worker", "message": "Starting new HTTP connection (1): ai-service:8000"}
{"timestamp": "2025-12-11T03:56:42.556Z", "level": "DEBUG", "service": "resume-worker", "message": "http://ai-service:8000 \"POST /api/chat/completions HTTP/1.1\" 404 22"}
{"timestamp": "2025-12-11T03:56:42.557Z", "level": "ERROR", "service": "resume-worker", "message": "Error generating hard_skills section: 404 Client Error: Not Found for url: http://ai-service:8000/api/chat/completions"}
{"timestamp": "2025-12-11T03:56:42.558Z", "level": "INFO", "service": "resume-worker", "message": "Hard skills generated: 0 characters"}
{"timestamp": "2025-12-11T03:56:42.559Z", "level": "INFO", "service": "resume-worker", "message": "Generating tags..."}
{"timestamp": "2025-12-11T03:56:42.560Z", "level": "DEBUG", "service": "resume-worker", "message": "Starting new HTTP connection (1): ai-service:8000"}
{"timestamp": "2025-12-11T03:56:42.563Z", "level": "DEBUG", "service": "resume-worker", "message": "http://ai-service:8000 \"POST /api/chat/completions HTTP/1.1\" 404 22"}
{"timestamp": "2025-12-11T03:56:42.564Z", "level": "ERROR", "service": "resume-worker", "message": "Error generating tags: 404 Client Error: Not Found for url: http://ai-service:8000/api/chat/completions"}
{"timestamp": "2025-12-11T03:56:42.565Z", "level": "INFO", "service": "resume-worker", "message": "Generated 1 tags: golang"}
{"timestamp": "2025-12-11T03:56:42.566Z", "level": "WARNING", "service": "resume-worker", "message": "Profile generation returned empty, using fallback"}
{"timestamp": "2025-12-11T03:56:42.567Z", "level": "WARNING", "service": "resume-worker", "message": "Hard skills generation returned empty, using fallback hard skills template"}
{"timestamp": "2025-12-11T03:56:42.633Z", "level": "WARNING", "service": "resume-worker", "message": "Ignored `filter: grayscale(0.7)` at 397:5, unknown property."}
{"timestamp": "2025-12-11T03:56:43.119Z", "level": "WARNING", "service": "resume-worker", "message": "PDF generation with base_url failed: 'super' object has no attribute 'transform', trying without base_url"}
{"timestamp": "2025-12-11T03:56:43.176Z", "level": "WARNING", "service": "resume-worker", "message": "Ignored `filter: grayscale(0.7)` at 397:5, unknown property."}
{"timestamp": "2025-12-11T03:56:43.671Z", "level": "ERROR", "service": "resume-worker", "message": "Resume generation failed", "context": {"job_id": "0645a144-c813-4589-9343-cdd588630143", "user_id": "6ad0d828-f605-45fc-a545-3441e17a015c", "error": "'super' object has no attribute 'transform'", "error_type": "transient", "retry_count": 0, "duration_ms": 1200}, "exception": "Traceback (most recent call last):\n  File \"/app/src/resume_generator.py\", line 376, in generate_resume\n    HTML(string=html_content, base_url=self.template_dir).write_pdf(\n  File \"/usr/local/lib/python3.11/site-packages/weasyprint/__init__.py\", line 259, in write_pdf\n    self.render(font_config, counter_style, **options)\n  File \"/usr/local/lib/python3.11/site-packages/weasyprint/document.py\", line 400, in write_pdf\n    pdf = generate_pdf(self, target, zoom, **options)\n          ^^^^^^^^^^^^^^^^^^^^^^^^^^^^^^^^^^^^^^^^^^^\n  File \"/usr/local/lib/python3.11/site-packages/weasyprint/pdf/__init__.py\", line 166, in generate_pdf\n    stream.transform(d=-1, f=(page.height * scale))\n  File \"/usr/local/lib/python3.11/site-packages/weasyprint/pdf/stream.py\", line 246, in transform\n    super().transform(a, b, c, d, e, f)\n    ^^^^^^^^^^^^^^^^^\nAttributeError: 'super' object has no attribute 'transform'\n\nDuring handling of the above exception, another exception occurred:\n\nTraceback (most recent call last):\n  File \"/app/src/worker.py\", line 269, in process_job\n    result = self.generator.generate_resume(\n             ^^^^^^^^^^^^^^^^^^^^^^^^^^^^^^^\n  File \"/app/src/resume_generator.py\", line 383, in generate_resume\n    HTML(string=html_content).write_pdf(\n  File \"/usr/local/lib/python3.11/site-packages/weasyprint/__init__.py\", line 259, in write_pdf\n    self.render(font_config, counter_style, **options)\n  File \"/usr/local/lib/python3.11/site-packages/weasyprint/document.py\", line 400, in write_pdf\n    pdf = generate_pdf(self, target, zoom, **options)\n          ^^^^^^^^^^^^^^^^^^^^^^^^^^^^^^^^^^^^^^^^^^^\n  File \"/usr/local/lib/python3.11/site-packages/weasyprint/pdf/__init__.py\", line 166, in generate_pdf\n    stream.transform(d=-1, f=(page.height * scale))\n  File \"/usr/local/lib/python3.11/site-packages/weasyprint/pdf/stream.py\", line 246, in transform\n    super().transform(a, b, c, d, e, f)\n    ^^^^^^^^^^^^^^^^^\nAttributeError: 'super' object has no attribute 'transform'"}
{"timestamp": "2025-12-11T03:56:43.682Z", "level": "WARNING", "service": "resume-worker", "message": "Job will retry", "context": {"job_id": "0645a144-c813-4589-9343-cdd588630143", "retry_count": 1, "backoff_seconds": 2}}
{"timestamp": "2025-12-11T03:56:45.688Z", "level": "WARNING", "service": "resume-worker", "message": "Job will retry", "context": {"job_id": "0645a144-c813-4589-9343-cdd588630143", "retry_count": 1, "backoff_seconds": 2}}
{"timestamp": "2025-12-11T03:56:45.690Z", "level": "INFO", "service": "resume-worker", "message": "Processing resume generation job", "context": {"job_id": "0645a144-c813-4589-9343-cdd588630143", "user_id": "6ad0d828-f605-45fc-a545-3441e17a015c", "job_application_id": "23039927-0434-430c-bcf6-42502251a23b"}}
{"timestamp": "2025-12-11T03:56:45.691Z", "level": "INFO", "service": "resume-worker", "message": "Generating resume for user 6ad0d828-f605-45fc-a545-3441e17a015c, job: Desenvolvedor Backend - Python"}
{"timestamp": "2025-12-11T03:56:45.693Z", "level": "INFO", "service": "resume-worker", "message": "Extracted keywords: {'tech_categories': ['backend', 'language'], 'cert_categories': ['programming'], 'skill_names': ['Python']}"}
{"timestamp": "2025-12-11T03:56:45.696Z", "level": "INFO", "service": "resume-worker", "message": "Found 13 relevant projects"}
{"timestamp": "2025-12-11T03:56:45.704Z", "level": "INFO", "service": "resume-worker", "message": "Found 1 relevant certifications"}
{"timestamp": "2025-12-11T03:56:45.707Z", "level": "INFO", "service": "resume-worker", "message": "Found 4 publications"}
{"timestamp": "2025-12-11T03:56:45.711Z", "level": "INFO", "service": "resume-worker", "message": "Generating resume sections with AI..."}
{"timestamp": "2025-12-11T03:56:45.712Z", "level": "DEBUG", "service": "resume-worker", "message": "Starting new HTTP connection (1): ai-service:8000"}
{"timestamp": "2025-12-11T03:56:45.715Z", "level": "DEBUG", "service": "resume-worker", "message": "http://ai-service:8000 \"POST /api/chat/completions HTTP/1.1\" 404 22"}
{"timestamp": "2025-12-11T03:56:45.716Z", "level": "ERROR", "service": "resume-worker", "message": "Error generating profile section: 404 Client Error: Not Found for url: http://ai-service:8000/api/chat/completions"}
{"timestamp": "2025-12-11T03:56:45.719Z", "level": "DEBUG", "service": "resume-worker", "message": "Starting new HTTP connection (1): ai-service:8000"}
{"timestamp": "2025-12-11T03:56:45.724Z", "level": "DEBUG", "service": "resume-worker", "message": "http://ai-service:8000 \"POST /api/chat/completions HTTP/1.1\" 404 22"}
{"timestamp": "2025-12-11T03:56:45.725Z", "level": "ERROR", "service": "resume-worker", "message": "Error generating about section: 404 Client Error: Not Found for url: http://ai-service:8000/api/chat/completions"}
{"timestamp": "2025-12-11T03:56:45.728Z", "level": "DEBUG", "service": "resume-worker", "message": "Starting new HTTP connection (1): ai-service:8000"}
{"timestamp": "2025-12-11T03:56:45.731Z", "level": "DEBUG", "service": "resume-worker", "message": "http://ai-service:8000 \"POST /api/chat/completions HTTP/1.1\" 404 22"}
{"timestamp": "2025-12-11T03:56:45.732Z", "level": "ERROR", "service": "resume-worker", "message": "Error generating experience section: 404 Client Error: Not Found for url: http://ai-service:8000/api/chat/completions"}
{"timestamp": "2025-12-11T03:56:45.734Z", "level": "DEBUG", "service": "resume-worker", "message": "Starting new HTTP connection (1): ai-service:8000"}
{"timestamp": "2025-12-11T03:56:45.737Z", "level": "DEBUG", "service": "resume-worker", "message": "http://ai-service:8000 \"POST /api/chat/completions HTTP/1.1\" 404 22"}
{"timestamp": "2025-12-11T03:56:45.738Z", "level": "ERROR", "service": "resume-worker", "message": "Error generating skills section: 404 Client Error: Not Found for url: http://ai-service:8000/api/chat/completions"}
{"timestamp": "2025-12-11T03:56:45.740Z", "level": "DEBUG", "service": "resume-worker", "message": "Starting new HTTP connection (1): ai-service:8000"}
{"timestamp": "2025-12-11T03:56:45.744Z", "level": "DEBUG", "service": "resume-worker", "message": "http://ai-service:8000 \"POST /api/chat/completions HTTP/1.1\" 404 22"}
{"timestamp": "2025-12-11T03:56:45.745Z", "level": "ERROR", "service": "resume-worker", "message": "Error generating hard_skills section: 404 Client Error: Not Found for url: http://ai-service:8000/api/chat/completions"}
{"timestamp": "2025-12-11T03:56:45.747Z", "level": "INFO", "service": "resume-worker", "message": "Hard skills generated: 0 characters"}
{"timestamp": "2025-12-11T03:56:45.747Z", "level": "INFO", "service": "resume-worker", "message": "Generating tags..."}
{"timestamp": "2025-12-11T03:56:45.749Z", "level": "DEBUG", "service": "resume-worker", "message": "Starting new HTTP connection (1): ai-service:8000"}
{"timestamp": "2025-12-11T03:56:45.752Z", "level": "DEBUG", "service": "resume-worker", "message": "http://ai-service:8000 \"POST /api/chat/completions HTTP/1.1\" 404 22"}
{"timestamp": "2025-12-11T03:56:45.752Z", "level": "ERROR", "service": "resume-worker", "message": "Error generating tags: 404 Client Error: Not Found for url: http://ai-service:8000/api/chat/completions"}
{"timestamp": "2025-12-11T03:56:45.754Z", "level": "INFO", "service": "resume-worker", "message": "Generated 1 tags: golang"}
{"timestamp": "2025-12-11T03:56:45.754Z", "level": "WARNING", "service": "resume-worker", "message": "Profile generation returned empty, using fallback"}
{"timestamp": "2025-12-11T03:56:45.755Z", "level": "WARNING", "service": "resume-worker", "message": "Hard skills generation returned empty, using fallback hard skills template"}
{"timestamp": "2025-12-11T03:56:45.787Z", "level": "WARNING", "service": "resume-worker", "message": "Ignored `filter: grayscale(0.7)` at 397:5, unknown property."}
{"timestamp": "2025-12-11T03:56:46.214Z", "level": "WARNING", "service": "resume-worker", "message": "PDF generation with base_url failed: 'super' object has no attribute 'transform', trying without base_url"}
{"timestamp": "2025-12-11T03:56:46.237Z", "level": "WARNING", "service": "resume-worker", "message": "Ignored `filter: grayscale(0.7)` at 397:5, unknown property."}
{"timestamp": "2025-12-11T03:56:46.655Z", "level": "ERROR", "service": "resume-worker", "message": "Resume generation failed", "context": {"job_id": "0645a144-c813-4589-9343-cdd588630143", "user_id": "6ad0d828-f605-45fc-a545-3441e17a015c", "error": "'super' object has no attribute 'transform'", "error_type": "transient", "retry_count": 1, "duration_ms": 963}, "exception": "Traceback (most recent call last):\n  File \"/app/src/resume_generator.py\", line 376, in generate_resume\n    HTML(string=html_content, base_url=self.template_dir).write_pdf(\n  File \"/usr/local/lib/python3.11/site-packages/weasyprint/__init__.py\", line 259, in write_pdf\n    self.render(font_config, counter_style, **options)\n  File \"/usr/local/lib/python3.11/site-packages/weasyprint/document.py\", line 400, in write_pdf\n    pdf = generate_pdf(self, target, zoom, **options)\n          ^^^^^^^^^^^^^^^^^^^^^^^^^^^^^^^^^^^^^^^^^^^\n  File \"/usr/local/lib/python3.11/site-packages/weasyprint/pdf/__init__.py\", line 166, in generate_pdf\n    stream.transform(d=-1, f=(page.height * scale))\n  File \"/usr/local/lib/python3.11/site-packages/weasyprint/pdf/stream.py\", line 246, in transform\n    super().transform(a, b, c, d, e, f)\n    ^^^^^^^^^^^^^^^^^\nAttributeError: 'super' object has no attribute 'transform'\n\nDuring handling of the above exception, another exception occurred:\n\nTraceback (most recent call last):\n  File \"/app/src/worker.py\", line 269, in process_job\n    result = self.generator.generate_resume(\n             ^^^^^^^^^^^^^^^^^^^^^^^^^^^^^^^\n  File \"/app/src/resume_generator.py\", line 383, in generate_resume\n    HTML(string=html_content).write_pdf(\n  File \"/usr/local/lib/python3.11/site-packages/weasyprint/__init__.py\", line 259, in write_pdf\n    self.render(font_config, counter_style, **options)\n  File \"/usr/local/lib/python3.11/site-packages/weasyprint/document.py\", line 400, in write_pdf\n    pdf = generate_pdf(self, target, zoom, **options)\n          ^^^^^^^^^^^^^^^^^^^^^^^^^^^^^^^^^^^^^^^^^^^\n  File \"/usr/local/lib/python3.11/site-packages/weasyprint/pdf/__init__.py\", line 166, in generate_pdf\n    stream.transform(d=-1, f=(page.height * scale))\n  File \"/usr/local/lib/python3.11/site-packages/weasyprint/pdf/stream.py\", line 246, in transform\n    super().transform(a, b, c, d, e, f)\n    ^^^^^^^^^^^^^^^^^\nAttributeError: 'super' object has no attribute 'transform'"}
{"timestamp": "2025-12-11T03:56:46.663Z", "level": "WARNING", "service": "resume-worker", "message": "Job will retry", "context": {"job_id": "0645a144-c813-4589-9343-cdd588630143", "retry_count": 2, "backoff_seconds": 4}}
{"timestamp": "2025-12-11T03:56:50.676Z", "level": "WARNING", "service": "resume-worker", "message": "Job will retry", "context": {"job_id": "0645a144-c813-4589-9343-cdd588630143", "retry_count": 2, "backoff_seconds": 4}}
{"timestamp": "2025-12-11T03:56:50.679Z", "level": "INFO", "service": "resume-worker", "message": "Processing resume generation job", "context": {"job_id": "0645a144-c813-4589-9343-cdd588630143", "user_id": "6ad0d828-f605-45fc-a545-3441e17a015c", "job_application_id": "23039927-0434-430c-bcf6-42502251a23b"}}
{"timestamp": "2025-12-11T03:56:50.683Z", "level": "INFO", "service": "resume-worker", "message": "Generating resume for user 6ad0d828-f605-45fc-a545-3441e17a015c, job: Desenvolvedor Backend - Python"}
{"timestamp": "2025-12-11T03:56:50.685Z", "level": "INFO", "service": "resume-worker", "message": "Extracted keywords: {'tech_categories': ['backend', 'language'], 'cert_categories': ['programming'], 'skill_names': ['Python']}"}
{"timestamp": "2025-12-11T03:56:50.690Z", "level": "INFO", "service": "resume-worker", "message": "Found 13 relevant projects"}
{"timestamp": "2025-12-11T03:56:50.708Z", "level": "INFO", "service": "resume-worker", "message": "Found 1 relevant certifications"}
{"timestamp": "2025-12-11T03:56:50.715Z", "level": "INFO", "service": "resume-worker", "message": "Found 4 publications"}
{"timestamp": "2025-12-11T03:56:50.722Z", "level": "INFO", "service": "resume-worker", "message": "Generating resume sections with AI..."}
{"timestamp": "2025-12-11T03:56:50.725Z", "level": "DEBUG", "service": "resume-worker", "message": "Starting new HTTP connection (1): ai-service:8000"}
{"timestamp": "2025-12-11T03:56:50.737Z", "level": "DEBUG", "service": "resume-worker", "message": "http://ai-service:8000 \"POST /api/chat/completions HTTP/1.1\" 404 22"}
{"timestamp": "2025-12-11T03:56:50.738Z", "level": "ERROR", "service": "resume-worker", "message": "Error generating profile section: 404 Client Error: Not Found for url: http://ai-service:8000/api/chat/completions"}
{"timestamp": "2025-12-11T03:56:50.740Z", "level": "DEBUG", "service": "resume-worker", "message": "Starting new HTTP connection (1): ai-service:8000"}
{"timestamp": "2025-12-11T03:56:50.745Z", "level": "DEBUG", "service": "resume-worker", "message": "http://ai-service:8000 \"POST /api/chat/completions HTTP/1.1\" 404 22"}
{"timestamp": "2025-12-11T03:56:50.746Z", "level": "ERROR", "service": "resume-worker", "message": "Error generating about section: 404 Client Error: Not Found for url: http://ai-service:8000/api/chat/completions"}
{"timestamp": "2025-12-11T03:56:50.748Z", "level": "DEBUG", "service": "resume-worker", "message": "Starting new HTTP connection (1): ai-service:8000"}
{"timestamp": "2025-12-11T03:56:50.751Z", "level": "DEBUG", "service": "resume-worker", "message": "http://ai-service:8000 \"POST /api/chat/completions HTTP/1.1\" 404 22"}
{"timestamp": "2025-12-11T03:56:50.752Z", "level": "ERROR", "service": "resume-worker", "message": "Error generating experience section: 404 Client Error: Not Found for url: http://ai-service:8000/api/chat/completions"}
{"timestamp": "2025-12-11T03:56:50.754Z", "level": "DEBUG", "service": "resume-worker", "message": "Starting new HTTP connection (1): ai-service:8000"}
{"timestamp": "2025-12-11T03:56:50.757Z", "level": "DEBUG", "service": "resume-worker", "message": "http://ai-service:8000 \"POST /api/chat/completions HTTP/1.1\" 404 22"}
{"timestamp": "2025-12-11T03:56:50.758Z", "level": "ERROR", "service": "resume-worker", "message": "Error generating skills section: 404 Client Error: Not Found for url: http://ai-service:8000/api/chat/completions"}
{"timestamp": "2025-12-11T03:56:50.761Z", "level": "DEBUG", "service": "resume-worker", "message": "Starting new HTTP connection (1): ai-service:8000"}
{"timestamp": "2025-12-11T03:56:50.766Z", "level": "DEBUG", "service": "resume-worker", "message": "http://ai-service:8000 \"POST /api/chat/completions HTTP/1.1\" 404 22"}
{"timestamp": "2025-12-11T03:56:50.774Z", "level": "ERROR", "service": "resume-worker", "message": "Error generating hard_skills section: 404 Client Error: Not Found for url: http://ai-service:8000/api/chat/completions"}
{"timestamp": "2025-12-11T03:56:50.781Z", "level": "INFO", "service": "resume-worker", "message": "Hard skills generated: 0 characters"}
{"timestamp": "2025-12-11T03:56:50.789Z", "level": "INFO", "service": "resume-worker", "message": "Generating tags..."}
{"timestamp": "2025-12-11T03:56:50.794Z", "level": "DEBUG", "service": "resume-worker", "message": "Starting new HTTP connection (1): ai-service:8000"}
{"timestamp": "2025-12-11T03:56:50.799Z", "level": "DEBUG", "service": "resume-worker", "message": "http://ai-service:8000 \"POST /api/chat/completions HTTP/1.1\" 404 22"}
{"timestamp": "2025-12-11T03:56:50.801Z", "level": "ERROR", "service": "resume-worker", "message": "Error generating tags: 404 Client Error: Not Found for url: http://ai-service:8000/api/chat/completions"}
{"timestamp": "2025-12-11T03:56:50.803Z", "level": "INFO", "service": "resume-worker", "message": "Generated 1 tags: golang"}
{"timestamp": "2025-12-11T03:56:50.807Z", "level": "WARNING", "service": "resume-worker", "message": "Profile generation returned empty, using fallback"}
{"timestamp": "2025-12-11T03:56:50.814Z", "level": "WARNING", "service": "resume-worker", "message": "Hard skills generation returned empty, using fallback hard skills template"}
{"timestamp": "2025-12-11T03:56:50.863Z", "level": "WARNING", "service": "resume-worker", "message": "Ignored `filter: grayscale(0.7)` at 397:5, unknown property."}
{"timestamp": "2025-12-11T03:56:51.508Z", "level": "WARNING", "service": "resume-worker", "message": "PDF generation with base_url failed: 'super' object has no attribute 'transform', trying without base_url"}
{"timestamp": "2025-12-11T03:56:51.527Z", "level": "WARNING", "service": "resume-worker", "message": "Ignored `filter: grayscale(0.7)` at 397:5, unknown property."}
{"timestamp": "2025-12-11T03:56:51.911Z", "level": "ERROR", "service": "resume-worker", "message": "Resume generation failed", "context": {"job_id": "0645a144-c813-4589-9343-cdd588630143", "user_id": "6ad0d828-f605-45fc-a545-3441e17a015c", "error": "'super' object has no attribute 'transform'", "error_type": "transient", "retry_count": 2, "duration_ms": 1228}, "exception": "Traceback (most recent call last):\n  File \"/app/src/resume_generator.py\", line 376, in generate_resume\n    HTML(string=html_content, base_url=self.template_dir).write_pdf(\n  File \"/usr/local/lib/python3.11/site-packages/weasyprint/__init__.py\", line 259, in write_pdf\n    self.render(font_config, counter_style, **options)\n  File \"/usr/local/lib/python3.11/site-packages/weasyprint/document.py\", line 400, in write_pdf\n    pdf = generate_pdf(self, target, zoom, **options)\n          ^^^^^^^^^^^^^^^^^^^^^^^^^^^^^^^^^^^^^^^^^^^\n  File \"/usr/local/lib/python3.11/site-packages/weasyprint/pdf/__init__.py\", line 166, in generate_pdf\n    stream.transform(d=-1, f=(page.height * scale))\n  File \"/usr/local/lib/python3.11/site-packages/weasyprint/pdf/stream.py\", line 246, in transform\n    super().transform(a, b, c, d, e, f)\n    ^^^^^^^^^^^^^^^^^\nAttributeError: 'super' object has no attribute 'transform'\n\nDuring handling of the above exception, another exception occurred:\n\nTraceback (most recent call last):\n  File \"/app/src/worker.py\", line 269, in process_job\n    result = self.generator.generate_resume(\n             ^^^^^^^^^^^^^^^^^^^^^^^^^^^^^^^\n  File \"/app/src/resume_generator.py\", line 383, in generate_resume\n    HTML(string=html_content).write_pdf(\n  File \"/usr/local/lib/python3.11/site-packages/weasyprint/__init__.py\", line 259, in write_pdf\n    self.render(font_config, counter_style, **options)\n  File \"/usr/local/lib/python3.11/site-packages/weasyprint/document.py\", line 400, in write_pdf\n    pdf = generate_pdf(self, target, zoom, **options)\n          ^^^^^^^^^^^^^^^^^^^^^^^^^^^^^^^^^^^^^^^^^^^\n  File \"/usr/local/lib/python3.11/site-packages/weasyprint/pdf/__init__.py\", line 166, in generate_pdf\n    stream.transform(d=-1, f=(page.height * scale))\n  File \"/usr/local/lib/python3.11/site-packages/weasyprint/pdf/stream.py\", line 246, in transform\n    super().transform(a, b, c, d, e, f)\n    ^^^^^^^^^^^^^^^^^\nAttributeError: 'super' object has no attribute 'transform'"}
{"timestamp": "2025-12-11T03:56:51.918Z", "level": "WARNING", "service": "resume-worker", "message": "Job will retry", "context": {"job_id": "0645a144-c813-4589-9343-cdd588630143", "retry_count": 3, "backoff_seconds": 8}}
{"timestamp": "2025-12-11T03:56:57.182Z", "level": "WARNING", "service": "resume-worker", "message": "Job will retry", "context": {"job_id": "0645a144-c813-4589-9343-cdd588630143", "retry_count": 3, "backoff_seconds": 8}}
{"timestamp": "2025-12-11T03:56:57.186Z", "level": "INFO", "service": "resume-worker", "message": "Processing resume generation job", "context": {"job_id": "0645a144-c813-4589-9343-cdd588630143", "user_id": "6ad0d828-f605-45fc-a545-3441e17a015c", "job_application_id": "23039927-0434-430c-bcf6-42502251a23b"}}
{"timestamp": "2025-12-11T03:56:57.188Z", "level": "INFO", "service": "resume-worker", "message": "Generating resume for user 6ad0d828-f605-45fc-a545-3441e17a015c, job: Desenvolvedor Backend - Python"}
{"timestamp": "2025-12-11T03:56:57.189Z", "level": "INFO", "service": "resume-worker", "message": "Extracted keywords: {'tech_categories': ['backend', 'language'], 'cert_categories': ['programming'], 'skill_names': ['Python']}"}
{"timestamp": "2025-12-11T03:56:57.203Z", "level": "INFO", "service": "resume-worker", "message": "Found 13 relevant projects"}
{"timestamp": "2025-12-11T03:56:57.212Z", "level": "INFO", "service": "resume-worker", "message": "Found 1 relevant certifications"}
{"timestamp": "2025-12-11T03:56:57.216Z", "level": "INFO", "service": "resume-worker", "message": "Found 4 publications"}
{"timestamp": "2025-12-11T03:56:57.219Z", "level": "INFO", "service": "resume-worker", "message": "Generating resume sections with AI..."}
{"timestamp": "2025-12-11T03:56:57.221Z", "level": "DEBUG", "service": "resume-worker", "message": "Starting new HTTP connection (1): ai-service:8000"}
{"timestamp": "2025-12-11T03:56:57.225Z", "level": "DEBUG", "service": "resume-worker", "message": "http://ai-service:8000 \"POST /api/chat/completions HTTP/1.1\" 404 22"}
{"timestamp": "2025-12-11T03:56:57.226Z", "level": "ERROR", "service": "resume-worker", "message": "Error generating profile section: 404 Client Error: Not Found for url: http://ai-service:8000/api/chat/completions"}
{"timestamp": "2025-12-11T03:56:57.229Z", "level": "DEBUG", "service": "resume-worker", "message": "Starting new HTTP connection (1): ai-service:8000"}
{"timestamp": "2025-12-11T03:56:57.234Z", "level": "DEBUG", "service": "resume-worker", "message": "http://ai-service:8000 \"POST /api/chat/completions HTTP/1.1\" 404 22"}
{"timestamp": "2025-12-11T03:56:57.235Z", "level": "ERROR", "service": "resume-worker", "message": "Error generating about section: 404 Client Error: Not Found for url: http://ai-service:8000/api/chat/completions"}
{"timestamp": "2025-12-11T03:56:57.238Z", "level": "DEBUG", "service": "resume-worker", "message": "Starting new HTTP connection (1): ai-service:8000"}
{"timestamp": "2025-12-11T03:56:57.243Z", "level": "DEBUG", "service": "resume-worker", "message": "http://ai-service:8000 \"POST /api/chat/completions HTTP/1.1\" 404 22"}
{"timestamp": "2025-12-11T03:56:57.245Z", "level": "ERROR", "service": "resume-worker", "message": "Error generating experience section: 404 Client Error: Not Found for url: http://ai-service:8000/api/chat/completions"}
{"timestamp": "2025-12-11T03:56:57.248Z", "level": "DEBUG", "service": "resume-worker", "message": "Starting new HTTP connection (1): ai-service:8000"}
{"timestamp": "2025-12-11T03:56:57.251Z", "level": "DEBUG", "service": "resume-worker", "message": "http://ai-service:8000 \"POST /api/chat/completions HTTP/1.1\" 404 22"}
{"timestamp": "2025-12-11T03:56:57.252Z", "level": "ERROR", "service": "resume-worker", "message": "Error generating skills section: 404 Client Error: Not Found for url: http://ai-service:8000/api/chat/completions"}
{"timestamp": "2025-12-11T03:56:57.255Z", "level": "DEBUG", "service": "resume-worker", "message": "Starting new HTTP connection (1): ai-service:8000"}
{"timestamp": "2025-12-11T03:56:57.260Z", "level": "DEBUG", "service": "resume-worker", "message": "http://ai-service:8000 \"POST /api/chat/completions HTTP/1.1\" 404 22"}
{"timestamp": "2025-12-11T03:56:57.261Z", "level": "ERROR", "service": "resume-worker", "message": "Error generating hard_skills section: 404 Client Error: Not Found for url: http://ai-service:8000/api/chat/completions"}
{"timestamp": "2025-12-11T03:56:57.263Z", "level": "INFO", "service": "resume-worker", "message": "Hard skills generated: 0 characters"}
{"timestamp": "2025-12-11T03:56:57.264Z", "level": "INFO", "service": "resume-worker", "message": "Generating tags..."}
{"timestamp": "2025-12-11T03:56:57.265Z", "level": "DEBUG", "service": "resume-worker", "message": "Starting new HTTP connection (1): ai-service:8000"}
{"timestamp": "2025-12-11T03:56:57.268Z", "level": "DEBUG", "service": "resume-worker", "message": "http://ai-service:8000 \"POST /api/chat/completions HTTP/1.1\" 404 22"}
{"timestamp": "2025-12-11T03:56:57.270Z", "level": "ERROR", "service": "resume-worker", "message": "Error generating tags: 404 Client Error: Not Found for url: http://ai-service:8000/api/chat/completions"}
{"timestamp": "2025-12-11T03:56:57.271Z", "level": "INFO", "service": "resume-worker", "message": "Generated 1 tags: golang"}
{"timestamp": "2025-12-11T03:56:57.271Z", "level": "WARNING", "service": "resume-worker", "message": "Profile generation returned empty, using fallback"}
{"timestamp": "2025-12-11T03:56:57.272Z", "level": "WARNING", "service": "resume-worker", "message": "Hard skills generation returned empty, using fallback hard skills template"}
{"timestamp": "2025-12-11T03:56:57.291Z", "level": "WARNING", "service": "resume-worker", "message": "Ignored `filter: grayscale(0.7)` at 397:5, unknown property."}
{"timestamp": "2025-12-11T03:56:57.761Z", "level": "WARNING", "service": "resume-worker", "message": "PDF generation with base_url failed: 'super' object has no attribute 'transform', trying without base_url"}
{"timestamp": "2025-12-11T03:56:57.798Z", "level": "WARNING", "service": "resume-worker", "message": "Ignored `filter: grayscale(0.7)` at 397:5, unknown property."}
{"timestamp": "2025-12-11T03:56:58.305Z", "level": "ERROR", "service": "resume-worker", "message": "Resume generation failed", "context": {"job_id": "0645a144-c813-4589-9343-cdd588630143", "user_id": "6ad0d828-f605-45fc-a545-3441e17a015c", "error": "'super' object has no attribute 'transform'", "error_type": "transient", "retry_count": 3, "duration_ms": 1117}, "exception": "Traceback (most recent call last):\n  File \"/app/src/resume_generator.py\", line 376, in generate_resume\n    HTML(string=html_content, base_url=self.template_dir).write_pdf(\n  File \"/usr/local/lib/python3.11/site-packages/weasyprint/__init__.py\", line 259, in write_pdf\n    self.render(font_config, counter_style, **options)\n  File \"/usr/local/lib/python3.11/site-packages/weasyprint/document.py\", line 400, in write_pdf\n    pdf = generate_pdf(self, target, zoom, **options)\n          ^^^^^^^^^^^^^^^^^^^^^^^^^^^^^^^^^^^^^^^^^^^\n  File \"/usr/local/lib/python3.11/site-packages/weasyprint/pdf/__init__.py\", line 166, in generate_pdf\n    stream.transform(d=-1, f=(page.height * scale))\n  File \"/usr/local/lib/python3.11/site-packages/weasyprint/pdf/stream.py\", line 246, in transform\n    super().transform(a, b, c, d, e, f)\n    ^^^^^^^^^^^^^^^^^\nAttributeError: 'super' object has no attribute 'transform'\n\nDuring handling of the above exception, another exception occurred:\n\nTraceback (most recent call last):\n  File \"/app/src/worker.py\", line 269, in process_job\n    result = self.generator.generate_resume(\n             ^^^^^^^^^^^^^^^^^^^^^^^^^^^^^^^\n  File \"/app/src/resume_generator.py\", line 383, in generate_resume\n    HTML(string=html_content).write_pdf(\n  File \"/usr/local/lib/python3.11/site-packages/weasyprint/__init__.py\", line 259, in write_pdf\n    self.render(font_config, counter_style, **options)\n  File \"/usr/local/lib/python3.11/site-packages/weasyprint/document.py\", line 400, in write_pdf\n    pdf = generate_pdf(self, target, zoom, **options)\n          ^^^^^^^^^^^^^^^^^^^^^^^^^^^^^^^^^^^^^^^^^^^\n  File \"/usr/local/lib/python3.11/site-packages/weasyprint/pdf/__init__.py\", line 166, in generate_pdf\n    stream.transform(d=-1, f=(page.height * scale))\n  File \"/usr/local/lib/python3.11/site-packages/weasyprint/pdf/stream.py\", line 246, in transform\n    super().transform(a, b, c, d, e, f)\n    ^^^^^^^^^^^^^^^^^\nAttributeError: 'super' object has no attribute 'transform'"}
{"timestamp": "2025-12-11T03:56:58.315Z", "level": "ERROR", "service": "resume-worker", "message": "Job moved to dead letter queue", "context": {"job_id": "0645a144-c813-4589-9343-cdd588630143", "error": "Max retries (3) reached"}}
{"timestamp": "2025-12-11T03:58:19.236Z", "level": "INFO", "service": "resume-worker", "message": "Starting resume generation worker"}
{"timestamp": "2025-12-11T03:58:19.241Z", "level": "INFO", "service": "resume-worker", "message": "Connected to Redis", "context": {"redis_url": "redis://redis:6379/0"}}
{"timestamp": "2025-12-11T03:58:19.254Z", "level": "INFO", "service": "resume-worker", "message": "Database connection established"}
{"timestamp": "2025-12-11T03:58:19.263Z", "level": "INFO", "service": "resume-worker", "message": "Translation helper database connection established"}
{"timestamp": "2025-12-11T03:58:19.265Z", "level": "INFO", "service": "resume-worker", "message": "Resume generation worker started"}
{"timestamp": "2025-12-11T03:58:31.131Z", "level": "INFO", "service": "resume-worker", "message": "Processing resume generation job", "context": {"job_id": "f6c1e6b5-614c-422d-a2f6-01b11d1b9194", "user_id": "6ad0d828-f605-45fc-a545-3441e17a015c", "job_application_id": "23039927-0434-430c-bcf6-42502251a23b"}}
{"timestamp": "2025-12-11T03:58:31.135Z", "level": "INFO", "service": "resume-worker", "message": "Generating resume for user 6ad0d828-f605-45fc-a545-3441e17a015c, job: Desenvolvedor Backend - Python"}
{"timestamp": "2025-12-11T03:58:31.142Z", "level": "INFO", "service": "resume-worker", "message": "Extracted keywords: {'tech_categories': ['backend', 'language'], 'cert_categories': ['programming'], 'skill_names': ['Python']}"}
{"timestamp": "2025-12-11T03:58:31.161Z", "level": "INFO", "service": "resume-worker", "message": "Found 13 relevant projects"}
{"timestamp": "2025-12-11T03:58:31.195Z", "level": "INFO", "service": "resume-worker", "message": "Found 1 relevant certifications"}
{"timestamp": "2025-12-11T03:58:31.201Z", "level": "INFO", "service": "resume-worker", "message": "Found 4 publications"}
{"timestamp": "2025-12-11T03:58:31.208Z", "level": "INFO", "service": "resume-worker", "message": "Generating resume sections with AI..."}
{"timestamp": "2025-12-11T03:58:31.213Z", "level": "DEBUG", "service": "resume-worker", "message": "Starting new HTTP connection (1): ai-service:8000"}
{"timestamp": "2025-12-11T03:58:32.144Z", "level": "DEBUG", "service": "resume-worker", "message": "http://ai-service:8000 \"POST /v1/chat HTTP/1.1\" 500 21"}
{"timestamp": "2025-12-11T03:58:32.145Z", "level": "ERROR", "service": "resume-worker", "message": "Error generating profile section: 500 Server Error: Internal Server Error for url: http://ai-service:8000/v1/chat"}
{"timestamp": "2025-12-11T03:58:32.148Z", "level": "DEBUG", "service": "resume-worker", "message": "Starting new HTTP connection (1): ai-service:8000"}
{"timestamp": "2025-12-11T03:58:32.180Z", "level": "DEBUG", "service": "resume-worker", "message": "http://ai-service:8000 \"POST /v1/chat HTTP/1.1\" 500 21"}
{"timestamp": "2025-12-11T03:58:32.183Z", "level": "ERROR", "service": "resume-worker", "message": "Error generating about section: 500 Server Error: Internal Server Error for url: http://ai-service:8000/v1/chat"}
{"timestamp": "2025-12-11T03:58:32.187Z", "level": "DEBUG", "service": "resume-worker", "message": "Starting new HTTP connection (1): ai-service:8000"}
{"timestamp": "2025-12-11T03:58:32.222Z", "level": "DEBUG", "service": "resume-worker", "message": "http://ai-service:8000 \"POST /v1/chat HTTP/1.1\" 500 21"}
{"timestamp": "2025-12-11T03:58:32.226Z", "level": "ERROR", "service": "resume-worker", "message": "Error generating experience section: 500 Server Error: Internal Server Error for url: http://ai-service:8000/v1/chat"}
{"timestamp": "2025-12-11T03:58:32.231Z", "level": "DEBUG", "service": "resume-worker", "message": "Starting new HTTP connection (1): ai-service:8000"}
{"timestamp": "2025-12-11T03:58:32.276Z", "level": "DEBUG", "service": "resume-worker", "message": "http://ai-service:8000 \"POST /v1/chat HTTP/1.1\" 500 21"}
{"timestamp": "2025-12-11T03:58:32.277Z", "level": "ERROR", "service": "resume-worker", "message": "Error generating skills section: 500 Server Error: Internal Server Error for url: http://ai-service:8000/v1/chat"}
{"timestamp": "2025-12-11T03:58:32.281Z", "level": "DEBUG", "service": "resume-worker", "message": "Starting new HTTP connection (1): ai-service:8000"}
{"timestamp": "2025-12-11T03:58:32.309Z", "level": "DEBUG", "service": "resume-worker", "message": "http://ai-service:8000 \"POST /v1/chat HTTP/1.1\" 500 21"}
{"timestamp": "2025-12-11T03:58:32.313Z", "level": "ERROR", "service": "resume-worker", "message": "Error generating hard_skills section: 500 Server Error: Internal Server Error for url: http://ai-service:8000/v1/chat"}
{"timestamp": "2025-12-11T03:58:32.314Z", "level": "INFO", "service": "resume-worker", "message": "Hard skills generated: 0 characters"}
{"timestamp": "2025-12-11T03:58:32.315Z", "level": "INFO", "service": "resume-worker", "message": "Generating tags..."}
{"timestamp": "2025-12-11T03:58:32.316Z", "level": "DEBUG", "service": "resume-worker", "message": "Starting new HTTP connection (1): ai-service:8000"}
{"timestamp": "2025-12-11T03:58:32.322Z", "level": "DEBUG", "service": "resume-worker", "message": "http://ai-service:8000 \"POST /api/chat/completions HTTP/1.1\" 404 22"}
{"timestamp": "2025-12-11T03:58:32.323Z", "level": "ERROR", "service": "resume-worker", "message": "Error generating tags: 404 Client Error: Not Found for url: http://ai-service:8000/api/chat/completions"}
{"timestamp": "2025-12-11T03:58:32.326Z", "level": "INFO", "service": "resume-worker", "message": "Generated 1 tags: golang"}
{"timestamp": "2025-12-11T03:58:32.327Z", "level": "WARNING", "service": "resume-worker", "message": "Profile generation returned empty, using fallback"}
{"timestamp": "2025-12-11T03:58:32.328Z", "level": "WARNING", "service": "resume-worker", "message": "Hard skills generation returned empty, using fallback hard skills template"}
{"timestamp": "2025-12-11T03:58:32.397Z", "level": "WARNING", "service": "resume-worker", "message": "Ignored `filter: grayscale(0.7)` at 397:5, unknown property."}
{"timestamp": "2025-12-11T03:58:32.909Z", "level": "WARNING", "service": "resume-worker", "message": "PDF generation with base_url failed: 'super' object has no attribute 'transform', trying without base_url"}
{"timestamp": "2025-12-11T03:58:32.937Z", "level": "WARNING", "service": "resume-worker", "message": "Ignored `filter: grayscale(0.7)` at 397:5, unknown property."}
{"timestamp": "2025-12-11T03:58:33.426Z", "level": "ERROR", "service": "resume-worker", "message": "Resume generation failed", "context": {"job_id": "f6c1e6b5-614c-422d-a2f6-01b11d1b9194", "user_id": "6ad0d828-f605-45fc-a545-3441e17a015c", "error": "'super' object has no attribute 'transform'", "error_type": "transient", "retry_count": 0, "duration_ms": 2291}, "exception": "Traceback (most recent call last):\n  File \"/app/src/resume_generator.py\", line 376, in generate_resume\n    HTML(string=html_content, base_url=self.template_dir).write_pdf(\n  File \"/usr/local/lib/python3.11/site-packages/weasyprint/__init__.py\", line 259, in write_pdf\n    self.render(font_config, counter_style, **options)\n  File \"/usr/local/lib/python3.11/site-packages/weasyprint/document.py\", line 400, in write_pdf\n    pdf = generate_pdf(self, target, zoom, **options)\n          ^^^^^^^^^^^^^^^^^^^^^^^^^^^^^^^^^^^^^^^^^^^\n  File \"/usr/local/lib/python3.11/site-packages/weasyprint/pdf/__init__.py\", line 166, in generate_pdf\n    stream.transform(d=-1, f=(page.height * scale))\n  File \"/usr/local/lib/python3.11/site-packages/weasyprint/pdf/stream.py\", line 246, in transform\n    super().transform(a, b, c, d, e, f)\n    ^^^^^^^^^^^^^^^^^\nAttributeError: 'super' object has no attribute 'transform'\n\nDuring handling of the above exception, another exception occurred:\n\nTraceback (most recent call last):\n  File \"/app/src/worker.py\", line 269, in process_job\n    result = self.generator.generate_resume(\n             ^^^^^^^^^^^^^^^^^^^^^^^^^^^^^^^\n  File \"/app/src/resume_generator.py\", line 383, in generate_resume\n    HTML(string=html_content).write_pdf(\n  File \"/usr/local/lib/python3.11/site-packages/weasyprint/__init__.py\", line 259, in write_pdf\n    self.render(font_config, counter_style, **options)\n  File \"/usr/local/lib/python3.11/site-packages/weasyprint/document.py\", line 400, in write_pdf\n    pdf = generate_pdf(self, target, zoom, **options)\n          ^^^^^^^^^^^^^^^^^^^^^^^^^^^^^^^^^^^^^^^^^^^\n  File \"/usr/local/lib/python3.11/site-packages/weasyprint/pdf/__init__.py\", line 166, in generate_pdf\n    stream.transform(d=-1, f=(page.height * scale))\n  File \"/usr/local/lib/python3.11/site-packages/weasyprint/pdf/stream.py\", line 246, in transform\n    super().transform(a, b, c, d, e, f)\n    ^^^^^^^^^^^^^^^^^\nAttributeError: 'super' object has no attribute 'transform'"}
{"timestamp": "2025-12-11T03:58:33.435Z", "level": "WARNING", "service": "resume-worker", "message": "Job will retry", "context": {"job_id": "f6c1e6b5-614c-422d-a2f6-01b11d1b9194", "retry_count": 1, "backoff_seconds": 2}}
{"timestamp": "2025-12-11T03:58:35.497Z", "level": "WARNING", "service": "resume-worker", "message": "Job will retry", "context": {"job_id": "f6c1e6b5-614c-422d-a2f6-01b11d1b9194", "retry_count": 1, "backoff_seconds": 2}}
{"timestamp": "2025-12-11T03:58:35.499Z", "level": "INFO", "service": "resume-worker", "message": "Processing resume generation job", "context": {"job_id": "f6c1e6b5-614c-422d-a2f6-01b11d1b9194", "user_id": "6ad0d828-f605-45fc-a545-3441e17a015c", "job_application_id": "23039927-0434-430c-bcf6-42502251a23b"}}
{"timestamp": "2025-12-11T03:58:35.501Z", "level": "INFO", "service": "resume-worker", "message": "Generating resume for user 6ad0d828-f605-45fc-a545-3441e17a015c, job: Desenvolvedor Backend - Python"}
{"timestamp": "2025-12-11T03:58:35.503Z", "level": "INFO", "service": "resume-worker", "message": "Extracted keywords: {'tech_categories': ['backend', 'language'], 'cert_categories': ['programming'], 'skill_names': ['Python']}"}
{"timestamp": "2025-12-11T03:58:35.506Z", "level": "INFO", "service": "resume-worker", "message": "Found 13 relevant projects"}
{"timestamp": "2025-12-11T03:58:35.512Z", "level": "INFO", "service": "resume-worker", "message": "Found 1 relevant certifications"}
{"timestamp": "2025-12-11T03:58:35.514Z", "level": "INFO", "service": "resume-worker", "message": "Found 4 publications"}
{"timestamp": "2025-12-11T03:58:35.517Z", "level": "INFO", "service": "resume-worker", "message": "Generating resume sections with AI..."}
{"timestamp": "2025-12-11T03:58:35.519Z", "level": "DEBUG", "service": "resume-worker", "message": "Starting new HTTP connection (1): ai-service:8000"}
{"timestamp": "2025-12-11T03:58:35.562Z", "level": "DEBUG", "service": "resume-worker", "message": "http://ai-service:8000 \"POST /v1/chat HTTP/1.1\" 500 21"}
{"timestamp": "2025-12-11T03:58:35.563Z", "level": "ERROR", "service": "resume-worker", "message": "Error generating profile section: 500 Server Error: Internal Server Error for url: http://ai-service:8000/v1/chat"}
{"timestamp": "2025-12-11T03:58:35.569Z", "level": "DEBUG", "service": "resume-worker", "message": "Starting new HTTP connection (1): ai-service:8000"}
{"timestamp": "2025-12-11T03:58:35.596Z", "level": "DEBUG", "service": "resume-worker", "message": "http://ai-service:8000 \"POST /v1/chat HTTP/1.1\" 500 21"}
{"timestamp": "2025-12-11T03:58:35.598Z", "level": "ERROR", "service": "resume-worker", "message": "Error generating about section: 500 Server Error: Internal Server Error for url: http://ai-service:8000/v1/chat"}
{"timestamp": "2025-12-11T03:58:35.599Z", "level": "DEBUG", "service": "resume-worker", "message": "Starting new HTTP connection (1): ai-service:8000"}
{"timestamp": "2025-12-11T03:58:35.649Z", "level": "DEBUG", "service": "resume-worker", "message": "http://ai-service:8000 \"POST /v1/chat HTTP/1.1\" 500 21"}
{"timestamp": "2025-12-11T03:58:35.651Z", "level": "ERROR", "service": "resume-worker", "message": "Error generating experience section: 500 Server Error: Internal Server Error for url: http://ai-service:8000/v1/chat"}
{"timestamp": "2025-12-11T03:58:35.653Z", "level": "DEBUG", "service": "resume-worker", "message": "Starting new HTTP connection (1): ai-service:8000"}
{"timestamp": "2025-12-11T03:58:35.683Z", "level": "DEBUG", "service": "resume-worker", "message": "http://ai-service:8000 \"POST /v1/chat HTTP/1.1\" 500 21"}
{"timestamp": "2025-12-11T03:58:35.684Z", "level": "ERROR", "service": "resume-worker", "message": "Error generating skills section: 500 Server Error: Internal Server Error for url: http://ai-service:8000/v1/chat"}
{"timestamp": "2025-12-11T03:58:35.687Z", "level": "DEBUG", "service": "resume-worker", "message": "Starting new HTTP connection (1): ai-service:8000"}
{"timestamp": "2025-12-11T03:58:35.733Z", "level": "DEBUG", "service": "resume-worker", "message": "http://ai-service:8000 \"POST /v1/chat HTTP/1.1\" 500 21"}
{"timestamp": "2025-12-11T03:58:35.734Z", "level": "ERROR", "service": "resume-worker", "message": "Error generating hard_skills section: 500 Server Error: Internal Server Error for url: http://ai-service:8000/v1/chat"}
{"timestamp": "2025-12-11T03:58:35.737Z", "level": "INFO", "service": "resume-worker", "message": "Hard skills generated: 0 characters"}
{"timestamp": "2025-12-11T03:58:35.738Z", "level": "INFO", "service": "resume-worker", "message": "Generating tags..."}
{"timestamp": "2025-12-11T03:58:35.741Z", "level": "DEBUG", "service": "resume-worker", "message": "Starting new HTTP connection (1): ai-service:8000"}
{"timestamp": "2025-12-11T03:58:35.745Z", "level": "DEBUG", "service": "resume-worker", "message": "http://ai-service:8000 \"POST /api/chat/completions HTTP/1.1\" 404 22"}
{"timestamp": "2025-12-11T03:58:35.746Z", "level": "ERROR", "service": "resume-worker", "message": "Error generating tags: 404 Client Error: Not Found for url: http://ai-service:8000/api/chat/completions"}
{"timestamp": "2025-12-11T03:58:35.749Z", "level": "INFO", "service": "resume-worker", "message": "Generated 1 tags: golang"}
{"timestamp": "2025-12-11T03:58:35.750Z", "level": "WARNING", "service": "resume-worker", "message": "Profile generation returned empty, using fallback"}
{"timestamp": "2025-12-11T03:58:35.751Z", "level": "WARNING", "service": "resume-worker", "message": "Hard skills generation returned empty, using fallback hard skills template"}
{"timestamp": "2025-12-11T03:58:35.775Z", "level": "WARNING", "service": "resume-worker", "message": "Ignored `filter: grayscale(0.7)` at 397:5, unknown property."}
{"timestamp": "2025-12-11T03:58:36.181Z", "level": "WARNING", "service": "resume-worker", "message": "PDF generation with base_url failed: 'super' object has no attribute 'transform', trying without base_url"}
{"timestamp": "2025-12-11T03:58:36.211Z", "level": "WARNING", "service": "resume-worker", "message": "Ignored `filter: grayscale(0.7)` at 397:5, unknown property."}
{"timestamp": "2025-12-11T03:58:36.674Z", "level": "ERROR", "service": "resume-worker", "message": "Resume generation failed", "context": {"job_id": "f6c1e6b5-614c-422d-a2f6-01b11d1b9194", "user_id": "6ad0d828-f605-45fc-a545-3441e17a015c", "error": "'super' object has no attribute 'transform'", "error_type": "transient", "retry_count": 1, "duration_ms": 1173}, "exception": "Traceback (most recent call last):\n  File \"/app/src/resume_generator.py\", line 376, in generate_resume\n    HTML(string=html_content, base_url=self.template_dir).write_pdf(\n  File \"/usr/local/lib/python3.11/site-packages/weasyprint/__init__.py\", line 259, in write_pdf\n    self.render(font_config, counter_style, **options)\n  File \"/usr/local/lib/python3.11/site-packages/weasyprint/document.py\", line 400, in write_pdf\n    pdf = generate_pdf(self, target, zoom, **options)\n          ^^^^^^^^^^^^^^^^^^^^^^^^^^^^^^^^^^^^^^^^^^^\n  File \"/usr/local/lib/python3.11/site-packages/weasyprint/pdf/__init__.py\", line 166, in generate_pdf\n    stream.transform(d=-1, f=(page.height * scale))\n  File \"/usr/local/lib/python3.11/site-packages/weasyprint/pdf/stream.py\", line 246, in transform\n    super().transform(a, b, c, d, e, f)\n    ^^^^^^^^^^^^^^^^^\nAttributeError: 'super' object has no attribute 'transform'\n\nDuring handling of the above exception, another exception occurred:\n\nTraceback (most recent call last):\n  File \"/app/src/worker.py\", line 269, in process_job\n    result = self.generator.generate_resume(\n             ^^^^^^^^^^^^^^^^^^^^^^^^^^^^^^^\n  File \"/app/src/resume_generator.py\", line 383, in generate_resume\n    HTML(string=html_content).write_pdf(\n  File \"/usr/local/lib/python3.11/site-packages/weasyprint/__init__.py\", line 259, in write_pdf\n    self.render(font_config, counter_style, **options)\n  File \"/usr/local/lib/python3.11/site-packages/weasyprint/document.py\", line 400, in write_pdf\n    pdf = generate_pdf(self, target, zoom, **options)\n          ^^^^^^^^^^^^^^^^^^^^^^^^^^^^^^^^^^^^^^^^^^^\n  File \"/usr/local/lib/python3.11/site-packages/weasyprint/pdf/__init__.py\", line 166, in generate_pdf\n    stream.transform(d=-1, f=(page.height * scale))\n  File \"/usr/local/lib/python3.11/site-packages/weasyprint/pdf/stream.py\", line 246, in transform\n    super().transform(a, b, c, d, e, f)\n    ^^^^^^^^^^^^^^^^^\nAttributeError: 'super' object has no attribute 'transform'"}
{"timestamp": "2025-12-11T03:58:36.682Z", "level": "WARNING", "service": "resume-worker", "message": "Job will retry", "context": {"job_id": "f6c1e6b5-614c-422d-a2f6-01b11d1b9194", "retry_count": 2, "backoff_seconds": 4}}
{"timestamp": "2025-12-11T03:58:40.693Z", "level": "WARNING", "service": "resume-worker", "message": "Job will retry", "context": {"job_id": "f6c1e6b5-614c-422d-a2f6-01b11d1b9194", "retry_count": 2, "backoff_seconds": 4}}
{"timestamp": "2025-12-11T03:58:40.697Z", "level": "INFO", "service": "resume-worker", "message": "Processing resume generation job", "context": {"job_id": "f6c1e6b5-614c-422d-a2f6-01b11d1b9194", "user_id": "6ad0d828-f605-45fc-a545-3441e17a015c", "job_application_id": "23039927-0434-430c-bcf6-42502251a23b"}}
{"timestamp": "2025-12-11T03:58:40.701Z", "level": "INFO", "service": "resume-worker", "message": "Generating resume for user 6ad0d828-f605-45fc-a545-3441e17a015c, job: Desenvolvedor Backend - Python"}
{"timestamp": "2025-12-11T03:58:40.704Z", "level": "INFO", "service": "resume-worker", "message": "Extracted keywords: {'tech_categories': ['backend', 'language'], 'cert_categories': ['programming'], 'skill_names': ['Python']}"}
{"timestamp": "2025-12-11T03:58:40.713Z", "level": "INFO", "service": "resume-worker", "message": "Found 13 relevant projects"}
{"timestamp": "2025-12-11T03:58:40.727Z", "level": "INFO", "service": "resume-worker", "message": "Found 1 relevant certifications"}
{"timestamp": "2025-12-11T03:58:40.732Z", "level": "INFO", "service": "resume-worker", "message": "Found 4 publications"}
{"timestamp": "2025-12-11T03:58:40.739Z", "level": "INFO", "service": "resume-worker", "message": "Generating resume sections with AI..."}
{"timestamp": "2025-12-11T03:58:40.742Z", "level": "DEBUG", "service": "resume-worker", "message": "Starting new HTTP connection (1): ai-service:8000"}
{"timestamp": "2025-12-11T03:58:40.776Z", "level": "DEBUG", "service": "resume-worker", "message": "http://ai-service:8000 \"POST /v1/chat HTTP/1.1\" 500 21"}
{"timestamp": "2025-12-11T03:58:40.777Z", "level": "ERROR", "service": "resume-worker", "message": "Error generating profile section: 500 Server Error: Internal Server Error for url: http://ai-service:8000/v1/chat"}
{"timestamp": "2025-12-11T03:58:40.781Z", "level": "DEBUG", "service": "resume-worker", "message": "Starting new HTTP connection (1): ai-service:8000"}
{"timestamp": "2025-12-11T03:58:40.808Z", "level": "DEBUG", "service": "resume-worker", "message": "http://ai-service:8000 \"POST /v1/chat HTTP/1.1\" 500 21"}
{"timestamp": "2025-12-11T03:58:40.810Z", "level": "ERROR", "service": "resume-worker", "message": "Error generating about section: 500 Server Error: Internal Server Error for url: http://ai-service:8000/v1/chat"}
{"timestamp": "2025-12-11T03:58:40.813Z", "level": "DEBUG", "service": "resume-worker", "message": "Starting new HTTP connection (1): ai-service:8000"}
{"timestamp": "2025-12-11T03:58:40.841Z", "level": "DEBUG", "service": "resume-worker", "message": "http://ai-service:8000 \"POST /v1/chat HTTP/1.1\" 500 21"}
{"timestamp": "2025-12-11T03:58:40.842Z", "level": "ERROR", "service": "resume-worker", "message": "Error generating experience section: 500 Server Error: Internal Server Error for url: http://ai-service:8000/v1/chat"}
{"timestamp": "2025-12-11T03:58:40.845Z", "level": "DEBUG", "service": "resume-worker", "message": "Starting new HTTP connection (1): ai-service:8000"}
{"timestamp": "2025-12-11T03:58:40.875Z", "level": "DEBUG", "service": "resume-worker", "message": "http://ai-service:8000 \"POST /v1/chat HTTP/1.1\" 500 21"}
{"timestamp": "2025-12-11T03:58:40.876Z", "level": "ERROR", "service": "resume-worker", "message": "Error generating skills section: 500 Server Error: Internal Server Error for url: http://ai-service:8000/v1/chat"}
{"timestamp": "2025-12-11T03:58:40.879Z", "level": "DEBUG", "service": "resume-worker", "message": "Starting new HTTP connection (1): ai-service:8000"}
{"timestamp": "2025-12-11T03:58:40.908Z", "level": "DEBUG", "service": "resume-worker", "message": "http://ai-service:8000 \"POST /v1/chat HTTP/1.1\" 500 21"}
{"timestamp": "2025-12-11T03:58:40.909Z", "level": "ERROR", "service": "resume-worker", "message": "Error generating hard_skills section: 500 Server Error: Internal Server Error for url: http://ai-service:8000/v1/chat"}
{"timestamp": "2025-12-11T03:58:40.911Z", "level": "INFO", "service": "resume-worker", "message": "Hard skills generated: 0 characters"}
{"timestamp": "2025-12-11T03:58:40.911Z", "level": "INFO", "service": "resume-worker", "message": "Generating tags..."}
{"timestamp": "2025-12-11T03:58:40.913Z", "level": "DEBUG", "service": "resume-worker", "message": "Starting new HTTP connection (1): ai-service:8000"}
{"timestamp": "2025-12-11T03:58:40.916Z", "level": "DEBUG", "service": "resume-worker", "message": "http://ai-service:8000 \"POST /api/chat/completions HTTP/1.1\" 404 22"}
{"timestamp": "2025-12-11T03:58:40.917Z", "level": "ERROR", "service": "resume-worker", "message": "Error generating tags: 404 Client Error: Not Found for url: http://ai-service:8000/api/chat/completions"}
{"timestamp": "2025-12-11T03:58:40.919Z", "level": "INFO", "service": "resume-worker", "message": "Generated 1 tags: golang"}
{"timestamp": "2025-12-11T03:58:40.920Z", "level": "WARNING", "service": "resume-worker", "message": "Profile generation returned empty, using fallback"}
{"timestamp": "2025-12-11T03:58:40.920Z", "level": "WARNING", "service": "resume-worker", "message": "Hard skills generation returned empty, using fallback hard skills template"}
{"timestamp": "2025-12-11T03:58:40.946Z", "level": "WARNING", "service": "resume-worker", "message": "Ignored `filter: grayscale(0.7)` at 397:5, unknown property."}
{"timestamp": "2025-12-11T03:58:41.488Z", "level": "WARNING", "service": "resume-worker", "message": "PDF generation with base_url failed: 'super' object has no attribute 'transform', trying without base_url"}
{"timestamp": "2025-12-11T03:58:41.509Z", "level": "WARNING", "service": "resume-worker", "message": "Ignored `filter: grayscale(0.7)` at 397:5, unknown property."}
{"timestamp": "2025-12-11T03:58:41.956Z", "level": "ERROR", "service": "resume-worker", "message": "Resume generation failed", "context": {"job_id": "f6c1e6b5-614c-422d-a2f6-01b11d1b9194", "user_id": "6ad0d828-f605-45fc-a545-3441e17a015c", "error": "'super' object has no attribute 'transform'", "error_type": "transient", "retry_count": 2, "duration_ms": 1254}, "exception": "Traceback (most recent call last):\n  File \"/app/src/resume_generator.py\", line 376, in generate_resume\n    HTML(string=html_content, base_url=self.template_dir).write_pdf(\n  File \"/usr/local/lib/python3.11/site-packages/weasyprint/__init__.py\", line 259, in write_pdf\n    self.render(font_config, counter_style, **options)\n  File \"/usr/local/lib/python3.11/site-packages/weasyprint/document.py\", line 400, in write_pdf\n    pdf = generate_pdf(self, target, zoom, **options)\n          ^^^^^^^^^^^^^^^^^^^^^^^^^^^^^^^^^^^^^^^^^^^\n  File \"/usr/local/lib/python3.11/site-packages/weasyprint/pdf/__init__.py\", line 166, in generate_pdf\n    stream.transform(d=-1, f=(page.height * scale))\n  File \"/usr/local/lib/python3.11/site-packages/weasyprint/pdf/stream.py\", line 246, in transform\n    super().transform(a, b, c, d, e, f)\n    ^^^^^^^^^^^^^^^^^\nAttributeError: 'super' object has no attribute 'transform'\n\nDuring handling of the above exception, another exception occurred:\n\nTraceback (most recent call last):\n  File \"/app/src/worker.py\", line 269, in process_job\n    result = self.generator.generate_resume(\n             ^^^^^^^^^^^^^^^^^^^^^^^^^^^^^^^\n  File \"/app/src/resume_generator.py\", line 383, in generate_resume\n    HTML(string=html_content).write_pdf(\n  File \"/usr/local/lib/python3.11/site-packages/weasyprint/__init__.py\", line 259, in write_pdf\n    self.render(font_config, counter_style, **options)\n  File \"/usr/local/lib/python3.11/site-packages/weasyprint/document.py\", line 400, in write_pdf\n    pdf = generate_pdf(self, target, zoom, **options)\n          ^^^^^^^^^^^^^^^^^^^^^^^^^^^^^^^^^^^^^^^^^^^\n  File \"/usr/local/lib/python3.11/site-packages/weasyprint/pdf/__init__.py\", line 166, in generate_pdf\n    stream.transform(d=-1, f=(page.height * scale))\n  File \"/usr/local/lib/python3.11/site-packages/weasyprint/pdf/stream.py\", line 246, in transform\n    super().transform(a, b, c, d, e, f)\n    ^^^^^^^^^^^^^^^^^\nAttributeError: 'super' object has no attribute 'transform'"}
{"timestamp": "2025-12-11T03:58:41.965Z", "level": "WARNING", "service": "resume-worker", "message": "Job will retry", "context": {"job_id": "f6c1e6b5-614c-422d-a2f6-01b11d1b9194", "retry_count": 3, "backoff_seconds": 8}}
{"timestamp": "2025-12-11T03:58:47.214Z", "level": "WARNING", "service": "resume-worker", "message": "Job will retry", "context": {"job_id": "f6c1e6b5-614c-422d-a2f6-01b11d1b9194", "retry_count": 3, "backoff_seconds": 8}}
{"timestamp": "2025-12-11T03:58:47.218Z", "level": "INFO", "service": "resume-worker", "message": "Processing resume generation job", "context": {"job_id": "f6c1e6b5-614c-422d-a2f6-01b11d1b9194", "user_id": "6ad0d828-f605-45fc-a545-3441e17a015c", "job_application_id": "23039927-0434-430c-bcf6-42502251a23b"}}
{"timestamp": "2025-12-11T03:58:47.220Z", "level": "INFO", "service": "resume-worker", "message": "Generating resume for user 6ad0d828-f605-45fc-a545-3441e17a015c, job: Desenvolvedor Backend - Python"}
{"timestamp": "2025-12-11T03:58:47.223Z", "level": "INFO", "service": "resume-worker", "message": "Extracted keywords: {'tech_categories': ['backend', 'language'], 'cert_categories': ['programming'], 'skill_names': ['Python']}"}
{"timestamp": "2025-12-11T03:58:47.232Z", "level": "INFO", "service": "resume-worker", "message": "Found 13 relevant projects"}
{"timestamp": "2025-12-11T03:58:47.240Z", "level": "INFO", "service": "resume-worker", "message": "Found 1 relevant certifications"}
{"timestamp": "2025-12-11T03:58:47.241Z", "level": "INFO", "service": "resume-worker", "message": "Found 4 publications"}
{"timestamp": "2025-12-11T03:58:47.244Z", "level": "INFO", "service": "resume-worker", "message": "Generating resume sections with AI..."}
{"timestamp": "2025-12-11T03:58:47.247Z", "level": "DEBUG", "service": "resume-worker", "message": "Starting new HTTP connection (1): ai-service:8000"}
{"timestamp": "2025-12-11T03:58:47.277Z", "level": "DEBUG", "service": "resume-worker", "message": "http://ai-service:8000 \"POST /v1/chat HTTP/1.1\" 500 21"}
{"timestamp": "2025-12-11T03:58:47.279Z", "level": "ERROR", "service": "resume-worker", "message": "Error generating profile section: 500 Server Error: Internal Server Error for url: http://ai-service:8000/v1/chat"}
{"timestamp": "2025-12-11T03:58:47.282Z", "level": "DEBUG", "service": "resume-worker", "message": "Starting new HTTP connection (1): ai-service:8000"}
{"timestamp": "2025-12-11T03:58:47.367Z", "level": "DEBUG", "service": "resume-worker", "message": "http://ai-service:8000 \"POST /v1/chat HTTP/1.1\" 500 21"}
{"timestamp": "2025-12-11T03:58:47.370Z", "level": "ERROR", "service": "resume-worker", "message": "Error generating about section: 500 Server Error: Internal Server Error for url: http://ai-service:8000/v1/chat"}
{"timestamp": "2025-12-11T03:58:47.372Z", "level": "DEBUG", "service": "resume-worker", "message": "Starting new HTTP connection (1): ai-service:8000"}
{"timestamp": "2025-12-11T03:58:47.403Z", "level": "DEBUG", "service": "resume-worker", "message": "http://ai-service:8000 \"POST /v1/chat HTTP/1.1\" 500 21"}
{"timestamp": "2025-12-11T03:58:47.405Z", "level": "ERROR", "service": "resume-worker", "message": "Error generating experience section: 500 Server Error: Internal Server Error for url: http://ai-service:8000/v1/chat"}
{"timestamp": "2025-12-11T03:58:47.409Z", "level": "DEBUG", "service": "resume-worker", "message": "Starting new HTTP connection (1): ai-service:8000"}
{"timestamp": "2025-12-11T03:58:47.447Z", "level": "DEBUG", "service": "resume-worker", "message": "http://ai-service:8000 \"POST /v1/chat HTTP/1.1\" 500 21"}
{"timestamp": "2025-12-11T03:58:47.448Z", "level": "ERROR", "service": "resume-worker", "message": "Error generating skills section: 500 Server Error: Internal Server Error for url: http://ai-service:8000/v1/chat"}
{"timestamp": "2025-12-11T03:58:47.451Z", "level": "DEBUG", "service": "resume-worker", "message": "Starting new HTTP connection (1): ai-service:8000"}
{"timestamp": "2025-12-11T03:58:47.478Z", "level": "DEBUG", "service": "resume-worker", "message": "http://ai-service:8000 \"POST /v1/chat HTTP/1.1\" 500 21"}
{"timestamp": "2025-12-11T03:58:47.479Z", "level": "ERROR", "service": "resume-worker", "message": "Error generating hard_skills section: 500 Server Error: Internal Server Error for url: http://ai-service:8000/v1/chat"}
{"timestamp": "2025-12-11T03:58:47.482Z", "level": "INFO", "service": "resume-worker", "message": "Hard skills generated: 0 characters"}
{"timestamp": "2025-12-11T03:58:47.482Z", "level": "INFO", "service": "resume-worker", "message": "Generating tags..."}
{"timestamp": "2025-12-11T03:58:47.484Z", "level": "DEBUG", "service": "resume-worker", "message": "Starting new HTTP connection (1): ai-service:8000"}
{"timestamp": "2025-12-11T03:58:47.488Z", "level": "DEBUG", "service": "resume-worker", "message": "http://ai-service:8000 \"POST /api/chat/completions HTTP/1.1\" 404 22"}
{"timestamp": "2025-12-11T03:58:47.491Z", "level": "ERROR", "service": "resume-worker", "message": "Error generating tags: 404 Client Error: Not Found for url: http://ai-service:8000/api/chat/completions"}
{"timestamp": "2025-12-11T03:58:47.493Z", "level": "INFO", "service": "resume-worker", "message": "Generated 1 tags: golang"}
{"timestamp": "2025-12-11T03:58:47.493Z", "level": "WARNING", "service": "resume-worker", "message": "Profile generation returned empty, using fallback"}
{"timestamp": "2025-12-11T03:58:47.493Z", "level": "WARNING", "service": "resume-worker", "message": "Hard skills generation returned empty, using fallback hard skills template"}
{"timestamp": "2025-12-11T03:58:47.513Z", "level": "WARNING", "service": "resume-worker", "message": "Ignored `filter: grayscale(0.7)` at 397:5, unknown property."}
{"timestamp": "2025-12-11T03:58:47.921Z", "level": "WARNING", "service": "resume-worker", "message": "PDF generation with base_url failed: 'super' object has no attribute 'transform', trying without base_url"}
{"timestamp": "2025-12-11T03:58:47.941Z", "level": "WARNING", "service": "resume-worker", "message": "Ignored `filter: grayscale(0.7)` at 397:5, unknown property."}
{"timestamp": "2025-12-11T03:58:48.287Z", "level": "ERROR", "service": "resume-worker", "message": "Resume generation failed", "context": {"job_id": "f6c1e6b5-614c-422d-a2f6-01b11d1b9194", "user_id": "6ad0d828-f605-45fc-a545-3441e17a015c", "error": "'super' object has no attribute 'transform'", "error_type": "transient", "retry_count": 3, "duration_ms": 1066}, "exception": "Traceback (most recent call last):\n  File \"/app/src/resume_generator.py\", line 376, in generate_resume\n    HTML(string=html_content, base_url=self.template_dir).write_pdf(\n  File \"/usr/local/lib/python3.11/site-packages/weasyprint/__init__.py\", line 259, in write_pdf\n    self.render(font_config, counter_style, **options)\n  File \"/usr/local/lib/python3.11/site-packages/weasyprint/document.py\", line 400, in write_pdf\n    pdf = generate_pdf(self, target, zoom, **options)\n          ^^^^^^^^^^^^^^^^^^^^^^^^^^^^^^^^^^^^^^^^^^^\n  File \"/usr/local/lib/python3.11/site-packages/weasyprint/pdf/__init__.py\", line 166, in generate_pdf\n    stream.transform(d=-1, f=(page.height * scale))\n  File \"/usr/local/lib/python3.11/site-packages/weasyprint/pdf/stream.py\", line 246, in transform\n    super().transform(a, b, c, d, e, f)\n    ^^^^^^^^^^^^^^^^^\nAttributeError: 'super' object has no attribute 'transform'\n\nDuring handling of the above exception, another exception occurred:\n\nTraceback (most recent call last):\n  File \"/app/src/worker.py\", line 269, in process_job\n    result = self.generator.generate_resume(\n             ^^^^^^^^^^^^^^^^^^^^^^^^^^^^^^^\n  File \"/app/src/resume_generator.py\", line 383, in generate_resume\n    HTML(string=html_content).write_pdf(\n  File \"/usr/local/lib/python3.11/site-packages/weasyprint/__init__.py\", line 259, in write_pdf\n    self.render(font_config, counter_style, **options)\n  File \"/usr/local/lib/python3.11/site-packages/weasyprint/document.py\", line 400, in write_pdf\n    pdf = generate_pdf(self, target, zoom, **options)\n          ^^^^^^^^^^^^^^^^^^^^^^^^^^^^^^^^^^^^^^^^^^^\n  File \"/usr/local/lib/python3.11/site-packages/weasyprint/pdf/__init__.py\", line 166, in generate_pdf\n    stream.transform(d=-1, f=(page.height * scale))\n  File \"/usr/local/lib/python3.11/site-packages/weasyprint/pdf/stream.py\", line 246, in transform\n    super().transform(a, b, c, d, e, f)\n    ^^^^^^^^^^^^^^^^^\nAttributeError: 'super' object has no attribute 'transform'"}
{"timestamp": "2025-12-11T03:58:48.312Z", "level": "ERROR", "service": "resume-worker", "message": "Job moved to dead letter queue", "context": {"job_id": "f6c1e6b5-614c-422d-a2f6-01b11d1b9194", "error": "Max retries (3) reached"}}
{"timestamp": "2025-12-11T03:59:15.141Z", "level": "INFO", "service": "resume-worker", "message": "Starting resume generation worker"}
{"timestamp": "2025-12-11T03:59:15.144Z", "level": "INFO", "service": "resume-worker", "message": "Connected to Redis", "context": {"redis_url": "redis://redis:6379/0"}}
{"timestamp": "2025-12-11T03:59:15.155Z", "level": "INFO", "service": "resume-worker", "message": "Database connection established"}
{"timestamp": "2025-12-11T03:59:15.166Z", "level": "INFO", "service": "resume-worker", "message": "Translation helper database connection established"}
{"timestamp": "2025-12-11T03:59:15.172Z", "level": "INFO", "service": "resume-worker", "message": "Resume generation worker started"}
{"timestamp": "2025-12-11T03:59:25.752Z", "level": "INFO", "service": "resume-worker", "message": "Processing resume generation job", "context": {"job_id": "5e00974d-07de-48a1-ace3-dda55cf109fe", "user_id": "6ad0d828-f605-45fc-a545-3441e17a015c", "job_application_id": "23039927-0434-430c-bcf6-42502251a23b"}}
{"timestamp": "2025-12-11T03:59:25.754Z", "level": "INFO", "service": "resume-worker", "message": "Generating resume for user 6ad0d828-f605-45fc-a545-3441e17a015c, job: Desenvolvedor Backend - Python"}
{"timestamp": "2025-12-11T03:59:25.758Z", "level": "INFO", "service": "resume-worker", "message": "Extracted keywords: {'tech_categories': ['backend', 'language'], 'cert_categories': ['programming'], 'skill_names': ['Python']}"}
{"timestamp": "2025-12-11T03:59:25.770Z", "level": "INFO", "service": "resume-worker", "message": "Found 13 relevant projects"}
{"timestamp": "2025-12-11T03:59:25.785Z", "level": "INFO", "service": "resume-worker", "message": "Found 1 relevant certifications"}
{"timestamp": "2025-12-11T03:59:25.789Z", "level": "INFO", "service": "resume-worker", "message": "Found 4 publications"}
{"timestamp": "2025-12-11T03:59:25.793Z", "level": "INFO", "service": "resume-worker", "message": "Generating resume sections with AI..."}
{"timestamp": "2025-12-11T03:59:25.808Z", "level": "DEBUG", "service": "resume-worker", "message": "Starting new HTTP connection (1): ai-service:8000"}
{"timestamp": "2025-12-11T03:59:25.839Z", "level": "DEBUG", "service": "resume-worker", "message": "http://ai-service:8000 \"POST /v1/chat HTTP/1.1\" 500 21"}
{"timestamp": "2025-12-11T03:59:25.840Z", "level": "ERROR", "service": "resume-worker", "message": "Error generating profile section: 500 Server Error: Internal Server Error for url: http://ai-service:8000/v1/chat"}
{"timestamp": "2025-12-11T03:59:25.842Z", "level": "DEBUG", "service": "resume-worker", "message": "Starting new HTTP connection (1): ai-service:8000"}
{"timestamp": "2025-12-11T03:59:25.863Z", "level": "DEBUG", "service": "resume-worker", "message": "http://ai-service:8000 \"POST /v1/chat HTTP/1.1\" 500 21"}
{"timestamp": "2025-12-11T03:59:25.864Z", "level": "ERROR", "service": "resume-worker", "message": "Error generating about section: 500 Server Error: Internal Server Error for url: http://ai-service:8000/v1/chat"}
{"timestamp": "2025-12-11T03:59:25.866Z", "level": "DEBUG", "service": "resume-worker", "message": "Starting new HTTP connection (1): ai-service:8000"}
{"timestamp": "2025-12-11T03:59:25.890Z", "level": "DEBUG", "service": "resume-worker", "message": "http://ai-service:8000 \"POST /v1/chat HTTP/1.1\" 500 21"}
{"timestamp": "2025-12-11T03:59:25.891Z", "level": "ERROR", "service": "resume-worker", "message": "Error generating experience section: 500 Server Error: Internal Server Error for url: http://ai-service:8000/v1/chat"}
{"timestamp": "2025-12-11T03:59:25.893Z", "level": "DEBUG", "service": "resume-worker", "message": "Starting new HTTP connection (1): ai-service:8000"}
{"timestamp": "2025-12-11T03:59:25.914Z", "level": "DEBUG", "service": "resume-worker", "message": "http://ai-service:8000 \"POST /v1/chat HTTP/1.1\" 500 21"}
{"timestamp": "2025-12-11T03:59:25.915Z", "level": "ERROR", "service": "resume-worker", "message": "Error generating skills section: 500 Server Error: Internal Server Error for url: http://ai-service:8000/v1/chat"}
{"timestamp": "2025-12-11T03:59:25.918Z", "level": "DEBUG", "service": "resume-worker", "message": "Starting new HTTP connection (1): ai-service:8000"}
{"timestamp": "2025-12-11T03:59:25.942Z", "level": "DEBUG", "service": "resume-worker", "message": "http://ai-service:8000 \"POST /v1/chat HTTP/1.1\" 500 21"}
{"timestamp": "2025-12-11T03:59:25.943Z", "level": "ERROR", "service": "resume-worker", "message": "Error generating hard_skills section: 500 Server Error: Internal Server Error for url: http://ai-service:8000/v1/chat"}
{"timestamp": "2025-12-11T03:59:25.944Z", "level": "INFO", "service": "resume-worker", "message": "Hard skills generated: 0 characters"}
{"timestamp": "2025-12-11T03:59:25.945Z", "level": "INFO", "service": "resume-worker", "message": "Generating tags..."}
{"timestamp": "2025-12-11T03:59:25.946Z", "level": "DEBUG", "service": "resume-worker", "message": "Starting new HTTP connection (1): ai-service:8000"}
{"timestamp": "2025-12-11T03:59:25.970Z", "level": "DEBUG", "service": "resume-worker", "message": "http://ai-service:8000 \"POST /v1/chat HTTP/1.1\" 500 21"}
{"timestamp": "2025-12-11T03:59:25.971Z", "level": "ERROR", "service": "resume-worker", "message": "Error generating tags: 500 Server Error: Internal Server Error for url: http://ai-service:8000/v1/chat"}
{"timestamp": "2025-12-11T03:59:25.974Z", "level": "INFO", "service": "resume-worker", "message": "Generated 1 tags: golang"}
{"timestamp": "2025-12-11T03:59:25.975Z", "level": "WARNING", "service": "resume-worker", "message": "Profile generation returned empty, using fallback"}
{"timestamp": "2025-12-11T03:59:25.976Z", "level": "WARNING", "service": "resume-worker", "message": "Hard skills generation returned empty, using fallback hard skills template"}
{"timestamp": "2025-12-11T03:59:26.020Z", "level": "WARNING", "service": "resume-worker", "message": "Ignored `filter: grayscale(0.7)` at 397:5, unknown property."}
{"timestamp": "2025-12-11T03:59:26.379Z", "level": "WARNING", "service": "resume-worker", "message": "PDF generation with base_url failed: 'super' object has no attribute 'transform', trying without base_url"}
{"timestamp": "2025-12-11T03:59:26.398Z", "level": "WARNING", "service": "resume-worker", "message": "Ignored `filter: grayscale(0.7)` at 397:5, unknown property."}
{"timestamp": "2025-12-11T03:59:26.721Z", "level": "ERROR", "service": "resume-worker", "message": "Resume generation failed", "context": {"job_id": "5e00974d-07de-48a1-ace3-dda55cf109fe", "user_id": "6ad0d828-f605-45fc-a545-3441e17a015c", "error": "'super' object has no attribute 'transform'", "error_type": "transient", "retry_count": 0, "duration_ms": 966}, "exception": "Traceback (most recent call last):\n  File \"/app/src/resume_generator.py\", line 376, in generate_resume\n    HTML(string=html_content, base_url=self.template_dir).write_pdf(\n  File \"/usr/local/lib/python3.11/site-packages/weasyprint/__init__.py\", line 259, in write_pdf\n    self.render(font_config, counter_style, **options)\n  File \"/usr/local/lib/python3.11/site-packages/weasyprint/document.py\", line 400, in write_pdf\n    pdf = generate_pdf(self, target, zoom, **options)\n          ^^^^^^^^^^^^^^^^^^^^^^^^^^^^^^^^^^^^^^^^^^^\n  File \"/usr/local/lib/python3.11/site-packages/weasyprint/pdf/__init__.py\", line 166, in generate_pdf\n    stream.transform(d=-1, f=(page.height * scale))\n  File \"/usr/local/lib/python3.11/site-packages/weasyprint/pdf/stream.py\", line 246, in transform\n    super().transform(a, b, c, d, e, f)\n    ^^^^^^^^^^^^^^^^^\nAttributeError: 'super' object has no attribute 'transform'\n\nDuring handling of the above exception, another exception occurred:\n\nTraceback (most recent call last):\n  File \"/app/src/worker.py\", line 269, in process_job\n    result = self.generator.generate_resume(\n             ^^^^^^^^^^^^^^^^^^^^^^^^^^^^^^^\n  File \"/app/src/resume_generator.py\", line 383, in generate_resume\n    HTML(string=html_content).write_pdf(\n  File \"/usr/local/lib/python3.11/site-packages/weasyprint/__init__.py\", line 259, in write_pdf\n    self.render(font_config, counter_style, **options)\n  File \"/usr/local/lib/python3.11/site-packages/weasyprint/document.py\", line 400, in write_pdf\n    pdf = generate_pdf(self, target, zoom, **options)\n          ^^^^^^^^^^^^^^^^^^^^^^^^^^^^^^^^^^^^^^^^^^^\n  File \"/usr/local/lib/python3.11/site-packages/weasyprint/pdf/__init__.py\", line 166, in generate_pdf\n    stream.transform(d=-1, f=(page.height * scale))\n  File \"/usr/local/lib/python3.11/site-packages/weasyprint/pdf/stream.py\", line 246, in transform\n    super().transform(a, b, c, d, e, f)\n    ^^^^^^^^^^^^^^^^^\nAttributeError: 'super' object has no attribute 'transform'"}
{"timestamp": "2025-12-11T03:59:26.728Z", "level": "WARNING", "service": "resume-worker", "message": "Job will retry", "context": {"job_id": "5e00974d-07de-48a1-ace3-dda55cf109fe", "retry_count": 1, "backoff_seconds": 2}}
{"timestamp": "2025-12-11T03:59:28.742Z", "level": "WARNING", "service": "resume-worker", "message": "Job will retry", "context": {"job_id": "5e00974d-07de-48a1-ace3-dda55cf109fe", "retry_count": 1, "backoff_seconds": 2}}
{"timestamp": "2025-12-11T03:59:28.746Z", "level": "INFO", "service": "resume-worker", "message": "Processing resume generation job", "context": {"job_id": "5e00974d-07de-48a1-ace3-dda55cf109fe", "user_id": "6ad0d828-f605-45fc-a545-3441e17a015c", "job_application_id": "23039927-0434-430c-bcf6-42502251a23b"}}
{"timestamp": "2025-12-11T03:59:28.750Z", "level": "INFO", "service": "resume-worker", "message": "Generating resume for user 6ad0d828-f605-45fc-a545-3441e17a015c, job: Desenvolvedor Backend - Python"}
{"timestamp": "2025-12-11T03:59:28.752Z", "level": "INFO", "service": "resume-worker", "message": "Extracted keywords: {'tech_categories': ['backend', 'language'], 'cert_categories': ['programming'], 'skill_names': ['Python']}"}
{"timestamp": "2025-12-11T03:59:28.755Z", "level": "INFO", "service": "resume-worker", "message": "Found 13 relevant projects"}
{"timestamp": "2025-12-11T03:59:28.765Z", "level": "INFO", "service": "resume-worker", "message": "Found 1 relevant certifications"}
{"timestamp": "2025-12-11T03:59:28.767Z", "level": "INFO", "service": "resume-worker", "message": "Found 4 publications"}
{"timestamp": "2025-12-11T03:59:28.770Z", "level": "INFO", "service": "resume-worker", "message": "Generating resume sections with AI..."}
{"timestamp": "2025-12-11T03:59:28.771Z", "level": "DEBUG", "service": "resume-worker", "message": "Starting new HTTP connection (1): ai-service:8000"}
{"timestamp": "2025-12-11T03:59:28.826Z", "level": "DEBUG", "service": "resume-worker", "message": "http://ai-service:8000 \"POST /v1/chat HTTP/1.1\" 500 21"}
{"timestamp": "2025-12-11T03:59:28.828Z", "level": "ERROR", "service": "resume-worker", "message": "Error generating profile section: 500 Server Error: Internal Server Error for url: http://ai-service:8000/v1/chat"}
{"timestamp": "2025-12-11T03:59:28.830Z", "level": "DEBUG", "service": "resume-worker", "message": "Starting new HTTP connection (1): ai-service:8000"}
{"timestamp": "2025-12-11T03:59:28.850Z", "level": "DEBUG", "service": "resume-worker", "message": "http://ai-service:8000 \"POST /v1/chat HTTP/1.1\" 500 21"}
{"timestamp": "2025-12-11T03:59:28.851Z", "level": "ERROR", "service": "resume-worker", "message": "Error generating about section: 500 Server Error: Internal Server Error for url: http://ai-service:8000/v1/chat"}
{"timestamp": "2025-12-11T03:59:28.857Z", "level": "DEBUG", "service": "resume-worker", "message": "Starting new HTTP connection (1): ai-service:8000"}
{"timestamp": "2025-12-11T03:59:28.878Z", "level": "DEBUG", "service": "resume-worker", "message": "http://ai-service:8000 \"POST /v1/chat HTTP/1.1\" 500 21"}
{"timestamp": "2025-12-11T03:59:28.879Z", "level": "ERROR", "service": "resume-worker", "message": "Error generating experience section: 500 Server Error: Internal Server Error for url: http://ai-service:8000/v1/chat"}
{"timestamp": "2025-12-11T03:59:28.881Z", "level": "DEBUG", "service": "resume-worker", "message": "Starting new HTTP connection (1): ai-service:8000"}
{"timestamp": "2025-12-11T03:59:28.901Z", "level": "DEBUG", "service": "resume-worker", "message": "http://ai-service:8000 \"POST /v1/chat HTTP/1.1\" 500 21"}
{"timestamp": "2025-12-11T03:59:28.902Z", "level": "ERROR", "service": "resume-worker", "message": "Error generating skills section: 500 Server Error: Internal Server Error for url: http://ai-service:8000/v1/chat"}
{"timestamp": "2025-12-11T03:59:28.905Z", "level": "DEBUG", "service": "resume-worker", "message": "Starting new HTTP connection (1): ai-service:8000"}
{"timestamp": "2025-12-11T03:59:28.927Z", "level": "DEBUG", "service": "resume-worker", "message": "http://ai-service:8000 \"POST /v1/chat HTTP/1.1\" 500 21"}
{"timestamp": "2025-12-11T03:59:28.928Z", "level": "ERROR", "service": "resume-worker", "message": "Error generating hard_skills section: 500 Server Error: Internal Server Error for url: http://ai-service:8000/v1/chat"}
{"timestamp": "2025-12-11T03:59:28.930Z", "level": "INFO", "service": "resume-worker", "message": "Hard skills generated: 0 characters"}
{"timestamp": "2025-12-11T03:59:28.931Z", "level": "INFO", "service": "resume-worker", "message": "Generating tags..."}
{"timestamp": "2025-12-11T03:59:28.932Z", "level": "DEBUG", "service": "resume-worker", "message": "Starting new HTTP connection (1): ai-service:8000"}
{"timestamp": "2025-12-11T03:59:28.951Z", "level": "DEBUG", "service": "resume-worker", "message": "http://ai-service:8000 \"POST /v1/chat HTTP/1.1\" 500 21"}
{"timestamp": "2025-12-11T03:59:28.952Z", "level": "ERROR", "service": "resume-worker", "message": "Error generating tags: 500 Server Error: Internal Server Error for url: http://ai-service:8000/v1/chat"}
{"timestamp": "2025-12-11T03:59:28.953Z", "level": "INFO", "service": "resume-worker", "message": "Generated 1 tags: golang"}
{"timestamp": "2025-12-11T03:59:28.954Z", "level": "WARNING", "service": "resume-worker", "message": "Profile generation returned empty, using fallback"}
{"timestamp": "2025-12-11T03:59:28.954Z", "level": "WARNING", "service": "resume-worker", "message": "Hard skills generation returned empty, using fallback hard skills template"}
{"timestamp": "2025-12-11T03:59:28.971Z", "level": "WARNING", "service": "resume-worker", "message": "Ignored `filter: grayscale(0.7)` at 397:5, unknown property."}
{"timestamp": "2025-12-11T03:59:29.290Z", "level": "WARNING", "service": "resume-worker", "message": "PDF generation with base_url failed: 'super' object has no attribute 'transform', trying without base_url"}
{"timestamp": "2025-12-11T03:59:29.310Z", "level": "WARNING", "service": "resume-worker", "message": "Ignored `filter: grayscale(0.7)` at 397:5, unknown property."}
{"timestamp": "2025-12-11T03:59:29.610Z", "level": "ERROR", "service": "resume-worker", "message": "Resume generation failed", "context": {"job_id": "5e00974d-07de-48a1-ace3-dda55cf109fe", "user_id": "6ad0d828-f605-45fc-a545-3441e17a015c", "error": "'super' object has no attribute 'transform'", "error_type": "transient", "retry_count": 1, "duration_ms": 860}, "exception": "Traceback (most recent call last):\n  File \"/app/src/resume_generator.py\", line 376, in generate_resume\n    HTML(string=html_content, base_url=self.template_dir).write_pdf(\n  File \"/usr/local/lib/python3.11/site-packages/weasyprint/__init__.py\", line 259, in write_pdf\n    self.render(font_config, counter_style, **options)\n  File \"/usr/local/lib/python3.11/site-packages/weasyprint/document.py\", line 400, in write_pdf\n    pdf = generate_pdf(self, target, zoom, **options)\n          ^^^^^^^^^^^^^^^^^^^^^^^^^^^^^^^^^^^^^^^^^^^\n  File \"/usr/local/lib/python3.11/site-packages/weasyprint/pdf/__init__.py\", line 166, in generate_pdf\n    stream.transform(d=-1, f=(page.height * scale))\n  File \"/usr/local/lib/python3.11/site-packages/weasyprint/pdf/stream.py\", line 246, in transform\n    super().transform(a, b, c, d, e, f)\n    ^^^^^^^^^^^^^^^^^\nAttributeError: 'super' object has no attribute 'transform'\n\nDuring handling of the above exception, another exception occurred:\n\nTraceback (most recent call last):\n  File \"/app/src/worker.py\", line 269, in process_job\n    result = self.generator.generate_resume(\n             ^^^^^^^^^^^^^^^^^^^^^^^^^^^^^^^\n  File \"/app/src/resume_generator.py\", line 383, in generate_resume\n    HTML(string=html_content).write_pdf(\n  File \"/usr/local/lib/python3.11/site-packages/weasyprint/__init__.py\", line 259, in write_pdf\n    self.render(font_config, counter_style, **options)\n  File \"/usr/local/lib/python3.11/site-packages/weasyprint/document.py\", line 400, in write_pdf\n    pdf = generate_pdf(self, target, zoom, **options)\n          ^^^^^^^^^^^^^^^^^^^^^^^^^^^^^^^^^^^^^^^^^^^\n  File \"/usr/local/lib/python3.11/site-packages/weasyprint/pdf/__init__.py\", line 166, in generate_pdf\n    stream.transform(d=-1, f=(page.height * scale))\n  File \"/usr/local/lib/python3.11/site-packages/weasyprint/pdf/stream.py\", line 246, in transform\n    super().transform(a, b, c, d, e, f)\n    ^^^^^^^^^^^^^^^^^\nAttributeError: 'super' object has no attribute 'transform'"}
{"timestamp": "2025-12-11T03:59:29.617Z", "level": "WARNING", "service": "resume-worker", "message": "Job will retry", "context": {"job_id": "5e00974d-07de-48a1-ace3-dda55cf109fe", "retry_count": 2, "backoff_seconds": 4}}
{"timestamp": "2025-12-11T03:59:33.630Z", "level": "WARNING", "service": "resume-worker", "message": "Job will retry", "context": {"job_id": "5e00974d-07de-48a1-ace3-dda55cf109fe", "retry_count": 2, "backoff_seconds": 4}}
{"timestamp": "2025-12-11T03:59:33.633Z", "level": "INFO", "service": "resume-worker", "message": "Processing resume generation job", "context": {"job_id": "5e00974d-07de-48a1-ace3-dda55cf109fe", "user_id": "6ad0d828-f605-45fc-a545-3441e17a015c", "job_application_id": "23039927-0434-430c-bcf6-42502251a23b"}}
{"timestamp": "2025-12-11T03:59:33.636Z", "level": "INFO", "service": "resume-worker", "message": "Generating resume for user 6ad0d828-f605-45fc-a545-3441e17a015c, job: Desenvolvedor Backend - Python"}
{"timestamp": "2025-12-11T03:59:33.638Z", "level": "INFO", "service": "resume-worker", "message": "Extracted keywords: {'tech_categories': ['backend', 'language'], 'cert_categories': ['programming'], 'skill_names': ['Python']}"}
{"timestamp": "2025-12-11T03:59:33.644Z", "level": "INFO", "service": "resume-worker", "message": "Found 13 relevant projects"}
{"timestamp": "2025-12-11T03:59:33.653Z", "level": "INFO", "service": "resume-worker", "message": "Found 1 relevant certifications"}
{"timestamp": "2025-12-11T03:59:33.656Z", "level": "INFO", "service": "resume-worker", "message": "Found 4 publications"}
{"timestamp": "2025-12-11T03:59:33.660Z", "level": "INFO", "service": "resume-worker", "message": "Generating resume sections with AI..."}
{"timestamp": "2025-12-11T03:59:33.662Z", "level": "DEBUG", "service": "resume-worker", "message": "Starting new HTTP connection (1): ai-service:8000"}
{"timestamp": "2025-12-11T03:59:33.686Z", "level": "DEBUG", "service": "resume-worker", "message": "http://ai-service:8000 \"POST /v1/chat HTTP/1.1\" 500 21"}
{"timestamp": "2025-12-11T03:59:33.687Z", "level": "ERROR", "service": "resume-worker", "message": "Error generating profile section: 500 Server Error: Internal Server Error for url: http://ai-service:8000/v1/chat"}
{"timestamp": "2025-12-11T03:59:33.691Z", "level": "DEBUG", "service": "resume-worker", "message": "Starting new HTTP connection (1): ai-service:8000"}
{"timestamp": "2025-12-11T03:59:33.724Z", "level": "DEBUG", "service": "resume-worker", "message": "http://ai-service:8000 \"POST /v1/chat HTTP/1.1\" 500 21"}
{"timestamp": "2025-12-11T03:59:33.726Z", "level": "ERROR", "service": "resume-worker", "message": "Error generating about section: 500 Server Error: Internal Server Error for url: http://ai-service:8000/v1/chat"}
{"timestamp": "2025-12-11T03:59:33.729Z", "level": "DEBUG", "service": "resume-worker", "message": "Starting new HTTP connection (1): ai-service:8000"}
{"timestamp": "2025-12-11T03:59:33.759Z", "level": "DEBUG", "service": "resume-worker", "message": "http://ai-service:8000 \"POST /v1/chat HTTP/1.1\" 500 21"}
{"timestamp": "2025-12-11T03:59:33.760Z", "level": "ERROR", "service": "resume-worker", "message": "Error generating experience section: 500 Server Error: Internal Server Error for url: http://ai-service:8000/v1/chat"}
{"timestamp": "2025-12-11T03:59:33.762Z", "level": "DEBUG", "service": "resume-worker", "message": "Starting new HTTP connection (1): ai-service:8000"}
{"timestamp": "2025-12-11T03:59:33.786Z", "level": "DEBUG", "service": "resume-worker", "message": "http://ai-service:8000 \"POST /v1/chat HTTP/1.1\" 500 21"}
{"timestamp": "2025-12-11T03:59:33.787Z", "level": "ERROR", "service": "resume-worker", "message": "Error generating skills section: 500 Server Error: Internal Server Error for url: http://ai-service:8000/v1/chat"}
{"timestamp": "2025-12-11T03:59:33.796Z", "level": "DEBUG", "service": "resume-worker", "message": "Starting new HTTP connection (1): ai-service:8000"}
{"timestamp": "2025-12-11T03:59:33.825Z", "level": "DEBUG", "service": "resume-worker", "message": "http://ai-service:8000 \"POST /v1/chat HTTP/1.1\" 500 21"}
{"timestamp": "2025-12-11T03:59:33.827Z", "level": "ERROR", "service": "resume-worker", "message": "Error generating hard_skills section: 500 Server Error: Internal Server Error for url: http://ai-service:8000/v1/chat"}
{"timestamp": "2025-12-11T03:59:33.829Z", "level": "INFO", "service": "resume-worker", "message": "Hard skills generated: 0 characters"}
{"timestamp": "2025-12-11T03:59:33.829Z", "level": "INFO", "service": "resume-worker", "message": "Generating tags..."}
{"timestamp": "2025-12-11T03:59:33.831Z", "level": "DEBUG", "service": "resume-worker", "message": "Starting new HTTP connection (1): ai-service:8000"}
{"timestamp": "2025-12-11T03:59:33.858Z", "level": "DEBUG", "service": "resume-worker", "message": "http://ai-service:8000 \"POST /v1/chat HTTP/1.1\" 500 21"}
{"timestamp": "2025-12-11T03:59:33.859Z", "level": "ERROR", "service": "resume-worker", "message": "Error generating tags: 500 Server Error: Internal Server Error for url: http://ai-service:8000/v1/chat"}
{"timestamp": "2025-12-11T03:59:33.861Z", "level": "INFO", "service": "resume-worker", "message": "Generated 1 tags: golang"}
{"timestamp": "2025-12-11T03:59:33.862Z", "level": "WARNING", "service": "resume-worker", "message": "Profile generation returned empty, using fallback"}
{"timestamp": "2025-12-11T03:59:33.862Z", "level": "WARNING", "service": "resume-worker", "message": "Hard skills generation returned empty, using fallback hard skills template"}
{"timestamp": "2025-12-11T03:59:33.885Z", "level": "WARNING", "service": "resume-worker", "message": "Ignored `filter: grayscale(0.7)` at 397:5, unknown property."}
{"timestamp": "2025-12-11T03:59:34.280Z", "level": "WARNING", "service": "resume-worker", "message": "PDF generation with base_url failed: 'super' object has no attribute 'transform', trying without base_url"}
{"timestamp": "2025-12-11T03:59:34.297Z", "level": "WARNING", "service": "resume-worker", "message": "Ignored `filter: grayscale(0.7)` at 397:5, unknown property."}
{"timestamp": "2025-12-11T03:59:34.596Z", "level": "ERROR", "service": "resume-worker", "message": "Resume generation failed", "context": {"job_id": "5e00974d-07de-48a1-ace3-dda55cf109fe", "user_id": "6ad0d828-f605-45fc-a545-3441e17a015c", "error": "'super' object has no attribute 'transform'", "error_type": "transient", "retry_count": 2, "duration_ms": 959}, "exception": "Traceback (most recent call last):\n  File \"/app/src/resume_generator.py\", line 376, in generate_resume\n    HTML(string=html_content, base_url=self.template_dir).write_pdf(\n  File \"/usr/local/lib/python3.11/site-packages/weasyprint/__init__.py\", line 259, in write_pdf\n    self.render(font_config, counter_style, **options)\n  File \"/usr/local/lib/python3.11/site-packages/weasyprint/document.py\", line 400, in write_pdf\n    pdf = generate_pdf(self, target, zoom, **options)\n          ^^^^^^^^^^^^^^^^^^^^^^^^^^^^^^^^^^^^^^^^^^^\n  File \"/usr/local/lib/python3.11/site-packages/weasyprint/pdf/__init__.py\", line 166, in generate_pdf\n    stream.transform(d=-1, f=(page.height * scale))\n  File \"/usr/local/lib/python3.11/site-packages/weasyprint/pdf/stream.py\", line 246, in transform\n    super().transform(a, b, c, d, e, f)\n    ^^^^^^^^^^^^^^^^^\nAttributeError: 'super' object has no attribute 'transform'\n\nDuring handling of the above exception, another exception occurred:\n\nTraceback (most recent call last):\n  File \"/app/src/worker.py\", line 269, in process_job\n    result = self.generator.generate_resume(\n             ^^^^^^^^^^^^^^^^^^^^^^^^^^^^^^^\n  File \"/app/src/resume_generator.py\", line 383, in generate_resume\n    HTML(string=html_content).write_pdf(\n  File \"/usr/local/lib/python3.11/site-packages/weasyprint/__init__.py\", line 259, in write_pdf\n    self.render(font_config, counter_style, **options)\n  File \"/usr/local/lib/python3.11/site-packages/weasyprint/document.py\", line 400, in write_pdf\n    pdf = generate_pdf(self, target, zoom, **options)\n          ^^^^^^^^^^^^^^^^^^^^^^^^^^^^^^^^^^^^^^^^^^^\n  File \"/usr/local/lib/python3.11/site-packages/weasyprint/pdf/__init__.py\", line 166, in generate_pdf\n    stream.transform(d=-1, f=(page.height * scale))\n  File \"/usr/local/lib/python3.11/site-packages/weasyprint/pdf/stream.py\", line 246, in transform\n    super().transform(a, b, c, d, e, f)\n    ^^^^^^^^^^^^^^^^^\nAttributeError: 'super' object has no attribute 'transform'"}
{"timestamp": "2025-12-11T03:59:34.602Z", "level": "WARNING", "service": "resume-worker", "message": "Job will retry", "context": {"job_id": "5e00974d-07de-48a1-ace3-dda55cf109fe", "retry_count": 3, "backoff_seconds": 8}}
{"timestamp": "2025-12-11T03:59:42.609Z", "level": "WARNING", "service": "resume-worker", "message": "Job will retry", "context": {"job_id": "5e00974d-07de-48a1-ace3-dda55cf109fe", "retry_count": 3, "backoff_seconds": 8}}
{"timestamp": "2025-12-11T03:59:43.093Z", "level": "INFO", "service": "resume-worker", "message": "Processing resume generation job", "context": {"job_id": "5e00974d-07de-48a1-ace3-dda55cf109fe", "user_id": "6ad0d828-f605-45fc-a545-3441e17a015c", "job_application_id": "23039927-0434-430c-bcf6-42502251a23b"}}
{"timestamp": "2025-12-11T03:59:43.094Z", "level": "INFO", "service": "resume-worker", "message": "Generating resume for user 6ad0d828-f605-45fc-a545-3441e17a015c, job: Desenvolvedor Backend - Python"}
{"timestamp": "2025-12-11T03:59:43.096Z", "level": "INFO", "service": "resume-worker", "message": "Extracted keywords: {'tech_categories': ['backend', 'language'], 'cert_categories': ['programming'], 'skill_names': ['Python']}"}
{"timestamp": "2025-12-11T03:59:43.102Z", "level": "INFO", "service": "resume-worker", "message": "Found 13 relevant projects"}
{"timestamp": "2025-12-11T03:59:43.109Z", "level": "INFO", "service": "resume-worker", "message": "Found 1 relevant certifications"}
{"timestamp": "2025-12-11T03:59:43.111Z", "level": "INFO", "service": "resume-worker", "message": "Found 4 publications"}
{"timestamp": "2025-12-11T03:59:43.115Z", "level": "INFO", "service": "resume-worker", "message": "Generating resume sections with AI..."}
{"timestamp": "2025-12-11T03:59:43.117Z", "level": "DEBUG", "service": "resume-worker", "message": "Starting new HTTP connection (1): ai-service:8000"}
{"timestamp": "2025-12-11T03:59:43.155Z", "level": "DEBUG", "service": "resume-worker", "message": "http://ai-service:8000 \"POST /v1/chat HTTP/1.1\" 500 21"}
{"timestamp": "2025-12-11T03:59:43.159Z", "level": "ERROR", "service": "resume-worker", "message": "Error generating profile section: 500 Server Error: Internal Server Error for url: http://ai-service:8000/v1/chat"}
{"timestamp": "2025-12-11T03:59:43.163Z", "level": "DEBUG", "service": "resume-worker", "message": "Starting new HTTP connection (1): ai-service:8000"}
{"timestamp": "2025-12-11T03:59:43.194Z", "level": "DEBUG", "service": "resume-worker", "message": "http://ai-service:8000 \"POST /v1/chat HTTP/1.1\" 500 21"}
{"timestamp": "2025-12-11T03:59:43.195Z", "level": "ERROR", "service": "resume-worker", "message": "Error generating about section: 500 Server Error: Internal Server Error for url: http://ai-service:8000/v1/chat"}
{"timestamp": "2025-12-11T03:59:43.201Z", "level": "DEBUG", "service": "resume-worker", "message": "Starting new HTTP connection (1): ai-service:8000"}
{"timestamp": "2025-12-11T03:59:43.227Z", "level": "DEBUG", "service": "resume-worker", "message": "http://ai-service:8000 \"POST /v1/chat HTTP/1.1\" 500 21"}
{"timestamp": "2025-12-11T03:59:43.228Z", "level": "ERROR", "service": "resume-worker", "message": "Error generating experience section: 500 Server Error: Internal Server Error for url: http://ai-service:8000/v1/chat"}
{"timestamp": "2025-12-11T03:59:43.231Z", "level": "DEBUG", "service": "resume-worker", "message": "Starting new HTTP connection (1): ai-service:8000"}
{"timestamp": "2025-12-11T03:59:43.270Z", "level": "DEBUG", "service": "resume-worker", "message": "http://ai-service:8000 \"POST /v1/chat HTTP/1.1\" 500 21"}
{"timestamp": "2025-12-11T03:59:43.275Z", "level": "ERROR", "service": "resume-worker", "message": "Error generating skills section: 500 Server Error: Internal Server Error for url: http://ai-service:8000/v1/chat"}
{"timestamp": "2025-12-11T03:59:43.281Z", "level": "DEBUG", "service": "resume-worker", "message": "Starting new HTTP connection (1): ai-service:8000"}
{"timestamp": "2025-12-11T03:59:43.310Z", "level": "DEBUG", "service": "resume-worker", "message": "http://ai-service:8000 \"POST /v1/chat HTTP/1.1\" 500 21"}
{"timestamp": "2025-12-11T03:59:43.311Z", "level": "ERROR", "service": "resume-worker", "message": "Error generating hard_skills section: 500 Server Error: Internal Server Error for url: http://ai-service:8000/v1/chat"}
{"timestamp": "2025-12-11T03:59:43.313Z", "level": "INFO", "service": "resume-worker", "message": "Hard skills generated: 0 characters"}
{"timestamp": "2025-12-11T03:59:43.313Z", "level": "INFO", "service": "resume-worker", "message": "Generating tags..."}
{"timestamp": "2025-12-11T03:59:43.315Z", "level": "DEBUG", "service": "resume-worker", "message": "Starting new HTTP connection (1): ai-service:8000"}
{"timestamp": "2025-12-11T03:59:40.138Z", "level": "DEBUG", "service": "resume-worker", "message": "http://ai-service:8000 \"POST /v1/chat HTTP/1.1\" 500 21"}
{"timestamp": "2025-12-11T03:59:40.140Z", "level": "ERROR", "service": "resume-worker", "message": "Error generating tags: 500 Server Error: Internal Server Error for url: http://ai-service:8000/v1/chat"}
{"timestamp": "2025-12-11T03:59:40.141Z", "level": "INFO", "service": "resume-worker", "message": "Generated 1 tags: golang"}
{"timestamp": "2025-12-11T03:59:40.142Z", "level": "WARNING", "service": "resume-worker", "message": "Profile generation returned empty, using fallback"}
{"timestamp": "2025-12-11T03:59:40.142Z", "level": "WARNING", "service": "resume-worker", "message": "Hard skills generation returned empty, using fallback hard skills template"}
{"timestamp": "2025-12-11T03:59:40.167Z", "level": "WARNING", "service": "resume-worker", "message": "Ignored `filter: grayscale(0.7)` at 397:5, unknown property."}
{"timestamp": "2025-12-11T03:59:40.512Z", "level": "WARNING", "service": "resume-worker", "message": "PDF generation with base_url failed: 'super' object has no attribute 'transform', trying without base_url"}
{"timestamp": "2025-12-11T03:59:40.533Z", "level": "WARNING", "service": "resume-worker", "message": "Ignored `filter: grayscale(0.7)` at 397:5, unknown property."}
{"timestamp": "2025-12-11T03:59:40.918Z", "level": "ERROR", "service": "resume-worker", "message": "Resume generation failed", "context": {"job_id": "5e00974d-07de-48a1-ace3-dda55cf109fe", "user_id": "6ad0d828-f605-45fc-a545-3441e17a015c", "error": "'super' object has no attribute 'transform'", "error_type": "transient", "retry_count": 3, "duration_ms": -2175}, "exception": "Traceback (most recent call last):\n  File \"/app/src/resume_generator.py\", line 376, in generate_resume\n    HTML(string=html_content, base_url=self.template_dir).write_pdf(\n  File \"/usr/local/lib/python3.11/site-packages/weasyprint/__init__.py\", line 259, in write_pdf\n    self.render(font_config, counter_style, **options)\n  File \"/usr/local/lib/python3.11/site-packages/weasyprint/document.py\", line 400, in write_pdf\n    pdf = generate_pdf(self, target, zoom, **options)\n          ^^^^^^^^^^^^^^^^^^^^^^^^^^^^^^^^^^^^^^^^^^^\n  File \"/usr/local/lib/python3.11/site-packages/weasyprint/pdf/__init__.py\", line 166, in generate_pdf\n    stream.transform(d=-1, f=(page.height * scale))\n  File \"/usr/local/lib/python3.11/site-packages/weasyprint/pdf/stream.py\", line 246, in transform\n    super().transform(a, b, c, d, e, f)\n    ^^^^^^^^^^^^^^^^^\nAttributeError: 'super' object has no attribute 'transform'\n\nDuring handling of the above exception, another exception occurred:\n\nTraceback (most recent call last):\n  File \"/app/src/worker.py\", line 269, in process_job\n    result = self.generator.generate_resume(\n             ^^^^^^^^^^^^^^^^^^^^^^^^^^^^^^^\n  File \"/app/src/resume_generator.py\", line 383, in generate_resume\n    HTML(string=html_content).write_pdf(\n  File \"/usr/local/lib/python3.11/site-packages/weasyprint/__init__.py\", line 259, in write_pdf\n    self.render(font_config, counter_style, **options)\n  File \"/usr/local/lib/python3.11/site-packages/weasyprint/document.py\", line 400, in write_pdf\n    pdf = generate_pdf(self, target, zoom, **options)\n          ^^^^^^^^^^^^^^^^^^^^^^^^^^^^^^^^^^^^^^^^^^^\n  File \"/usr/local/lib/python3.11/site-packages/weasyprint/pdf/__init__.py\", line 166, in generate_pdf\n    stream.transform(d=-1, f=(page.height * scale))\n  File \"/usr/local/lib/python3.11/site-packages/weasyprint/pdf/stream.py\", line 246, in transform\n    super().transform(a, b, c, d, e, f)\n    ^^^^^^^^^^^^^^^^^\nAttributeError: 'super' object has no attribute 'transform'"}
{"timestamp": "2025-12-11T03:59:40.928Z", "level": "ERROR", "service": "resume-worker", "message": "Job moved to dead letter queue", "context": {"job_id": "5e00974d-07de-48a1-ace3-dda55cf109fe", "error": "Max retries (3) reached"}}
{"timestamp": "2025-12-11T04:00:07.571Z", "level": "INFO", "service": "resume-worker", "message": "Starting resume generation worker"}
{"timestamp": "2025-12-11T04:00:07.577Z", "level": "INFO", "service": "resume-worker", "message": "Connected to Redis", "context": {"redis_url": "redis://redis:6379/0"}}
{"timestamp": "2025-12-11T04:00:07.587Z", "level": "INFO", "service": "resume-worker", "message": "Database connection established"}
{"timestamp": "2025-12-11T04:00:07.597Z", "level": "INFO", "service": "resume-worker", "message": "Translation helper database connection established"}
{"timestamp": "2025-12-11T04:00:07.599Z", "level": "INFO", "service": "resume-worker", "message": "Resume generation worker started"}
{"timestamp": "2025-12-11T04:06:34.932Z", "level": "INFO", "service": "resume-worker", "message": "Starting resume generation worker"}
{"timestamp": "2025-12-11T04:06:34.939Z", "level": "INFO", "service": "resume-worker", "message": "Connected to Redis", "context": {"redis_url": "redis://redis:6379/0"}}
{"timestamp": "2025-12-11T04:06:34.959Z", "level": "INFO", "service": "resume-worker", "message": "Database connection established"}
{"timestamp": "2025-12-11T04:06:34.969Z", "level": "INFO", "service": "resume-worker", "message": "Translation helper database connection established"}
{"timestamp": "2025-12-11T04:06:34.971Z", "level": "INFO", "service": "resume-worker", "message": "Resume generation worker started"}
{"timestamp": "2025-12-11T04:09:00.297Z", "level": "INFO", "service": "resume-worker", "message": "Processing resume generation job", "context": {"job_id": "6d849b56-78fd-4439-b85d-83553cb3d6b3", "user_id": "6ad0d828-f605-45fc-a545-3441e17a015c", "job_application_id": "23039927-0434-430c-bcf6-42502251a23b"}}
{"timestamp": "2025-12-11T04:09:00.302Z", "level": "INFO", "service": "resume-worker", "message": "Generating resume for user 6ad0d828-f605-45fc-a545-3441e17a015c, job: Desenvolvedor Backend - Python"}
{"timestamp": "2025-12-11T04:09:00.308Z", "level": "INFO", "service": "resume-worker", "message": "Extracted keywords: {'tech_categories': ['backend', 'language'], 'cert_categories': ['programming'], 'skill_names': ['Python']}"}
{"timestamp": "2025-12-11T04:09:00.326Z", "level": "INFO", "service": "resume-worker", "message": "Found 13 relevant projects"}
{"timestamp": "2025-12-11T04:09:00.351Z", "level": "INFO", "service": "resume-worker", "message": "Found 1 relevant certifications"}
{"timestamp": "2025-12-11T04:09:00.387Z", "level": "INFO", "service": "resume-worker", "message": "Found 4 publications"}
{"timestamp": "2025-12-11T04:09:00.400Z", "level": "INFO", "service": "resume-worker", "message": "Generating resume sections with AI..."}
{"timestamp": "2025-12-11T04:09:00.434Z", "level": "DEBUG", "service": "resume-worker", "message": "Starting new HTTP connection (1): ai-service:8000"}
{"timestamp": "2025-12-11T04:09:00.670Z", "level": "DEBUG", "service": "resume-worker", "message": "http://ai-service:8000 \"POST /v1/chat HTTP/1.1\" 500 21"}
{"timestamp": "2025-12-11T04:09:00.671Z", "level": "ERROR", "service": "resume-worker", "message": "Error generating profile section: 500 Server Error: Internal Server Error for url: http://ai-service:8000/v1/chat"}
{"timestamp": "2025-12-11T04:09:00.673Z", "level": "DEBUG", "service": "resume-worker", "message": "Starting new HTTP connection (1): ai-service:8000"}
{"timestamp": "2025-12-11T04:09:00.696Z", "level": "DEBUG", "service": "resume-worker", "message": "http://ai-service:8000 \"POST /v1/chat HTTP/1.1\" 500 21"}
{"timestamp": "2025-12-11T04:09:00.697Z", "level": "ERROR", "service": "resume-worker", "message": "Error generating about section: 500 Server Error: Internal Server Error for url: http://ai-service:8000/v1/chat"}
{"timestamp": "2025-12-11T04:09:00.699Z", "level": "DEBUG", "service": "resume-worker", "message": "Starting new HTTP connection (1): ai-service:8000"}
{"timestamp": "2025-12-11T04:09:00.724Z", "level": "DEBUG", "service": "resume-worker", "message": "http://ai-service:8000 \"POST /v1/chat HTTP/1.1\" 500 21"}
{"timestamp": "2025-12-11T04:09:00.725Z", "level": "ERROR", "service": "resume-worker", "message": "Error generating experience section: 500 Server Error: Internal Server Error for url: http://ai-service:8000/v1/chat"}
{"timestamp": "2025-12-11T04:09:00.728Z", "level": "DEBUG", "service": "resume-worker", "message": "Starting new HTTP connection (1): ai-service:8000"}
{"timestamp": "2025-12-11T04:09:00.749Z", "level": "DEBUG", "service": "resume-worker", "message": "http://ai-service:8000 \"POST /v1/chat HTTP/1.1\" 500 21"}
{"timestamp": "2025-12-11T04:09:00.750Z", "level": "ERROR", "service": "resume-worker", "message": "Error generating skills section: 500 Server Error: Internal Server Error for url: http://ai-service:8000/v1/chat"}
{"timestamp": "2025-12-11T04:09:00.752Z", "level": "DEBUG", "service": "resume-worker", "message": "Starting new HTTP connection (1): ai-service:8000"}
{"timestamp": "2025-12-11T04:09:00.783Z", "level": "DEBUG", "service": "resume-worker", "message": "http://ai-service:8000 \"POST /v1/chat HTTP/1.1\" 500 21"}
{"timestamp": "2025-12-11T04:09:00.784Z", "level": "ERROR", "service": "resume-worker", "message": "Error generating hard_skills section: 500 Server Error: Internal Server Error for url: http://ai-service:8000/v1/chat"}
{"timestamp": "2025-12-11T04:09:00.786Z", "level": "INFO", "service": "resume-worker", "message": "Hard skills generated: 0 characters"}
{"timestamp": "2025-12-11T04:09:00.787Z", "level": "INFO", "service": "resume-worker", "message": "Generating tags..."}
{"timestamp": "2025-12-11T04:09:00.788Z", "level": "DEBUG", "service": "resume-worker", "message": "Starting new HTTP connection (1): ai-service:8000"}
{"timestamp": "2025-12-11T04:09:00.809Z", "level": "DEBUG", "service": "resume-worker", "message": "http://ai-service:8000 \"POST /v1/chat HTTP/1.1\" 500 21"}
{"timestamp": "2025-12-11T04:09:00.810Z", "level": "ERROR", "service": "resume-worker", "message": "Error generating tags: 500 Server Error: Internal Server Error for url: http://ai-service:8000/v1/chat"}
{"timestamp": "2025-12-11T04:09:00.813Z", "level": "INFO", "service": "resume-worker", "message": "Generated 1 tags: golang"}
{"timestamp": "2025-12-11T04:09:00.814Z", "level": "WARNING", "service": "resume-worker", "message": "Profile generation returned empty, using fallback"}
{"timestamp": "2025-12-11T04:09:00.815Z", "level": "WARNING", "service": "resume-worker", "message": "Hard skills generation returned empty, using fallback hard skills template"}
{"timestamp": "2025-12-11T04:09:00.890Z", "level": "WARNING", "service": "resume-worker", "message": "Ignored `filter: grayscale(0.7)` at 397:5, unknown property."}
{"timestamp": "2025-12-11T04:09:01.279Z", "level": "WARNING", "service": "resume-worker", "message": "PDF generation with base_url failed: 'super' object has no attribute 'transform', trying without base_url"}
{"timestamp": "2025-12-11T04:09:01.298Z", "level": "WARNING", "service": "resume-worker", "message": "Ignored `filter: grayscale(0.7)` at 397:5, unknown property."}
{"timestamp": "2025-12-11T04:09:01.585Z", "level": "ERROR", "service": "resume-worker", "message": "Resume generation failed", "context": {"job_id": "6d849b56-78fd-4439-b85d-83553cb3d6b3", "user_id": "6ad0d828-f605-45fc-a545-3441e17a015c", "error": "'super' object has no attribute 'transform'", "error_type": "transient", "retry_count": 0, "duration_ms": 1282}, "exception": "Traceback (most recent call last):\n  File \"/app/src/resume_generator.py\", line 376, in generate_resume\n    HTML(string=html_content, base_url=self.template_dir).write_pdf(\n  File \"/usr/local/lib/python3.11/site-packages/weasyprint/__init__.py\", line 259, in write_pdf\n    self.render(font_config, counter_style, **options)\n  File \"/usr/local/lib/python3.11/site-packages/weasyprint/document.py\", line 400, in write_pdf\n    pdf = generate_pdf(self, target, zoom, **options)\n          ^^^^^^^^^^^^^^^^^^^^^^^^^^^^^^^^^^^^^^^^^^^\n  File \"/usr/local/lib/python3.11/site-packages/weasyprint/pdf/__init__.py\", line 166, in generate_pdf\n    stream.transform(d=-1, f=(page.height * scale))\n  File \"/usr/local/lib/python3.11/site-packages/weasyprint/pdf/stream.py\", line 246, in transform\n    super().transform(a, b, c, d, e, f)\n    ^^^^^^^^^^^^^^^^^\nAttributeError: 'super' object has no attribute 'transform'\n\nDuring handling of the above exception, another exception occurred:\n\nTraceback (most recent call last):\n  File \"/app/src/worker.py\", line 269, in process_job\n    result = self.generator.generate_resume(\n             ^^^^^^^^^^^^^^^^^^^^^^^^^^^^^^^\n  File \"/app/src/resume_generator.py\", line 383, in generate_resume\n    HTML(string=html_content).write_pdf(\n  File \"/usr/local/lib/python3.11/site-packages/weasyprint/__init__.py\", line 259, in write_pdf\n    self.render(font_config, counter_style, **options)\n  File \"/usr/local/lib/python3.11/site-packages/weasyprint/document.py\", line 400, in write_pdf\n    pdf = generate_pdf(self, target, zoom, **options)\n          ^^^^^^^^^^^^^^^^^^^^^^^^^^^^^^^^^^^^^^^^^^^\n  File \"/usr/local/lib/python3.11/site-packages/weasyprint/pdf/__init__.py\", line 166, in generate_pdf\n    stream.transform(d=-1, f=(page.height * scale))\n  File \"/usr/local/lib/python3.11/site-packages/weasyprint/pdf/stream.py\", line 246, in transform\n    super().transform(a, b, c, d, e, f)\n    ^^^^^^^^^^^^^^^^^\nAttributeError: 'super' object has no attribute 'transform'"}
{"timestamp": "2025-12-11T04:09:01.604Z", "level": "WARNING", "service": "resume-worker", "message": "Job will retry", "context": {"job_id": "6d849b56-78fd-4439-b85d-83553cb3d6b3", "retry_count": 1, "backoff_seconds": 2}}
{"timestamp": "2025-12-11T04:09:03.638Z", "level": "WARNING", "service": "resume-worker", "message": "Job will retry", "context": {"job_id": "6d849b56-78fd-4439-b85d-83553cb3d6b3", "retry_count": 1, "backoff_seconds": 2}}
{"timestamp": "2025-12-11T04:09:03.642Z", "level": "INFO", "service": "resume-worker", "message": "Processing resume generation job", "context": {"job_id": "6d849b56-78fd-4439-b85d-83553cb3d6b3", "user_id": "6ad0d828-f605-45fc-a545-3441e17a015c", "job_application_id": "23039927-0434-430c-bcf6-42502251a23b"}}
{"timestamp": "2025-12-11T04:09:03.645Z", "level": "INFO", "service": "resume-worker", "message": "Generating resume for user 6ad0d828-f605-45fc-a545-3441e17a015c, job: Desenvolvedor Backend - Python"}
{"timestamp": "2025-12-11T04:09:03.647Z", "level": "INFO", "service": "resume-worker", "message": "Extracted keywords: {'tech_categories': ['backend', 'language'], 'cert_categories': ['programming'], 'skill_names': ['Python']}"}
{"timestamp": "2025-12-11T04:09:03.650Z", "level": "INFO", "service": "resume-worker", "message": "Found 13 relevant projects"}
{"timestamp": "2025-12-11T04:09:03.655Z", "level": "INFO", "service": "resume-worker", "message": "Found 1 relevant certifications"}
{"timestamp": "2025-12-11T04:09:03.657Z", "level": "INFO", "service": "resume-worker", "message": "Found 4 publications"}
{"timestamp": "2025-12-11T04:09:03.659Z", "level": "INFO", "service": "resume-worker", "message": "Generating resume sections with AI..."}
{"timestamp": "2025-12-11T04:09:03.661Z", "level": "DEBUG", "service": "resume-worker", "message": "Starting new HTTP connection (1): ai-service:8000"}
{"timestamp": "2025-12-11T04:09:03.681Z", "level": "DEBUG", "service": "resume-worker", "message": "http://ai-service:8000 \"POST /v1/chat HTTP/1.1\" 500 21"}
{"timestamp": "2025-12-11T04:09:03.683Z", "level": "ERROR", "service": "resume-worker", "message": "Error generating profile section: 500 Server Error: Internal Server Error for url: http://ai-service:8000/v1/chat"}
{"timestamp": "2025-12-11T04:09:03.686Z", "level": "DEBUG", "service": "resume-worker", "message": "Starting new HTTP connection (1): ai-service:8000"}
{"timestamp": "2025-12-11T04:09:03.709Z", "level": "DEBUG", "service": "resume-worker", "message": "http://ai-service:8000 \"POST /v1/chat HTTP/1.1\" 500 21"}
{"timestamp": "2025-12-11T04:09:03.711Z", "level": "ERROR", "service": "resume-worker", "message": "Error generating about section: 500 Server Error: Internal Server Error for url: http://ai-service:8000/v1/chat"}
{"timestamp": "2025-12-11T04:09:03.714Z", "level": "DEBUG", "service": "resume-worker", "message": "Starting new HTTP connection (1): ai-service:8000"}
{"timestamp": "2025-12-11T04:09:03.734Z", "level": "DEBUG", "service": "resume-worker", "message": "http://ai-service:8000 \"POST /v1/chat HTTP/1.1\" 500 21"}
{"timestamp": "2025-12-11T04:09:03.737Z", "level": "ERROR", "service": "resume-worker", "message": "Error generating experience section: 500 Server Error: Internal Server Error for url: http://ai-service:8000/v1/chat"}
{"timestamp": "2025-12-11T04:09:03.741Z", "level": "DEBUG", "service": "resume-worker", "message": "Starting new HTTP connection (1): ai-service:8000"}
{"timestamp": "2025-12-11T04:09:03.764Z", "level": "DEBUG", "service": "resume-worker", "message": "http://ai-service:8000 \"POST /v1/chat HTTP/1.1\" 500 21"}
{"timestamp": "2025-12-11T04:09:03.766Z", "level": "ERROR", "service": "resume-worker", "message": "Error generating skills section: 500 Server Error: Internal Server Error for url: http://ai-service:8000/v1/chat"}
{"timestamp": "2025-12-11T04:09:03.768Z", "level": "DEBUG", "service": "resume-worker", "message": "Starting new HTTP connection (1): ai-service:8000"}
{"timestamp": "2025-12-11T04:09:03.801Z", "level": "DEBUG", "service": "resume-worker", "message": "http://ai-service:8000 \"POST /v1/chat HTTP/1.1\" 500 21"}
{"timestamp": "2025-12-11T04:09:03.802Z", "level": "ERROR", "service": "resume-worker", "message": "Error generating hard_skills section: 500 Server Error: Internal Server Error for url: http://ai-service:8000/v1/chat"}
{"timestamp": "2025-12-11T04:09:03.803Z", "level": "INFO", "service": "resume-worker", "message": "Hard skills generated: 0 characters"}
{"timestamp": "2025-12-11T04:09:03.804Z", "level": "INFO", "service": "resume-worker", "message": "Generating tags..."}
{"timestamp": "2025-12-11T04:09:03.805Z", "level": "DEBUG", "service": "resume-worker", "message": "Starting new HTTP connection (1): ai-service:8000"}
{"timestamp": "2025-12-11T04:09:03.825Z", "level": "DEBUG", "service": "resume-worker", "message": "http://ai-service:8000 \"POST /v1/chat HTTP/1.1\" 500 21"}
{"timestamp": "2025-12-11T04:09:03.826Z", "level": "ERROR", "service": "resume-worker", "message": "Error generating tags: 500 Server Error: Internal Server Error for url: http://ai-service:8000/v1/chat"}
{"timestamp": "2025-12-11T04:09:03.828Z", "level": "INFO", "service": "resume-worker", "message": "Generated 1 tags: golang"}
{"timestamp": "2025-12-11T04:09:03.829Z", "level": "WARNING", "service": "resume-worker", "message": "Profile generation returned empty, using fallback"}
{"timestamp": "2025-12-11T04:09:03.829Z", "level": "WARNING", "service": "resume-worker", "message": "Hard skills generation returned empty, using fallback hard skills template"}
{"timestamp": "2025-12-11T04:09:03.847Z", "level": "WARNING", "service": "resume-worker", "message": "Ignored `filter: grayscale(0.7)` at 397:5, unknown property."}
{"timestamp": "2025-12-11T04:09:04.137Z", "level": "WARNING", "service": "resume-worker", "message": "PDF generation with base_url failed: 'super' object has no attribute 'transform', trying without base_url"}
{"timestamp": "2025-12-11T04:09:04.155Z", "level": "WARNING", "service": "resume-worker", "message": "Ignored `filter: grayscale(0.7)` at 397:5, unknown property."}
{"timestamp": "2025-12-11T04:09:04.452Z", "level": "ERROR", "service": "resume-worker", "message": "Resume generation failed", "context": {"job_id": "6d849b56-78fd-4439-b85d-83553cb3d6b3", "user_id": "6ad0d828-f605-45fc-a545-3441e17a015c", "error": "'super' object has no attribute 'transform'", "error_type": "transient", "retry_count": 1, "duration_ms": 806}, "exception": "Traceback (most recent call last):\n  File \"/app/src/resume_generator.py\", line 376, in generate_resume\n    HTML(string=html_content, base_url=self.template_dir).write_pdf(\n  File \"/usr/local/lib/python3.11/site-packages/weasyprint/__init__.py\", line 259, in write_pdf\n    self.render(font_config, counter_style, **options)\n  File \"/usr/local/lib/python3.11/site-packages/weasyprint/document.py\", line 400, in write_pdf\n    pdf = generate_pdf(self, target, zoom, **options)\n          ^^^^^^^^^^^^^^^^^^^^^^^^^^^^^^^^^^^^^^^^^^^\n  File \"/usr/local/lib/python3.11/site-packages/weasyprint/pdf/__init__.py\", line 166, in generate_pdf\n    stream.transform(d=-1, f=(page.height * scale))\n  File \"/usr/local/lib/python3.11/site-packages/weasyprint/pdf/stream.py\", line 246, in transform\n    super().transform(a, b, c, d, e, f)\n    ^^^^^^^^^^^^^^^^^\nAttributeError: 'super' object has no attribute 'transform'\n\nDuring handling of the above exception, another exception occurred:\n\nTraceback (most recent call last):\n  File \"/app/src/worker.py\", line 269, in process_job\n    result = self.generator.generate_resume(\n             ^^^^^^^^^^^^^^^^^^^^^^^^^^^^^^^\n  File \"/app/src/resume_generator.py\", line 383, in generate_resume\n    HTML(string=html_content).write_pdf(\n  File \"/usr/local/lib/python3.11/site-packages/weasyprint/__init__.py\", line 259, in write_pdf\n    self.render(font_config, counter_style, **options)\n  File \"/usr/local/lib/python3.11/site-packages/weasyprint/document.py\", line 400, in write_pdf\n    pdf = generate_pdf(self, target, zoom, **options)\n          ^^^^^^^^^^^^^^^^^^^^^^^^^^^^^^^^^^^^^^^^^^^\n  File \"/usr/local/lib/python3.11/site-packages/weasyprint/pdf/__init__.py\", line 166, in generate_pdf\n    stream.transform(d=-1, f=(page.height * scale))\n  File \"/usr/local/lib/python3.11/site-packages/weasyprint/pdf/stream.py\", line 246, in transform\n    super().transform(a, b, c, d, e, f)\n    ^^^^^^^^^^^^^^^^^\nAttributeError: 'super' object has no attribute 'transform'"}
{"timestamp": "2025-12-11T04:09:04.458Z", "level": "WARNING", "service": "resume-worker", "message": "Job will retry", "context": {"job_id": "6d849b56-78fd-4439-b85d-83553cb3d6b3", "retry_count": 2, "backoff_seconds": 4}}
{"timestamp": "2025-12-11T04:09:08.462Z", "level": "WARNING", "service": "resume-worker", "message": "Job will retry", "context": {"job_id": "6d849b56-78fd-4439-b85d-83553cb3d6b3", "retry_count": 2, "backoff_seconds": 4}}
{"timestamp": "2025-12-11T04:09:08.466Z", "level": "INFO", "service": "resume-worker", "message": "Processing resume generation job", "context": {"job_id": "6d849b56-78fd-4439-b85d-83553cb3d6b3", "user_id": "6ad0d828-f605-45fc-a545-3441e17a015c", "job_application_id": "23039927-0434-430c-bcf6-42502251a23b"}}
{"timestamp": "2025-12-11T04:09:08.469Z", "level": "INFO", "service": "resume-worker", "message": "Generating resume for user 6ad0d828-f605-45fc-a545-3441e17a015c, job: Desenvolvedor Backend - Python"}
{"timestamp": "2025-12-11T04:09:08.472Z", "level": "INFO", "service": "resume-worker", "message": "Extracted keywords: {'tech_categories': ['backend', 'language'], 'cert_categories': ['programming'], 'skill_names': ['Python']}"}
{"timestamp": "2025-12-11T04:09:08.476Z", "level": "INFO", "service": "resume-worker", "message": "Found 13 relevant projects"}
{"timestamp": "2025-12-11T04:09:08.489Z", "level": "INFO", "service": "resume-worker", "message": "Found 1 relevant certifications"}
{"timestamp": "2025-12-11T04:09:08.492Z", "level": "INFO", "service": "resume-worker", "message": "Found 4 publications"}
{"timestamp": "2025-12-11T04:09:08.495Z", "level": "INFO", "service": "resume-worker", "message": "Generating resume sections with AI..."}
{"timestamp": "2025-12-11T04:09:08.497Z", "level": "DEBUG", "service": "resume-worker", "message": "Starting new HTTP connection (1): ai-service:8000"}
{"timestamp": "2025-12-11T04:09:08.522Z", "level": "DEBUG", "service": "resume-worker", "message": "http://ai-service:8000 \"POST /v1/chat HTTP/1.1\" 500 21"}
{"timestamp": "2025-12-11T04:09:08.524Z", "level": "ERROR", "service": "resume-worker", "message": "Error generating profile section: 500 Server Error: Internal Server Error for url: http://ai-service:8000/v1/chat"}
{"timestamp": "2025-12-11T04:09:08.526Z", "level": "DEBUG", "service": "resume-worker", "message": "Starting new HTTP connection (1): ai-service:8000"}
{"timestamp": "2025-12-11T04:09:08.544Z", "level": "DEBUG", "service": "resume-worker", "message": "http://ai-service:8000 \"POST /v1/chat HTTP/1.1\" 500 21"}
{"timestamp": "2025-12-11T04:09:08.545Z", "level": "ERROR", "service": "resume-worker", "message": "Error generating about section: 500 Server Error: Internal Server Error for url: http://ai-service:8000/v1/chat"}
{"timestamp": "2025-12-11T04:09:08.549Z", "level": "DEBUG", "service": "resume-worker", "message": "Starting new HTTP connection (1): ai-service:8000"}
{"timestamp": "2025-12-11T04:09:08.570Z", "level": "DEBUG", "service": "resume-worker", "message": "http://ai-service:8000 \"POST /v1/chat HTTP/1.1\" 500 21"}
{"timestamp": "2025-12-11T04:09:08.572Z", "level": "ERROR", "service": "resume-worker", "message": "Error generating experience section: 500 Server Error: Internal Server Error for url: http://ai-service:8000/v1/chat"}
{"timestamp": "2025-12-11T04:09:08.575Z", "level": "DEBUG", "service": "resume-worker", "message": "Starting new HTTP connection (1): ai-service:8000"}
{"timestamp": "2025-12-11T04:09:08.605Z", "level": "DEBUG", "service": "resume-worker", "message": "http://ai-service:8000 \"POST /v1/chat HTTP/1.1\" 500 21"}
{"timestamp": "2025-12-11T04:09:08.606Z", "level": "ERROR", "service": "resume-worker", "message": "Error generating skills section: 500 Server Error: Internal Server Error for url: http://ai-service:8000/v1/chat"}
{"timestamp": "2025-12-11T04:09:08.609Z", "level": "DEBUG", "service": "resume-worker", "message": "Starting new HTTP connection (1): ai-service:8000"}
{"timestamp": "2025-12-11T04:09:08.627Z", "level": "DEBUG", "service": "resume-worker", "message": "http://ai-service:8000 \"POST /v1/chat HTTP/1.1\" 500 21"}
{"timestamp": "2025-12-11T04:09:08.629Z", "level": "ERROR", "service": "resume-worker", "message": "Error generating hard_skills section: 500 Server Error: Internal Server Error for url: http://ai-service:8000/v1/chat"}
{"timestamp": "2025-12-11T04:09:08.631Z", "level": "INFO", "service": "resume-worker", "message": "Hard skills generated: 0 characters"}
{"timestamp": "2025-12-11T04:09:08.632Z", "level": "INFO", "service": "resume-worker", "message": "Generating tags..."}
{"timestamp": "2025-12-11T04:09:08.634Z", "level": "DEBUG", "service": "resume-worker", "message": "Starting new HTTP connection (1): ai-service:8000"}
{"timestamp": "2025-12-11T04:09:08.654Z", "level": "DEBUG", "service": "resume-worker", "message": "http://ai-service:8000 \"POST /v1/chat HTTP/1.1\" 500 21"}
{"timestamp": "2025-12-11T04:09:08.655Z", "level": "ERROR", "service": "resume-worker", "message": "Error generating tags: 500 Server Error: Internal Server Error for url: http://ai-service:8000/v1/chat"}
{"timestamp": "2025-12-11T04:09:08.658Z", "level": "INFO", "service": "resume-worker", "message": "Generated 1 tags: golang"}
{"timestamp": "2025-12-11T04:09:08.659Z", "level": "WARNING", "service": "resume-worker", "message": "Profile generation returned empty, using fallback"}
{"timestamp": "2025-12-11T04:09:08.660Z", "level": "WARNING", "service": "resume-worker", "message": "Hard skills generation returned empty, using fallback hard skills template"}
{"timestamp": "2025-12-11T04:09:08.677Z", "level": "WARNING", "service": "resume-worker", "message": "Ignored `filter: grayscale(0.7)` at 397:5, unknown property."}
{"timestamp": "2025-12-11T04:09:08.983Z", "level": "WARNING", "service": "resume-worker", "message": "PDF generation with base_url failed: 'super' object has no attribute 'transform', trying without base_url"}
{"timestamp": "2025-12-11T04:09:08.998Z", "level": "WARNING", "service": "resume-worker", "message": "Ignored `filter: grayscale(0.7)` at 397:5, unknown property."}
{"timestamp": "2025-12-11T04:09:09.266Z", "level": "ERROR", "service": "resume-worker", "message": "Resume generation failed", "context": {"job_id": "6d849b56-78fd-4439-b85d-83553cb3d6b3", "user_id": "6ad0d828-f605-45fc-a545-3441e17a015c", "error": "'super' object has no attribute 'transform'", "error_type": "transient", "retry_count": 2, "duration_ms": 797}, "exception": "Traceback (most recent call last):\n  File \"/app/src/resume_generator.py\", line 376, in generate_resume\n    HTML(string=html_content, base_url=self.template_dir).write_pdf(\n  File \"/usr/local/lib/python3.11/site-packages/weasyprint/__init__.py\", line 259, in write_pdf\n    self.render(font_config, counter_style, **options)\n  File \"/usr/local/lib/python3.11/site-packages/weasyprint/document.py\", line 400, in write_pdf\n    pdf = generate_pdf(self, target, zoom, **options)\n          ^^^^^^^^^^^^^^^^^^^^^^^^^^^^^^^^^^^^^^^^^^^\n  File \"/usr/local/lib/python3.11/site-packages/weasyprint/pdf/__init__.py\", line 166, in generate_pdf\n    stream.transform(d=-1, f=(page.height * scale))\n  File \"/usr/local/lib/python3.11/site-packages/weasyprint/pdf/stream.py\", line 246, in transform\n    super().transform(a, b, c, d, e, f)\n    ^^^^^^^^^^^^^^^^^\nAttributeError: 'super' object has no attribute 'transform'\n\nDuring handling of the above exception, another exception occurred:\n\nTraceback (most recent call last):\n  File \"/app/src/worker.py\", line 269, in process_job\n    result = self.generator.generate_resume(\n             ^^^^^^^^^^^^^^^^^^^^^^^^^^^^^^^\n  File \"/app/src/resume_generator.py\", line 383, in generate_resume\n    HTML(string=html_content).write_pdf(\n  File \"/usr/local/lib/python3.11/site-packages/weasyprint/__init__.py\", line 259, in write_pdf\n    self.render(font_config, counter_style, **options)\n  File \"/usr/local/lib/python3.11/site-packages/weasyprint/document.py\", line 400, in write_pdf\n    pdf = generate_pdf(self, target, zoom, **options)\n          ^^^^^^^^^^^^^^^^^^^^^^^^^^^^^^^^^^^^^^^^^^^\n  File \"/usr/local/lib/python3.11/site-packages/weasyprint/pdf/__init__.py\", line 166, in generate_pdf\n    stream.transform(d=-1, f=(page.height * scale))\n  File \"/usr/local/lib/python3.11/site-packages/weasyprint/pdf/stream.py\", line 246, in transform\n    super().transform(a, b, c, d, e, f)\n    ^^^^^^^^^^^^^^^^^\nAttributeError: 'super' object has no attribute 'transform'"}
{"timestamp": "2025-12-11T04:09:09.273Z", "level": "WARNING", "service": "resume-worker", "message": "Job will retry", "context": {"job_id": "6d849b56-78fd-4439-b85d-83553cb3d6b3", "retry_count": 3, "backoff_seconds": 8}}
{"timestamp": "2025-12-11T04:09:14.539Z", "level": "WARNING", "service": "resume-worker", "message": "Job will retry", "context": {"job_id": "6d849b56-78fd-4439-b85d-83553cb3d6b3", "retry_count": 3, "backoff_seconds": 8}}
{"timestamp": "2025-12-11T04:09:14.542Z", "level": "INFO", "service": "resume-worker", "message": "Processing resume generation job", "context": {"job_id": "3e12cbbe-eff5-4e91-8a3a-29ec2714a7c5", "user_id": "6ad0d828-f605-45fc-a545-3441e17a015c", "job_application_id": "23039927-0434-430c-bcf6-42502251a23b"}}
{"timestamp": "2025-12-11T04:09:14.545Z", "level": "INFO", "service": "resume-worker", "message": "Generating resume for user 6ad0d828-f605-45fc-a545-3441e17a015c, job: Desenvolvedor Backend - Python"}
{"timestamp": "2025-12-11T04:09:14.546Z", "level": "INFO", "service": "resume-worker", "message": "Extracted keywords: {'tech_categories': ['backend', 'language'], 'cert_categories': ['programming'], 'skill_names': ['Python']}"}
{"timestamp": "2025-12-11T04:09:14.549Z", "level": "INFO", "service": "resume-worker", "message": "Found 13 relevant projects"}
{"timestamp": "2025-12-11T04:09:14.558Z", "level": "INFO", "service": "resume-worker", "message": "Found 1 relevant certifications"}
{"timestamp": "2025-12-11T04:09:14.561Z", "level": "INFO", "service": "resume-worker", "message": "Found 4 publications"}
{"timestamp": "2025-12-11T04:09:14.564Z", "level": "INFO", "service": "resume-worker", "message": "Generating resume sections with AI..."}
{"timestamp": "2025-12-11T04:09:14.571Z", "level": "DEBUG", "service": "resume-worker", "message": "Starting new HTTP connection (1): ai-service:8000"}
{"timestamp": "2025-12-11T04:09:14.605Z", "level": "DEBUG", "service": "resume-worker", "message": "http://ai-service:8000 \"POST /v1/chat HTTP/1.1\" 500 21"}
{"timestamp": "2025-12-11T04:09:14.606Z", "level": "ERROR", "service": "resume-worker", "message": "Error generating profile section: 500 Server Error: Internal Server Error for url: http://ai-service:8000/v1/chat"}
{"timestamp": "2025-12-11T04:09:14.608Z", "level": "DEBUG", "service": "resume-worker", "message": "Starting new HTTP connection (1): ai-service:8000"}
{"timestamp": "2025-12-11T04:09:14.632Z", "level": "DEBUG", "service": "resume-worker", "message": "http://ai-service:8000 \"POST /v1/chat HTTP/1.1\" 500 21"}
{"timestamp": "2025-12-11T04:09:14.633Z", "level": "ERROR", "service": "resume-worker", "message": "Error generating about section: 500 Server Error: Internal Server Error for url: http://ai-service:8000/v1/chat"}
{"timestamp": "2025-12-11T04:09:14.637Z", "level": "DEBUG", "service": "resume-worker", "message": "Starting new HTTP connection (1): ai-service:8000"}
{"timestamp": "2025-12-11T04:09:14.660Z", "level": "DEBUG", "service": "resume-worker", "message": "http://ai-service:8000 \"POST /v1/chat HTTP/1.1\" 500 21"}
{"timestamp": "2025-12-11T04:09:14.661Z", "level": "ERROR", "service": "resume-worker", "message": "Error generating experience section: 500 Server Error: Internal Server Error for url: http://ai-service:8000/v1/chat"}
{"timestamp": "2025-12-11T04:09:14.663Z", "level": "DEBUG", "service": "resume-worker", "message": "Starting new HTTP connection (1): ai-service:8000"}
{"timestamp": "2025-12-11T04:09:14.683Z", "level": "DEBUG", "service": "resume-worker", "message": "http://ai-service:8000 \"POST /v1/chat HTTP/1.1\" 500 21"}
{"timestamp": "2025-12-11T04:09:14.684Z", "level": "ERROR", "service": "resume-worker", "message": "Error generating skills section: 500 Server Error: Internal Server Error for url: http://ai-service:8000/v1/chat"}
{"timestamp": "2025-12-11T04:09:14.687Z", "level": "DEBUG", "service": "resume-worker", "message": "Starting new HTTP connection (1): ai-service:8000"}
{"timestamp": "2025-12-11T04:09:14.716Z", "level": "DEBUG", "service": "resume-worker", "message": "http://ai-service:8000 \"POST /v1/chat HTTP/1.1\" 500 21"}
{"timestamp": "2025-12-11T04:09:14.717Z", "level": "ERROR", "service": "resume-worker", "message": "Error generating hard_skills section: 500 Server Error: Internal Server Error for url: http://ai-service:8000/v1/chat"}
{"timestamp": "2025-12-11T04:09:14.718Z", "level": "INFO", "service": "resume-worker", "message": "Hard skills generated: 0 characters"}
{"timestamp": "2025-12-11T04:09:14.719Z", "level": "INFO", "service": "resume-worker", "message": "Generating tags..."}
{"timestamp": "2025-12-11T04:09:14.720Z", "level": "DEBUG", "service": "resume-worker", "message": "Starting new HTTP connection (1): ai-service:8000"}
{"timestamp": "2025-12-11T04:09:14.747Z", "level": "DEBUG", "service": "resume-worker", "message": "http://ai-service:8000 \"POST /v1/chat HTTP/1.1\" 500 21"}
{"timestamp": "2025-12-11T04:09:14.749Z", "level": "ERROR", "service": "resume-worker", "message": "Error generating tags: 500 Server Error: Internal Server Error for url: http://ai-service:8000/v1/chat"}
{"timestamp": "2025-12-11T04:09:14.751Z", "level": "INFO", "service": "resume-worker", "message": "Generated 1 tags: golang"}
{"timestamp": "2025-12-11T04:09:14.752Z", "level": "WARNING", "service": "resume-worker", "message": "Profile generation returned empty, using fallback"}
{"timestamp": "2025-12-11T04:09:14.753Z", "level": "WARNING", "service": "resume-worker", "message": "Hard skills generation returned empty, using fallback hard skills template"}
{"timestamp": "2025-12-11T04:09:14.771Z", "level": "WARNING", "service": "resume-worker", "message": "Ignored `filter: grayscale(0.7)` at 397:5, unknown property."}
{"timestamp": "2025-12-11T04:09:15.062Z", "level": "WARNING", "service": "resume-worker", "message": "PDF generation with base_url failed: 'super' object has no attribute 'transform', trying without base_url"}
{"timestamp": "2025-12-11T04:09:15.080Z", "level": "WARNING", "service": "resume-worker", "message": "Ignored `filter: grayscale(0.7)` at 397:5, unknown property."}
{"timestamp": "2025-12-11T04:09:15.402Z", "level": "ERROR", "service": "resume-worker", "message": "Resume generation failed", "context": {"job_id": "3e12cbbe-eff5-4e91-8a3a-29ec2714a7c5", "user_id": "6ad0d828-f605-45fc-a545-3441e17a015c", "error": "'super' object has no attribute 'transform'", "error_type": "transient", "retry_count": 0, "duration_ms": 857}, "exception": "Traceback (most recent call last):\n  File \"/app/src/resume_generator.py\", line 376, in generate_resume\n    HTML(string=html_content, base_url=self.template_dir).write_pdf(\n  File \"/usr/local/lib/python3.11/site-packages/weasyprint/__init__.py\", line 259, in write_pdf\n    self.render(font_config, counter_style, **options)\n  File \"/usr/local/lib/python3.11/site-packages/weasyprint/document.py\", line 400, in write_pdf\n    pdf = generate_pdf(self, target, zoom, **options)\n          ^^^^^^^^^^^^^^^^^^^^^^^^^^^^^^^^^^^^^^^^^^^\n  File \"/usr/local/lib/python3.11/site-packages/weasyprint/pdf/__init__.py\", line 166, in generate_pdf\n    stream.transform(d=-1, f=(page.height * scale))\n  File \"/usr/local/lib/python3.11/site-packages/weasyprint/pdf/stream.py\", line 246, in transform\n    super().transform(a, b, c, d, e, f)\n    ^^^^^^^^^^^^^^^^^\nAttributeError: 'super' object has no attribute 'transform'\n\nDuring handling of the above exception, another exception occurred:\n\nTraceback (most recent call last):\n  File \"/app/src/worker.py\", line 269, in process_job\n    result = self.generator.generate_resume(\n             ^^^^^^^^^^^^^^^^^^^^^^^^^^^^^^^\n  File \"/app/src/resume_generator.py\", line 383, in generate_resume\n    HTML(string=html_content).write_pdf(\n  File \"/usr/local/lib/python3.11/site-packages/weasyprint/__init__.py\", line 259, in write_pdf\n    self.render(font_config, counter_style, **options)\n  File \"/usr/local/lib/python3.11/site-packages/weasyprint/document.py\", line 400, in write_pdf\n    pdf = generate_pdf(self, target, zoom, **options)\n          ^^^^^^^^^^^^^^^^^^^^^^^^^^^^^^^^^^^^^^^^^^^\n  File \"/usr/local/lib/python3.11/site-packages/weasyprint/pdf/__init__.py\", line 166, in generate_pdf\n    stream.transform(d=-1, f=(page.height * scale))\n  File \"/usr/local/lib/python3.11/site-packages/weasyprint/pdf/stream.py\", line 246, in transform\n    super().transform(a, b, c, d, e, f)\n    ^^^^^^^^^^^^^^^^^\nAttributeError: 'super' object has no attribute 'transform'"}
{"timestamp": "2025-12-11T04:09:15.408Z", "level": "WARNING", "service": "resume-worker", "message": "Job will retry", "context": {"job_id": "3e12cbbe-eff5-4e91-8a3a-29ec2714a7c5", "retry_count": 1, "backoff_seconds": 2}}
{"timestamp": "2025-12-11T04:09:17.440Z", "level": "WARNING", "service": "resume-worker", "message": "Job will retry", "context": {"job_id": "3e12cbbe-eff5-4e91-8a3a-29ec2714a7c5", "retry_count": 1, "backoff_seconds": 2}}
{"timestamp": "2025-12-11T04:09:17.444Z", "level": "INFO", "service": "resume-worker", "message": "Processing resume generation job", "context": {"job_id": "6d849b56-78fd-4439-b85d-83553cb3d6b3", "user_id": "6ad0d828-f605-45fc-a545-3441e17a015c", "job_application_id": "23039927-0434-430c-bcf6-42502251a23b"}}
{"timestamp": "2025-12-11T04:09:17.446Z", "level": "INFO", "service": "resume-worker", "message": "Generating resume for user 6ad0d828-f605-45fc-a545-3441e17a015c, job: Desenvolvedor Backend - Python"}
{"timestamp": "2025-12-11T04:09:17.448Z", "level": "INFO", "service": "resume-worker", "message": "Extracted keywords: {'tech_categories': ['backend', 'language'], 'cert_categories': ['programming'], 'skill_names': ['Python']}"}
{"timestamp": "2025-12-11T04:09:17.451Z", "level": "INFO", "service": "resume-worker", "message": "Found 13 relevant projects"}
{"timestamp": "2025-12-11T04:09:17.457Z", "level": "INFO", "service": "resume-worker", "message": "Found 1 relevant certifications"}
{"timestamp": "2025-12-11T04:09:17.460Z", "level": "INFO", "service": "resume-worker", "message": "Found 4 publications"}
{"timestamp": "2025-12-11T04:09:17.464Z", "level": "INFO", "service": "resume-worker", "message": "Generating resume sections with AI..."}
{"timestamp": "2025-12-11T04:09:17.466Z", "level": "DEBUG", "service": "resume-worker", "message": "Starting new HTTP connection (1): ai-service:8000"}
{"timestamp": "2025-12-11T04:09:17.493Z", "level": "DEBUG", "service": "resume-worker", "message": "http://ai-service:8000 \"POST /v1/chat HTTP/1.1\" 500 21"}
{"timestamp": "2025-12-11T04:09:17.494Z", "level": "ERROR", "service": "resume-worker", "message": "Error generating profile section: 500 Server Error: Internal Server Error for url: http://ai-service:8000/v1/chat"}
{"timestamp": "2025-12-11T04:09:17.496Z", "level": "DEBUG", "service": "resume-worker", "message": "Starting new HTTP connection (1): ai-service:8000"}
{"timestamp": "2025-12-11T04:09:17.528Z", "level": "DEBUG", "service": "resume-worker", "message": "http://ai-service:8000 \"POST /v1/chat HTTP/1.1\" 500 21"}
{"timestamp": "2025-12-11T04:09:17.529Z", "level": "ERROR", "service": "resume-worker", "message": "Error generating about section: 500 Server Error: Internal Server Error for url: http://ai-service:8000/v1/chat"}
{"timestamp": "2025-12-11T04:09:17.531Z", "level": "DEBUG", "service": "resume-worker", "message": "Starting new HTTP connection (1): ai-service:8000"}
{"timestamp": "2025-12-11T04:09:17.554Z", "level": "DEBUG", "service": "resume-worker", "message": "http://ai-service:8000 \"POST /v1/chat HTTP/1.1\" 500 21"}
{"timestamp": "2025-12-11T04:09:17.555Z", "level": "ERROR", "service": "resume-worker", "message": "Error generating experience section: 500 Server Error: Internal Server Error for url: http://ai-service:8000/v1/chat"}
{"timestamp": "2025-12-11T04:09:17.556Z", "level": "DEBUG", "service": "resume-worker", "message": "Starting new HTTP connection (1): ai-service:8000"}
{"timestamp": "2025-12-11T04:09:17.579Z", "level": "DEBUG", "service": "resume-worker", "message": "http://ai-service:8000 \"POST /v1/chat HTTP/1.1\" 500 21"}
{"timestamp": "2025-12-11T04:09:17.580Z", "level": "ERROR", "service": "resume-worker", "message": "Error generating skills section: 500 Server Error: Internal Server Error for url: http://ai-service:8000/v1/chat"}
{"timestamp": "2025-12-11T04:09:17.582Z", "level": "DEBUG", "service": "resume-worker", "message": "Starting new HTTP connection (1): ai-service:8000"}
{"timestamp": "2025-12-11T04:09:17.607Z", "level": "DEBUG", "service": "resume-worker", "message": "http://ai-service:8000 \"POST /v1/chat HTTP/1.1\" 500 21"}
{"timestamp": "2025-12-11T04:09:17.608Z", "level": "ERROR", "service": "resume-worker", "message": "Error generating hard_skills section: 500 Server Error: Internal Server Error for url: http://ai-service:8000/v1/chat"}
{"timestamp": "2025-12-11T04:09:17.609Z", "level": "INFO", "service": "resume-worker", "message": "Hard skills generated: 0 characters"}
{"timestamp": "2025-12-11T04:09:17.610Z", "level": "INFO", "service": "resume-worker", "message": "Generating tags..."}
{"timestamp": "2025-12-11T04:09:17.611Z", "level": "DEBUG", "service": "resume-worker", "message": "Starting new HTTP connection (1): ai-service:8000"}
{"timestamp": "2025-12-11T04:09:17.646Z", "level": "DEBUG", "service": "resume-worker", "message": "http://ai-service:8000 \"POST /v1/chat HTTP/1.1\" 500 21"}
{"timestamp": "2025-12-11T04:09:17.647Z", "level": "ERROR", "service": "resume-worker", "message": "Error generating tags: 500 Server Error: Internal Server Error for url: http://ai-service:8000/v1/chat"}
{"timestamp": "2025-12-11T04:09:17.648Z", "level": "INFO", "service": "resume-worker", "message": "Generated 1 tags: golang"}
{"timestamp": "2025-12-11T04:09:17.649Z", "level": "WARNING", "service": "resume-worker", "message": "Profile generation returned empty, using fallback"}
{"timestamp": "2025-12-11T04:09:17.650Z", "level": "WARNING", "service": "resume-worker", "message": "Hard skills generation returned empty, using fallback hard skills template"}
{"timestamp": "2025-12-11T04:09:17.671Z", "level": "WARNING", "service": "resume-worker", "message": "Ignored `filter: grayscale(0.7)` at 397:5, unknown property."}
{"timestamp": "2025-12-11T04:09:18.384Z", "level": "WARNING", "service": "resume-worker", "message": "PDF generation with base_url failed: 'super' object has no attribute 'transform', trying without base_url"}
{"timestamp": "2025-12-11T04:09:18.409Z", "level": "WARNING", "service": "resume-worker", "message": "Ignored `filter: grayscale(0.7)` at 397:5, unknown property."}
{"timestamp": "2025-12-11T04:09:18.786Z", "level": "ERROR", "service": "resume-worker", "message": "Resume generation failed", "context": {"job_id": "6d849b56-78fd-4439-b85d-83553cb3d6b3", "user_id": "6ad0d828-f605-45fc-a545-3441e17a015c", "error": "'super' object has no attribute 'transform'", "error_type": "transient", "retry_count": 3, "duration_ms": 1339}, "exception": "Traceback (most recent call last):\n  File \"/app/src/resume_generator.py\", line 376, in generate_resume\n    HTML(string=html_content, base_url=self.template_dir).write_pdf(\n  File \"/usr/local/lib/python3.11/site-packages/weasyprint/__init__.py\", line 259, in write_pdf\n    self.render(font_config, counter_style, **options)\n  File \"/usr/local/lib/python3.11/site-packages/weasyprint/document.py\", line 400, in write_pdf\n    pdf = generate_pdf(self, target, zoom, **options)\n          ^^^^^^^^^^^^^^^^^^^^^^^^^^^^^^^^^^^^^^^^^^^\n  File \"/usr/local/lib/python3.11/site-packages/weasyprint/pdf/__init__.py\", line 166, in generate_pdf\n    stream.transform(d=-1, f=(page.height * scale))\n  File \"/usr/local/lib/python3.11/site-packages/weasyprint/pdf/stream.py\", line 246, in transform\n    super().transform(a, b, c, d, e, f)\n    ^^^^^^^^^^^^^^^^^\nAttributeError: 'super' object has no attribute 'transform'\n\nDuring handling of the above exception, another exception occurred:\n\nTraceback (most recent call last):\n  File \"/app/src/worker.py\", line 269, in process_job\n    result = self.generator.generate_resume(\n             ^^^^^^^^^^^^^^^^^^^^^^^^^^^^^^^\n  File \"/app/src/resume_generator.py\", line 383, in generate_resume\n    HTML(string=html_content).write_pdf(\n  File \"/usr/local/lib/python3.11/site-packages/weasyprint/__init__.py\", line 259, in write_pdf\n    self.render(font_config, counter_style, **options)\n  File \"/usr/local/lib/python3.11/site-packages/weasyprint/document.py\", line 400, in write_pdf\n    pdf = generate_pdf(self, target, zoom, **options)\n          ^^^^^^^^^^^^^^^^^^^^^^^^^^^^^^^^^^^^^^^^^^^\n  File \"/usr/local/lib/python3.11/site-packages/weasyprint/pdf/__init__.py\", line 166, in generate_pdf\n    stream.transform(d=-1, f=(page.height * scale))\n  File \"/usr/local/lib/python3.11/site-packages/weasyprint/pdf/stream.py\", line 246, in transform\n    super().transform(a, b, c, d, e, f)\n    ^^^^^^^^^^^^^^^^^\nAttributeError: 'super' object has no attribute 'transform'"}
{"timestamp": "2025-12-11T04:09:18.803Z", "level": "ERROR", "service": "resume-worker", "message": "Job moved to dead letter queue", "context": {"job_id": "6d849b56-78fd-4439-b85d-83553cb3d6b3", "error": "Max retries (3) reached"}}
{"timestamp": "2025-12-11T04:09:18.806Z", "level": "INFO", "service": "resume-worker", "message": "Processing resume generation job", "context": {"job_id": "3e12cbbe-eff5-4e91-8a3a-29ec2714a7c5", "user_id": "6ad0d828-f605-45fc-a545-3441e17a015c", "job_application_id": "23039927-0434-430c-bcf6-42502251a23b"}}
{"timestamp": "2025-12-11T04:09:18.808Z", "level": "INFO", "service": "resume-worker", "message": "Generating resume for user 6ad0d828-f605-45fc-a545-3441e17a015c, job: Desenvolvedor Backend - Python"}
{"timestamp": "2025-12-11T04:09:18.810Z", "level": "INFO", "service": "resume-worker", "message": "Extracted keywords: {'tech_categories': ['backend', 'language'], 'cert_categories': ['programming'], 'skill_names': ['Python']}"}
{"timestamp": "2025-12-11T04:09:18.813Z", "level": "INFO", "service": "resume-worker", "message": "Found 13 relevant projects"}
{"timestamp": "2025-12-11T04:09:18.820Z", "level": "INFO", "service": "resume-worker", "message": "Found 1 relevant certifications"}
{"timestamp": "2025-12-11T04:09:18.822Z", "level": "INFO", "service": "resume-worker", "message": "Found 4 publications"}
{"timestamp": "2025-12-11T04:09:18.825Z", "level": "INFO", "service": "resume-worker", "message": "Generating resume sections with AI..."}
{"timestamp": "2025-12-11T04:09:18.826Z", "level": "DEBUG", "service": "resume-worker", "message": "Starting new HTTP connection (1): ai-service:8000"}
{"timestamp": "2025-12-11T04:09:18.853Z", "level": "DEBUG", "service": "resume-worker", "message": "http://ai-service:8000 \"POST /v1/chat HTTP/1.1\" 500 21"}
{"timestamp": "2025-12-11T04:09:18.854Z", "level": "ERROR", "service": "resume-worker", "message": "Error generating profile section: 500 Server Error: Internal Server Error for url: http://ai-service:8000/v1/chat"}
{"timestamp": "2025-12-11T04:09:18.856Z", "level": "DEBUG", "service": "resume-worker", "message": "Starting new HTTP connection (1): ai-service:8000"}
{"timestamp": "2025-12-11T04:09:18.884Z", "level": "DEBUG", "service": "resume-worker", "message": "http://ai-service:8000 \"POST /v1/chat HTTP/1.1\" 500 21"}
{"timestamp": "2025-12-11T04:09:18.885Z", "level": "ERROR", "service": "resume-worker", "message": "Error generating about section: 500 Server Error: Internal Server Error for url: http://ai-service:8000/v1/chat"}
{"timestamp": "2025-12-11T04:09:18.888Z", "level": "DEBUG", "service": "resume-worker", "message": "Starting new HTTP connection (1): ai-service:8000"}
{"timestamp": "2025-12-11T04:09:18.911Z", "level": "DEBUG", "service": "resume-worker", "message": "http://ai-service:8000 \"POST /v1/chat HTTP/1.1\" 500 21"}
{"timestamp": "2025-12-11T04:09:18.913Z", "level": "ERROR", "service": "resume-worker", "message": "Error generating experience section: 500 Server Error: Internal Server Error for url: http://ai-service:8000/v1/chat"}
{"timestamp": "2025-12-11T04:09:18.915Z", "level": "DEBUG", "service": "resume-worker", "message": "Starting new HTTP connection (1): ai-service:8000"}
{"timestamp": "2025-12-11T04:09:18.944Z", "level": "DEBUG", "service": "resume-worker", "message": "http://ai-service:8000 \"POST /v1/chat HTTP/1.1\" 500 21"}
{"timestamp": "2025-12-11T04:09:18.945Z", "level": "ERROR", "service": "resume-worker", "message": "Error generating skills section: 500 Server Error: Internal Server Error for url: http://ai-service:8000/v1/chat"}
{"timestamp": "2025-12-11T04:09:18.948Z", "level": "DEBUG", "service": "resume-worker", "message": "Starting new HTTP connection (1): ai-service:8000"}
{"timestamp": "2025-12-11T04:09:18.976Z", "level": "DEBUG", "service": "resume-worker", "message": "http://ai-service:8000 \"POST /v1/chat HTTP/1.1\" 500 21"}
{"timestamp": "2025-12-11T04:09:18.978Z", "level": "ERROR", "service": "resume-worker", "message": "Error generating hard_skills section: 500 Server Error: Internal Server Error for url: http://ai-service:8000/v1/chat"}
{"timestamp": "2025-12-11T04:09:18.979Z", "level": "INFO", "service": "resume-worker", "message": "Hard skills generated: 0 characters"}
{"timestamp": "2025-12-11T04:09:18.980Z", "level": "INFO", "service": "resume-worker", "message": "Generating tags..."}
{"timestamp": "2025-12-11T04:09:18.982Z", "level": "DEBUG", "service": "resume-worker", "message": "Starting new HTTP connection (1): ai-service:8000"}
{"timestamp": "2025-12-11T04:09:19.007Z", "level": "DEBUG", "service": "resume-worker", "message": "http://ai-service:8000 \"POST /v1/chat HTTP/1.1\" 500 21"}
{"timestamp": "2025-12-11T04:09:19.008Z", "level": "ERROR", "service": "resume-worker", "message": "Error generating tags: 500 Server Error: Internal Server Error for url: http://ai-service:8000/v1/chat"}
{"timestamp": "2025-12-11T04:09:19.010Z", "level": "INFO", "service": "resume-worker", "message": "Generated 1 tags: golang"}
{"timestamp": "2025-12-11T04:09:19.011Z", "level": "WARNING", "service": "resume-worker", "message": "Profile generation returned empty, using fallback"}
{"timestamp": "2025-12-11T04:09:19.012Z", "level": "WARNING", "service": "resume-worker", "message": "Hard skills generation returned empty, using fallback hard skills template"}
{"timestamp": "2025-12-11T04:09:19.043Z", "level": "WARNING", "service": "resume-worker", "message": "Ignored `filter: grayscale(0.7)` at 397:5, unknown property."}
{"timestamp": "2025-12-11T04:09:19.481Z", "level": "WARNING", "service": "resume-worker", "message": "PDF generation with base_url failed: 'super' object has no attribute 'transform', trying without base_url"}
{"timestamp": "2025-12-11T04:09:19.507Z", "level": "WARNING", "service": "resume-worker", "message": "Ignored `filter: grayscale(0.7)` at 397:5, unknown property."}
{"timestamp": "2025-12-11T04:09:19.880Z", "level": "ERROR", "service": "resume-worker", "message": "Resume generation failed", "context": {"job_id": "3e12cbbe-eff5-4e91-8a3a-29ec2714a7c5", "user_id": "6ad0d828-f605-45fc-a545-3441e17a015c", "error": "'super' object has no attribute 'transform'", "error_type": "transient", "retry_count": 1, "duration_ms": 1071}, "exception": "Traceback (most recent call last):\n  File \"/app/src/resume_generator.py\", line 376, in generate_resume\n    HTML(string=html_content, base_url=self.template_dir).write_pdf(\n  File \"/usr/local/lib/python3.11/site-packages/weasyprint/__init__.py\", line 259, in write_pdf\n    self.render(font_config, counter_style, **options)\n  File \"/usr/local/lib/python3.11/site-packages/weasyprint/document.py\", line 400, in write_pdf\n    pdf = generate_pdf(self, target, zoom, **options)\n          ^^^^^^^^^^^^^^^^^^^^^^^^^^^^^^^^^^^^^^^^^^^\n  File \"/usr/local/lib/python3.11/site-packages/weasyprint/pdf/__init__.py\", line 166, in generate_pdf\n    stream.transform(d=-1, f=(page.height * scale))\n  File \"/usr/local/lib/python3.11/site-packages/weasyprint/pdf/stream.py\", line 246, in transform\n    super().transform(a, b, c, d, e, f)\n    ^^^^^^^^^^^^^^^^^\nAttributeError: 'super' object has no attribute 'transform'\n\nDuring handling of the above exception, another exception occurred:\n\nTraceback (most recent call last):\n  File \"/app/src/worker.py\", line 269, in process_job\n    result = self.generator.generate_resume(\n             ^^^^^^^^^^^^^^^^^^^^^^^^^^^^^^^\n  File \"/app/src/resume_generator.py\", line 383, in generate_resume\n    HTML(string=html_content).write_pdf(\n  File \"/usr/local/lib/python3.11/site-packages/weasyprint/__init__.py\", line 259, in write_pdf\n    self.render(font_config, counter_style, **options)\n  File \"/usr/local/lib/python3.11/site-packages/weasyprint/document.py\", line 400, in write_pdf\n    pdf = generate_pdf(self, target, zoom, **options)\n          ^^^^^^^^^^^^^^^^^^^^^^^^^^^^^^^^^^^^^^^^^^^\n  File \"/usr/local/lib/python3.11/site-packages/weasyprint/pdf/__init__.py\", line 166, in generate_pdf\n    stream.transform(d=-1, f=(page.height * scale))\n  File \"/usr/local/lib/python3.11/site-packages/weasyprint/pdf/stream.py\", line 246, in transform\n    super().transform(a, b, c, d, e, f)\n    ^^^^^^^^^^^^^^^^^\nAttributeError: 'super' object has no attribute 'transform'"}
{"timestamp": "2025-12-11T04:09:19.886Z", "level": "WARNING", "service": "resume-worker", "message": "Job will retry", "context": {"job_id": "3e12cbbe-eff5-4e91-8a3a-29ec2714a7c5", "retry_count": 2, "backoff_seconds": 4}}
{"timestamp": "2025-12-11T04:09:23.956Z", "level": "WARNING", "service": "resume-worker", "message": "Job will retry", "context": {"job_id": "3e12cbbe-eff5-4e91-8a3a-29ec2714a7c5", "retry_count": 2, "backoff_seconds": 4}}
{"timestamp": "2025-12-11T04:09:23.959Z", "level": "INFO", "service": "resume-worker", "message": "Processing resume generation job", "context": {"job_id": "3e12cbbe-eff5-4e91-8a3a-29ec2714a7c5", "user_id": "6ad0d828-f605-45fc-a545-3441e17a015c", "job_application_id": "23039927-0434-430c-bcf6-42502251a23b"}}
{"timestamp": "2025-12-11T04:09:23.961Z", "level": "INFO", "service": "resume-worker", "message": "Generating resume for user 6ad0d828-f605-45fc-a545-3441e17a015c, job: Desenvolvedor Backend - Python"}
{"timestamp": "2025-12-11T04:09:23.963Z", "level": "INFO", "service": "resume-worker", "message": "Extracted keywords: {'tech_categories': ['backend', 'language'], 'cert_categories': ['programming'], 'skill_names': ['Python']}"}
{"timestamp": "2025-12-11T04:09:23.966Z", "level": "INFO", "service": "resume-worker", "message": "Found 13 relevant projects"}
{"timestamp": "2025-12-11T04:09:23.978Z", "level": "INFO", "service": "resume-worker", "message": "Found 1 relevant certifications"}
{"timestamp": "2025-12-11T04:09:23.980Z", "level": "INFO", "service": "resume-worker", "message": "Found 4 publications"}
{"timestamp": "2025-12-11T04:09:23.983Z", "level": "INFO", "service": "resume-worker", "message": "Generating resume sections with AI..."}
{"timestamp": "2025-12-11T04:09:23.986Z", "level": "DEBUG", "service": "resume-worker", "message": "Starting new HTTP connection (1): ai-service:8000"}
{"timestamp": "2025-12-11T04:09:24.046Z", "level": "DEBUG", "service": "resume-worker", "message": "http://ai-service:8000 \"POST /v1/chat HTTP/1.1\" 500 21"}
{"timestamp": "2025-12-11T04:09:24.048Z", "level": "ERROR", "service": "resume-worker", "message": "Error generating profile section: 500 Server Error: Internal Server Error for url: http://ai-service:8000/v1/chat"}
{"timestamp": "2025-12-11T04:09:24.050Z", "level": "DEBUG", "service": "resume-worker", "message": "Starting new HTTP connection (1): ai-service:8000"}
{"timestamp": "2025-12-11T04:09:24.075Z", "level": "DEBUG", "service": "resume-worker", "message": "http://ai-service:8000 \"POST /v1/chat HTTP/1.1\" 500 21"}
{"timestamp": "2025-12-11T04:09:24.076Z", "level": "ERROR", "service": "resume-worker", "message": "Error generating about section: 500 Server Error: Internal Server Error for url: http://ai-service:8000/v1/chat"}
{"timestamp": "2025-12-11T04:09:24.079Z", "level": "DEBUG", "service": "resume-worker", "message": "Starting new HTTP connection (1): ai-service:8000"}
{"timestamp": "2025-12-11T04:09:24.103Z", "level": "DEBUG", "service": "resume-worker", "message": "http://ai-service:8000 \"POST /v1/chat HTTP/1.1\" 500 21"}
{"timestamp": "2025-12-11T04:09:24.104Z", "level": "ERROR", "service": "resume-worker", "message": "Error generating experience section: 500 Server Error: Internal Server Error for url: http://ai-service:8000/v1/chat"}
{"timestamp": "2025-12-11T04:09:24.107Z", "level": "DEBUG", "service": "resume-worker", "message": "Starting new HTTP connection (1): ai-service:8000"}
{"timestamp": "2025-12-11T04:09:24.138Z", "level": "DEBUG", "service": "resume-worker", "message": "http://ai-service:8000 \"POST /v1/chat HTTP/1.1\" 500 21"}
{"timestamp": "2025-12-11T04:09:24.139Z", "level": "ERROR", "service": "resume-worker", "message": "Error generating skills section: 500 Server Error: Internal Server Error for url: http://ai-service:8000/v1/chat"}
{"timestamp": "2025-12-11T04:09:24.142Z", "level": "DEBUG", "service": "resume-worker", "message": "Starting new HTTP connection (1): ai-service:8000"}
{"timestamp": "2025-12-11T04:09:24.166Z", "level": "DEBUG", "service": "resume-worker", "message": "http://ai-service:8000 \"POST /v1/chat HTTP/1.1\" 500 21"}
{"timestamp": "2025-12-11T04:09:24.168Z", "level": "ERROR", "service": "resume-worker", "message": "Error generating hard_skills section: 500 Server Error: Internal Server Error for url: http://ai-service:8000/v1/chat"}
{"timestamp": "2025-12-11T04:09:24.170Z", "level": "INFO", "service": "resume-worker", "message": "Hard skills generated: 0 characters"}
{"timestamp": "2025-12-11T04:09:24.171Z", "level": "INFO", "service": "resume-worker", "message": "Generating tags..."}
{"timestamp": "2025-12-11T04:09:24.173Z", "level": "DEBUG", "service": "resume-worker", "message": "Starting new HTTP connection (1): ai-service:8000"}
{"timestamp": "2025-12-11T04:09:24.203Z", "level": "DEBUG", "service": "resume-worker", "message": "http://ai-service:8000 \"POST /v1/chat HTTP/1.1\" 500 21"}
{"timestamp": "2025-12-11T04:09:24.204Z", "level": "ERROR", "service": "resume-worker", "message": "Error generating tags: 500 Server Error: Internal Server Error for url: http://ai-service:8000/v1/chat"}
{"timestamp": "2025-12-11T04:09:24.207Z", "level": "INFO", "service": "resume-worker", "message": "Generated 1 tags: golang"}
{"timestamp": "2025-12-11T04:09:24.207Z", "level": "WARNING", "service": "resume-worker", "message": "Profile generation returned empty, using fallback"}
{"timestamp": "2025-12-11T04:09:24.208Z", "level": "WARNING", "service": "resume-worker", "message": "Hard skills generation returned empty, using fallback hard skills template"}
{"timestamp": "2025-12-11T04:09:24.284Z", "level": "WARNING", "service": "resume-worker", "message": "Ignored `filter: grayscale(0.7)` at 397:5, unknown property."}
{"timestamp": "2025-12-11T04:09:24.666Z", "level": "WARNING", "service": "resume-worker", "message": "PDF generation with base_url failed: 'super' object has no attribute 'transform', trying without base_url"}
{"timestamp": "2025-12-11T04:09:24.690Z", "level": "WARNING", "service": "resume-worker", "message": "Ignored `filter: grayscale(0.7)` at 397:5, unknown property."}
{"timestamp": "2025-12-11T04:09:25.037Z", "level": "ERROR", "service": "resume-worker", "message": "Resume generation failed", "context": {"job_id": "3e12cbbe-eff5-4e91-8a3a-29ec2714a7c5", "user_id": "6ad0d828-f605-45fc-a545-3441e17a015c", "error": "'super' object has no attribute 'transform'", "error_type": "transient", "retry_count": 2, "duration_ms": 1076}, "exception": "Traceback (most recent call last):\n  File \"/app/src/resume_generator.py\", line 376, in generate_resume\n    HTML(string=html_content, base_url=self.template_dir).write_pdf(\n  File \"/usr/local/lib/python3.11/site-packages/weasyprint/__init__.py\", line 259, in write_pdf\n    self.render(font_config, counter_style, **options)\n  File \"/usr/local/lib/python3.11/site-packages/weasyprint/document.py\", line 400, in write_pdf\n    pdf = generate_pdf(self, target, zoom, **options)\n          ^^^^^^^^^^^^^^^^^^^^^^^^^^^^^^^^^^^^^^^^^^^\n  File \"/usr/local/lib/python3.11/site-packages/weasyprint/pdf/__init__.py\", line 166, in generate_pdf\n    stream.transform(d=-1, f=(page.height * scale))\n  File \"/usr/local/lib/python3.11/site-packages/weasyprint/pdf/stream.py\", line 246, in transform\n    super().transform(a, b, c, d, e, f)\n    ^^^^^^^^^^^^^^^^^\nAttributeError: 'super' object has no attribute 'transform'\n\nDuring handling of the above exception, another exception occurred:\n\nTraceback (most recent call last):\n  File \"/app/src/worker.py\", line 269, in process_job\n    result = self.generator.generate_resume(\n             ^^^^^^^^^^^^^^^^^^^^^^^^^^^^^^^\n  File \"/app/src/resume_generator.py\", line 383, in generate_resume\n    HTML(string=html_content).write_pdf(\n  File \"/usr/local/lib/python3.11/site-packages/weasyprint/__init__.py\", line 259, in write_pdf\n    self.render(font_config, counter_style, **options)\n  File \"/usr/local/lib/python3.11/site-packages/weasyprint/document.py\", line 400, in write_pdf\n    pdf = generate_pdf(self, target, zoom, **options)\n          ^^^^^^^^^^^^^^^^^^^^^^^^^^^^^^^^^^^^^^^^^^^\n  File \"/usr/local/lib/python3.11/site-packages/weasyprint/pdf/__init__.py\", line 166, in generate_pdf\n    stream.transform(d=-1, f=(page.height * scale))\n  File \"/usr/local/lib/python3.11/site-packages/weasyprint/pdf/stream.py\", line 246, in transform\n    super().transform(a, b, c, d, e, f)\n    ^^^^^^^^^^^^^^^^^\nAttributeError: 'super' object has no attribute 'transform'"}
{"timestamp": "2025-12-11T04:09:25.044Z", "level": "WARNING", "service": "resume-worker", "message": "Job will retry", "context": {"job_id": "3e12cbbe-eff5-4e91-8a3a-29ec2714a7c5", "retry_count": 3, "backoff_seconds": 8}}
{"timestamp": "2025-12-11T04:09:33.113Z", "level": "WARNING", "service": "resume-worker", "message": "Job will retry", "context": {"job_id": "3e12cbbe-eff5-4e91-8a3a-29ec2714a7c5", "retry_count": 3, "backoff_seconds": 8}}
{"timestamp": "2025-12-11T04:09:33.117Z", "level": "INFO", "service": "resume-worker", "message": "Processing resume generation job", "context": {"job_id": "3e12cbbe-eff5-4e91-8a3a-29ec2714a7c5", "user_id": "6ad0d828-f605-45fc-a545-3441e17a015c", "job_application_id": "23039927-0434-430c-bcf6-42502251a23b"}}
{"timestamp": "2025-12-11T04:09:33.121Z", "level": "INFO", "service": "resume-worker", "message": "Generating resume for user 6ad0d828-f605-45fc-a545-3441e17a015c, job: Desenvolvedor Backend - Python"}
{"timestamp": "2025-12-11T04:09:33.123Z", "level": "INFO", "service": "resume-worker", "message": "Extracted keywords: {'tech_categories': ['backend', 'language'], 'cert_categories': ['programming'], 'skill_names': ['Python']}"}
{"timestamp": "2025-12-11T04:09:33.127Z", "level": "INFO", "service": "resume-worker", "message": "Found 13 relevant projects"}
{"timestamp": "2025-12-11T04:09:33.136Z", "level": "INFO", "service": "resume-worker", "message": "Found 1 relevant certifications"}
{"timestamp": "2025-12-11T04:09:33.139Z", "level": "INFO", "service": "resume-worker", "message": "Found 4 publications"}
{"timestamp": "2025-12-11T04:09:33.143Z", "level": "INFO", "service": "resume-worker", "message": "Generating resume sections with AI..."}
{"timestamp": "2025-12-11T04:09:33.146Z", "level": "DEBUG", "service": "resume-worker", "message": "Starting new HTTP connection (1): ai-service:8000"}
{"timestamp": "2025-12-11T04:09:33.188Z", "level": "DEBUG", "service": "resume-worker", "message": "http://ai-service:8000 \"POST /v1/chat HTTP/1.1\" 500 21"}
{"timestamp": "2025-12-11T04:09:33.189Z", "level": "ERROR", "service": "resume-worker", "message": "Error generating profile section: 500 Server Error: Internal Server Error for url: http://ai-service:8000/v1/chat"}
{"timestamp": "2025-12-11T04:09:33.192Z", "level": "DEBUG", "service": "resume-worker", "message": "Starting new HTTP connection (1): ai-service:8000"}
{"timestamp": "2025-12-11T04:09:33.220Z", "level": "DEBUG", "service": "resume-worker", "message": "http://ai-service:8000 \"POST /v1/chat HTTP/1.1\" 500 21"}
{"timestamp": "2025-12-11T04:09:33.222Z", "level": "ERROR", "service": "resume-worker", "message": "Error generating about section: 500 Server Error: Internal Server Error for url: http://ai-service:8000/v1/chat"}
{"timestamp": "2025-12-11T04:09:33.224Z", "level": "DEBUG", "service": "resume-worker", "message": "Starting new HTTP connection (1): ai-service:8000"}
{"timestamp": "2025-12-11T04:09:33.258Z", "level": "DEBUG", "service": "resume-worker", "message": "http://ai-service:8000 \"POST /v1/chat HTTP/1.1\" 500 21"}
{"timestamp": "2025-12-11T04:09:33.260Z", "level": "ERROR", "service": "resume-worker", "message": "Error generating experience section: 500 Server Error: Internal Server Error for url: http://ai-service:8000/v1/chat"}
{"timestamp": "2025-12-11T04:09:33.263Z", "level": "DEBUG", "service": "resume-worker", "message": "Starting new HTTP connection (1): ai-service:8000"}
{"timestamp": "2025-12-11T04:09:33.287Z", "level": "DEBUG", "service": "resume-worker", "message": "http://ai-service:8000 \"POST /v1/chat HTTP/1.1\" 500 21"}
{"timestamp": "2025-12-11T04:09:33.288Z", "level": "ERROR", "service": "resume-worker", "message": "Error generating skills section: 500 Server Error: Internal Server Error for url: http://ai-service:8000/v1/chat"}
{"timestamp": "2025-12-11T04:09:33.291Z", "level": "DEBUG", "service": "resume-worker", "message": "Starting new HTTP connection (1): ai-service:8000"}
{"timestamp": "2025-12-11T04:09:33.318Z", "level": "DEBUG", "service": "resume-worker", "message": "http://ai-service:8000 \"POST /v1/chat HTTP/1.1\" 500 21"}
{"timestamp": "2025-12-11T04:09:33.320Z", "level": "ERROR", "service": "resume-worker", "message": "Error generating hard_skills section: 500 Server Error: Internal Server Error for url: http://ai-service:8000/v1/chat"}
{"timestamp": "2025-12-11T04:09:33.322Z", "level": "INFO", "service": "resume-worker", "message": "Hard skills generated: 0 characters"}
{"timestamp": "2025-12-11T04:09:33.322Z", "level": "INFO", "service": "resume-worker", "message": "Generating tags..."}
{"timestamp": "2025-12-11T04:09:33.324Z", "level": "DEBUG", "service": "resume-worker", "message": "Starting new HTTP connection (1): ai-service:8000"}
{"timestamp": "2025-12-11T04:09:33.349Z", "level": "DEBUG", "service": "resume-worker", "message": "http://ai-service:8000 \"POST /v1/chat HTTP/1.1\" 500 21"}
{"timestamp": "2025-12-11T04:09:33.350Z", "level": "ERROR", "service": "resume-worker", "message": "Error generating tags: 500 Server Error: Internal Server Error for url: http://ai-service:8000/v1/chat"}
{"timestamp": "2025-12-11T04:09:33.352Z", "level": "INFO", "service": "resume-worker", "message": "Generated 1 tags: golang"}
{"timestamp": "2025-12-11T04:09:33.353Z", "level": "WARNING", "service": "resume-worker", "message": "Profile generation returned empty, using fallback"}
{"timestamp": "2025-12-11T04:09:33.354Z", "level": "WARNING", "service": "resume-worker", "message": "Hard skills generation returned empty, using fallback hard skills template"}
{"timestamp": "2025-12-11T04:09:33.375Z", "level": "WARNING", "service": "resume-worker", "message": "Ignored `filter: grayscale(0.7)` at 397:5, unknown property."}
{"timestamp": "2025-12-11T04:09:33.779Z", "level": "WARNING", "service": "resume-worker", "message": "PDF generation with base_url failed: 'super' object has no attribute 'transform', trying without base_url"}
{"timestamp": "2025-12-11T04:09:33.802Z", "level": "WARNING", "service": "resume-worker", "message": "Ignored `filter: grayscale(0.7)` at 397:5, unknown property."}
{"timestamp": "2025-12-11T04:09:34.380Z", "level": "ERROR", "service": "resume-worker", "message": "Resume generation failed", "context": {"job_id": "3e12cbbe-eff5-4e91-8a3a-29ec2714a7c5", "user_id": "6ad0d828-f605-45fc-a545-3441e17a015c", "error": "'super' object has no attribute 'transform'", "error_type": "transient", "retry_count": 3, "duration_ms": 1259}, "exception": "Traceback (most recent call last):\n  File \"/app/src/resume_generator.py\", line 376, in generate_resume\n    HTML(string=html_content, base_url=self.template_dir).write_pdf(\n  File \"/usr/local/lib/python3.11/site-packages/weasyprint/__init__.py\", line 259, in write_pdf\n    self.render(font_config, counter_style, **options)\n  File \"/usr/local/lib/python3.11/site-packages/weasyprint/document.py\", line 400, in write_pdf\n    pdf = generate_pdf(self, target, zoom, **options)\n          ^^^^^^^^^^^^^^^^^^^^^^^^^^^^^^^^^^^^^^^^^^^\n  File \"/usr/local/lib/python3.11/site-packages/weasyprint/pdf/__init__.py\", line 166, in generate_pdf\n    stream.transform(d=-1, f=(page.height * scale))\n  File \"/usr/local/lib/python3.11/site-packages/weasyprint/pdf/stream.py\", line 246, in transform\n    super().transform(a, b, c, d, e, f)\n    ^^^^^^^^^^^^^^^^^\nAttributeError: 'super' object has no attribute 'transform'\n\nDuring handling of the above exception, another exception occurred:\n\nTraceback (most recent call last):\n  File \"/app/src/worker.py\", line 269, in process_job\n    result = self.generator.generate_resume(\n             ^^^^^^^^^^^^^^^^^^^^^^^^^^^^^^^\n  File \"/app/src/resume_generator.py\", line 383, in generate_resume\n    HTML(string=html_content).write_pdf(\n  File \"/usr/local/lib/python3.11/site-packages/weasyprint/__init__.py\", line 259, in write_pdf\n    self.render(font_config, counter_style, **options)\n  File \"/usr/local/lib/python3.11/site-packages/weasyprint/document.py\", line 400, in write_pdf\n    pdf = generate_pdf(self, target, zoom, **options)\n          ^^^^^^^^^^^^^^^^^^^^^^^^^^^^^^^^^^^^^^^^^^^\n  File \"/usr/local/lib/python3.11/site-packages/weasyprint/pdf/__init__.py\", line 166, in generate_pdf\n    stream.transform(d=-1, f=(page.height * scale))\n  File \"/usr/local/lib/python3.11/site-packages/weasyprint/pdf/stream.py\", line 246, in transform\n    super().transform(a, b, c, d, e, f)\n    ^^^^^^^^^^^^^^^^^\nAttributeError: 'super' object has no attribute 'transform'"}
{"timestamp": "2025-12-11T04:09:34.393Z", "level": "ERROR", "service": "resume-worker", "message": "Job moved to dead letter queue", "context": {"job_id": "3e12cbbe-eff5-4e91-8a3a-29ec2714a7c5", "error": "Max retries (3) reached"}}
{"timestamp": "2025-12-11T04:11:45.232Z", "level": "INFO", "service": "resume-worker", "message": "Starting resume generation worker"}
{"timestamp": "2025-12-11T04:11:45.239Z", "level": "INFO", "service": "resume-worker", "message": "Connected to Redis", "context": {"redis_url": "redis://redis:6379/0"}}
{"timestamp": "2025-12-11T04:11:45.258Z", "level": "INFO", "service": "resume-worker", "message": "Database connection established"}
{"timestamp": "2025-12-11T04:11:45.268Z", "level": "INFO", "service": "resume-worker", "message": "Translation helper database connection established"}
{"timestamp": "2025-12-11T04:11:45.270Z", "level": "INFO", "service": "resume-worker", "message": "Resume generation worker started"}
{"timestamp": "2025-12-11T04:13:07.973Z", "level": "INFO", "service": "resume-worker", "message": "Processing resume generation job", "context": {"job_id": "bd3a4ac3-2968-42e7-beac-5eaffb1e04a0", "user_id": "6ad0d828-f605-45fc-a545-3441e17a015c", "job_application_id": "23039927-0434-430c-bcf6-42502251a23b"}}
{"timestamp": "2025-12-11T04:13:07.978Z", "level": "INFO", "service": "resume-worker", "message": "Generating resume for user 6ad0d828-f605-45fc-a545-3441e17a015c, job: Desenvolvedor Backend - Python"}
{"timestamp": "2025-12-11T04:13:07.986Z", "level": "INFO", "service": "resume-worker", "message": "Extracted keywords: {'tech_categories': ['backend', 'language'], 'cert_categories': ['programming'], 'skill_names': ['Python']}"}
{"timestamp": "2025-12-11T04:13:08.003Z", "level": "INFO", "service": "resume-worker", "message": "Found 13 relevant projects"}
{"timestamp": "2025-12-11T04:13:08.025Z", "level": "INFO", "service": "resume-worker", "message": "Found 1 relevant certifications"}
{"timestamp": "2025-12-11T04:13:08.030Z", "level": "INFO", "service": "resume-worker", "message": "Found 4 publications"}
{"timestamp": "2025-12-11T04:13:08.038Z", "level": "INFO", "service": "resume-worker", "message": "Generating resume sections with AI..."}
{"timestamp": "2025-12-11T04:13:08.050Z", "level": "DEBUG", "service": "resume-worker", "message": "Starting new HTTP connection (1): ai-service:8000"}
{"timestamp": "2025-12-11T04:13:08.214Z", "level": "DEBUG", "service": "resume-worker", "message": "http://ai-service:8000 \"POST /v1/chat HTTP/1.1\" 500 21"}
{"timestamp": "2025-12-11T04:13:08.217Z", "level": "ERROR", "service": "resume-worker", "message": "Error generating profile section: 500 Server Error: Internal Server Error for url: http://ai-service:8000/v1/chat"}
{"timestamp": "2025-12-11T04:13:08.221Z", "level": "DEBUG", "service": "resume-worker", "message": "Starting new HTTP connection (1): ai-service:8000"}
{"timestamp": "2025-12-11T04:13:08.249Z", "level": "DEBUG", "service": "resume-worker", "message": "http://ai-service:8000 \"POST /v1/chat HTTP/1.1\" 500 21"}
{"timestamp": "2025-12-11T04:13:08.251Z", "level": "ERROR", "service": "resume-worker", "message": "Error generating about section: 500 Server Error: Internal Server Error for url: http://ai-service:8000/v1/chat"}
{"timestamp": "2025-12-11T04:13:08.255Z", "level": "DEBUG", "service": "resume-worker", "message": "Starting new HTTP connection (1): ai-service:8000"}
{"timestamp": "2025-12-11T04:13:08.281Z", "level": "DEBUG", "service": "resume-worker", "message": "http://ai-service:8000 \"POST /v1/chat HTTP/1.1\" 500 21"}
{"timestamp": "2025-12-11T04:13:08.282Z", "level": "ERROR", "service": "resume-worker", "message": "Error generating experience section: 500 Server Error: Internal Server Error for url: http://ai-service:8000/v1/chat"}
{"timestamp": "2025-12-11T04:13:08.286Z", "level": "DEBUG", "service": "resume-worker", "message": "Starting new HTTP connection (1): ai-service:8000"}
{"timestamp": "2025-12-11T04:13:08.312Z", "level": "DEBUG", "service": "resume-worker", "message": "http://ai-service:8000 \"POST /v1/chat HTTP/1.1\" 500 21"}
{"timestamp": "2025-12-11T04:13:08.319Z", "level": "ERROR", "service": "resume-worker", "message": "Error generating skills section: 500 Server Error: Internal Server Error for url: http://ai-service:8000/v1/chat"}
{"timestamp": "2025-12-11T04:13:08.323Z", "level": "DEBUG", "service": "resume-worker", "message": "Starting new HTTP connection (1): ai-service:8000"}
{"timestamp": "2025-12-11T04:13:08.346Z", "level": "DEBUG", "service": "resume-worker", "message": "http://ai-service:8000 \"POST /v1/chat HTTP/1.1\" 500 21"}
{"timestamp": "2025-12-11T04:13:08.347Z", "level": "ERROR", "service": "resume-worker", "message": "Error generating hard_skills section: 500 Server Error: Internal Server Error for url: http://ai-service:8000/v1/chat"}
{"timestamp": "2025-12-11T04:13:08.350Z", "level": "INFO", "service": "resume-worker", "message": "Hard skills generated: 0 characters"}
{"timestamp": "2025-12-11T04:13:08.352Z", "level": "INFO", "service": "resume-worker", "message": "Generating tags..."}
{"timestamp": "2025-12-11T04:13:08.354Z", "level": "DEBUG", "service": "resume-worker", "message": "Starting new HTTP connection (1): ai-service:8000"}
{"timestamp": "2025-12-11T04:13:08.377Z", "level": "DEBUG", "service": "resume-worker", "message": "http://ai-service:8000 \"POST /v1/chat HTTP/1.1\" 500 21"}
{"timestamp": "2025-12-11T04:13:08.378Z", "level": "ERROR", "service": "resume-worker", "message": "Error generating tags: 500 Server Error: Internal Server Error for url: http://ai-service:8000/v1/chat"}
{"timestamp": "2025-12-11T04:13:08.380Z", "level": "INFO", "service": "resume-worker", "message": "Generated 1 tags: golang"}
{"timestamp": "2025-12-11T04:13:08.381Z", "level": "WARNING", "service": "resume-worker", "message": "Profile generation returned empty, using fallback"}
{"timestamp": "2025-12-11T04:13:08.382Z", "level": "WARNING", "service": "resume-worker", "message": "Hard skills generation returned empty, using fallback hard skills template"}
{"timestamp": "2025-12-11T04:13:08.438Z", "level": "WARNING", "service": "resume-worker", "message": "Ignored `filter: grayscale(0.7)` at 397:5, unknown property."}
{"timestamp": "2025-12-11T04:13:08.828Z", "level": "ERROR", "service": "resume-worker", "message": "Resume generation failed", "context": {"job_id": "bd3a4ac3-2968-42e7-beac-5eaffb1e04a0", "user_id": "6ad0d828-f605-45fc-a545-3441e17a015c", "error": "'Stream' object has no attribute 'text_matrix'", "error_type": "transient", "retry_count": 0, "duration_ms": 850}, "exception": "Traceback (most recent call last):\n  File \"/app/src/worker.py\", line 269, in process_job\n    result = self.generator.generate_resume(\n             ^^^^^^^^^^^^^^^^^^^^^^^^^^^^^^^\n  File \"/app/src/resume_generator.py\", line 434, in generate_resume\n    attempt_func()\n  File \"/app/src/resume_generator.py\", line 421, in <lambda>\n    (lambda: HTML(string=html_content, base_url=self.template_dir).write_pdf(\n             ^^^^^^^^^^^^^^^^^^^^^^^^^^^^^^^^^^^^^^^^^^^^^^^^^^^^^^^^^^^^^^^^\n  File \"/usr/local/lib/python3.11/site-packages/weasyprint/__init__.py\", line 259, in write_pdf\n    self.render(font_config, counter_style, **options)\n  File \"/usr/local/lib/python3.11/site-packages/weasyprint/document.py\", line 400, in write_pdf\n    pdf = generate_pdf(self, target, zoom, **options)\n          ^^^^^^^^^^^^^^^^^^^^^^^^^^^^^^^^^^^^^^^^^^^\n  File \"/usr/local/lib/python3.11/site-packages/weasyprint/pdf/__init__.py\", line 190, in generate_pdf\n    page.paint(stream, scale)\n  File \"/usr/local/lib/python3.11/site-packages/weasyprint/document.py\", line 99, in paint\n    draw_page(self._page_box, stream)\n  File \"/usr/local/lib/python3.11/site-packages/weasyprint/draw.py\", line 67, in draw_page\n    draw_stacking_context(stream, stacking_context)\n  File \"/usr/local/lib/python3.11/site-packages/weasyprint/draw.py\", line 170, in draw_stacking_context\n    draw_stacking_context(stream, child_context)\n  File \"/usr/local/lib/python3.11/site-packages/weasyprint/draw.py\", line 163, in draw_stacking_context\n    draw_inline_level(\n  File \"/usr/local/lib/python3.11/site-packages/weasyprint/draw.py\", line 1230, in draw_inline_level\n    draw_text(\n  File \"/usr/local/lib/python3.11/site-packages/weasyprint/draw.py\", line 1278, in draw_text\n    emojis = draw_first_line(\n             ^^^^^^^^^^^^^^^^\n  File \"/usr/local/lib/python3.11/site-packages/weasyprint/draw.py\", line 1356, in draw_first_line\n    stream.text_matrix(*matrix.values)\n    ^^^^^^^^^^^^^^^^^^\nAttributeError: 'Stream' object has no attribute 'text_matrix'"}
{"timestamp": "2025-12-11T04:13:08.853Z", "level": "WARNING", "service": "resume-worker", "message": "Job will retry", "context": {"job_id": "bd3a4ac3-2968-42e7-beac-5eaffb1e04a0", "retry_count": 1, "backoff_seconds": 2}}
{"timestamp": "2025-12-11T04:13:10.855Z", "level": "WARNING", "service": "resume-worker", "message": "Job will retry", "context": {"job_id": "bd3a4ac3-2968-42e7-beac-5eaffb1e04a0", "retry_count": 1, "backoff_seconds": 2}}
{"timestamp": "2025-12-11T04:13:10.858Z", "level": "INFO", "service": "resume-worker", "message": "Processing resume generation job", "context": {"job_id": "bd3a4ac3-2968-42e7-beac-5eaffb1e04a0", "user_id": "6ad0d828-f605-45fc-a545-3441e17a015c", "job_application_id": "23039927-0434-430c-bcf6-42502251a23b"}}
{"timestamp": "2025-12-11T04:13:10.862Z", "level": "INFO", "service": "resume-worker", "message": "Generating resume for user 6ad0d828-f605-45fc-a545-3441e17a015c, job: Desenvolvedor Backend - Python"}
{"timestamp": "2025-12-11T04:13:10.864Z", "level": "INFO", "service": "resume-worker", "message": "Extracted keywords: {'tech_categories': ['backend', 'language'], 'cert_categories': ['programming'], 'skill_names': ['Python']}"}
{"timestamp": "2025-12-11T04:13:10.868Z", "level": "INFO", "service": "resume-worker", "message": "Found 13 relevant projects"}
{"timestamp": "2025-12-11T04:13:10.877Z", "level": "INFO", "service": "resume-worker", "message": "Found 1 relevant certifications"}
{"timestamp": "2025-12-11T04:13:10.879Z", "level": "INFO", "service": "resume-worker", "message": "Found 4 publications"}
{"timestamp": "2025-12-11T04:13:10.882Z", "level": "INFO", "service": "resume-worker", "message": "Generating resume sections with AI..."}
{"timestamp": "2025-12-11T04:13:10.884Z", "level": "DEBUG", "service": "resume-worker", "message": "Starting new HTTP connection (1): ai-service:8000"}
{"timestamp": "2025-12-11T04:13:10.908Z", "level": "DEBUG", "service": "resume-worker", "message": "http://ai-service:8000 \"POST /v1/chat HTTP/1.1\" 500 21"}
{"timestamp": "2025-12-11T04:13:10.921Z", "level": "ERROR", "service": "resume-worker", "message": "Error generating profile section: 500 Server Error: Internal Server Error for url: http://ai-service:8000/v1/chat"}
{"timestamp": "2025-12-11T04:13:10.923Z", "level": "DEBUG", "service": "resume-worker", "message": "Starting new HTTP connection (1): ai-service:8000"}
{"timestamp": "2025-12-11T04:13:10.946Z", "level": "DEBUG", "service": "resume-worker", "message": "http://ai-service:8000 \"POST /v1/chat HTTP/1.1\" 500 21"}
{"timestamp": "2025-12-11T04:13:10.947Z", "level": "ERROR", "service": "resume-worker", "message": "Error generating about section: 500 Server Error: Internal Server Error for url: http://ai-service:8000/v1/chat"}
{"timestamp": "2025-12-11T04:13:10.950Z", "level": "DEBUG", "service": "resume-worker", "message": "Starting new HTTP connection (1): ai-service:8000"}
{"timestamp": "2025-12-11T04:13:10.979Z", "level": "DEBUG", "service": "resume-worker", "message": "http://ai-service:8000 \"POST /v1/chat HTTP/1.1\" 500 21"}
{"timestamp": "2025-12-11T04:13:10.980Z", "level": "ERROR", "service": "resume-worker", "message": "Error generating experience section: 500 Server Error: Internal Server Error for url: http://ai-service:8000/v1/chat"}
{"timestamp": "2025-12-11T04:13:10.982Z", "level": "DEBUG", "service": "resume-worker", "message": "Starting new HTTP connection (1): ai-service:8000"}
{"timestamp": "2025-12-11T04:13:11.008Z", "level": "DEBUG", "service": "resume-worker", "message": "http://ai-service:8000 \"POST /v1/chat HTTP/1.1\" 500 21"}
{"timestamp": "2025-12-11T04:13:11.009Z", "level": "ERROR", "service": "resume-worker", "message": "Error generating skills section: 500 Server Error: Internal Server Error for url: http://ai-service:8000/v1/chat"}
{"timestamp": "2025-12-11T04:13:11.012Z", "level": "DEBUG", "service": "resume-worker", "message": "Starting new HTTP connection (1): ai-service:8000"}
{"timestamp": "2025-12-11T04:13:11.059Z", "level": "DEBUG", "service": "resume-worker", "message": "http://ai-service:8000 \"POST /v1/chat HTTP/1.1\" 500 21"}
{"timestamp": "2025-12-11T04:13:11.060Z", "level": "ERROR", "service": "resume-worker", "message": "Error generating hard_skills section: 500 Server Error: Internal Server Error for url: http://ai-service:8000/v1/chat"}
{"timestamp": "2025-12-11T04:13:11.062Z", "level": "INFO", "service": "resume-worker", "message": "Hard skills generated: 0 characters"}
{"timestamp": "2025-12-11T04:13:11.063Z", "level": "INFO", "service": "resume-worker", "message": "Generating tags..."}
{"timestamp": "2025-12-11T04:13:11.065Z", "level": "DEBUG", "service": "resume-worker", "message": "Starting new HTTP connection (1): ai-service:8000"}
{"timestamp": "2025-12-11T04:13:11.094Z", "level": "DEBUG", "service": "resume-worker", "message": "http://ai-service:8000 \"POST /v1/chat HTTP/1.1\" 500 21"}
{"timestamp": "2025-12-11T04:13:11.095Z", "level": "ERROR", "service": "resume-worker", "message": "Error generating tags: 500 Server Error: Internal Server Error for url: http://ai-service:8000/v1/chat"}
{"timestamp": "2025-12-11T04:13:11.096Z", "level": "INFO", "service": "resume-worker", "message": "Generated 1 tags: golang"}
{"timestamp": "2025-12-11T04:13:11.097Z", "level": "WARNING", "service": "resume-worker", "message": "Profile generation returned empty, using fallback"}
{"timestamp": "2025-12-11T04:13:11.097Z", "level": "WARNING", "service": "resume-worker", "message": "Hard skills generation returned empty, using fallback hard skills template"}
{"timestamp": "2025-12-11T04:13:11.115Z", "level": "WARNING", "service": "resume-worker", "message": "Ignored `filter: grayscale(0.7)` at 397:5, unknown property."}
{"timestamp": "2025-12-11T04:13:11.483Z", "level": "ERROR", "service": "resume-worker", "message": "Resume generation failed", "context": {"job_id": "bd3a4ac3-2968-42e7-beac-5eaffb1e04a0", "user_id": "6ad0d828-f605-45fc-a545-3441e17a015c", "error": "'Stream' object has no attribute 'text_matrix'", "error_type": "transient", "retry_count": 1, "duration_ms": 621}, "exception": "Traceback (most recent call last):\n  File \"/app/src/worker.py\", line 269, in process_job\n    result = self.generator.generate_resume(\n             ^^^^^^^^^^^^^^^^^^^^^^^^^^^^^^^\n  File \"/app/src/resume_generator.py\", line 434, in generate_resume\n    attempt_func()\n  File \"/app/src/resume_generator.py\", line 421, in <lambda>\n    (lambda: HTML(string=html_content, base_url=self.template_dir).write_pdf(\n             ^^^^^^^^^^^^^^^^^^^^^^^^^^^^^^^^^^^^^^^^^^^^^^^^^^^^^^^^^^^^^^^^\n  File \"/usr/local/lib/python3.11/site-packages/weasyprint/__init__.py\", line 259, in write_pdf\n    self.render(font_config, counter_style, **options)\n  File \"/usr/local/lib/python3.11/site-packages/weasyprint/document.py\", line 400, in write_pdf\n    pdf = generate_pdf(self, target, zoom, **options)\n          ^^^^^^^^^^^^^^^^^^^^^^^^^^^^^^^^^^^^^^^^^^^\n  File \"/usr/local/lib/python3.11/site-packages/weasyprint/pdf/__init__.py\", line 190, in generate_pdf\n    page.paint(stream, scale)\n  File \"/usr/local/lib/python3.11/site-packages/weasyprint/document.py\", line 99, in paint\n    draw_page(self._page_box, stream)\n  File \"/usr/local/lib/python3.11/site-packages/weasyprint/draw.py\", line 67, in draw_page\n    draw_stacking_context(stream, stacking_context)\n  File \"/usr/local/lib/python3.11/site-packages/weasyprint/draw.py\", line 170, in draw_stacking_context\n    draw_stacking_context(stream, child_context)\n  File \"/usr/local/lib/python3.11/site-packages/weasyprint/draw.py\", line 163, in draw_stacking_context\n    draw_inline_level(\n  File \"/usr/local/lib/python3.11/site-packages/weasyprint/draw.py\", line 1230, in draw_inline_level\n    draw_text(\n  File \"/usr/local/lib/python3.11/site-packages/weasyprint/draw.py\", line 1278, in draw_text\n    emojis = draw_first_line(\n             ^^^^^^^^^^^^^^^^\n  File \"/usr/local/lib/python3.11/site-packages/weasyprint/draw.py\", line 1356, in draw_first_line\n    stream.text_matrix(*matrix.values)\n    ^^^^^^^^^^^^^^^^^^\nAttributeError: 'Stream' object has no attribute 'text_matrix'"}
{"timestamp": "2025-12-11T04:13:11.490Z", "level": "WARNING", "service": "resume-worker", "message": "Job will retry", "context": {"job_id": "bd3a4ac3-2968-42e7-beac-5eaffb1e04a0", "retry_count": 2, "backoff_seconds": 4}}
{"timestamp": "2025-12-11T04:13:15.533Z", "level": "WARNING", "service": "resume-worker", "message": "Job will retry", "context": {"job_id": "bd3a4ac3-2968-42e7-beac-5eaffb1e04a0", "retry_count": 2, "backoff_seconds": 4}}
{"timestamp": "2025-12-11T04:13:15.538Z", "level": "INFO", "service": "resume-worker", "message": "Processing resume generation job", "context": {"job_id": "bd3a4ac3-2968-42e7-beac-5eaffb1e04a0", "user_id": "6ad0d828-f605-45fc-a545-3441e17a015c", "job_application_id": "23039927-0434-430c-bcf6-42502251a23b"}}
{"timestamp": "2025-12-11T04:13:15.541Z", "level": "INFO", "service": "resume-worker", "message": "Generating resume for user 6ad0d828-f605-45fc-a545-3441e17a015c, job: Desenvolvedor Backend - Python"}
{"timestamp": "2025-12-11T04:13:15.543Z", "level": "INFO", "service": "resume-worker", "message": "Extracted keywords: {'tech_categories': ['backend', 'language'], 'cert_categories': ['programming'], 'skill_names': ['Python']}"}
{"timestamp": "2025-12-11T04:13:15.546Z", "level": "INFO", "service": "resume-worker", "message": "Found 13 relevant projects"}
{"timestamp": "2025-12-11T04:13:15.557Z", "level": "INFO", "service": "resume-worker", "message": "Found 1 relevant certifications"}
{"timestamp": "2025-12-11T04:13:15.560Z", "level": "INFO", "service": "resume-worker", "message": "Found 4 publications"}
{"timestamp": "2025-12-11T04:13:15.564Z", "level": "INFO", "service": "resume-worker", "message": "Generating resume sections with AI..."}
{"timestamp": "2025-12-11T04:13:15.566Z", "level": "DEBUG", "service": "resume-worker", "message": "Starting new HTTP connection (1): ai-service:8000"}
{"timestamp": "2025-12-11T04:13:15.599Z", "level": "DEBUG", "service": "resume-worker", "message": "http://ai-service:8000 \"POST /v1/chat HTTP/1.1\" 500 21"}
{"timestamp": "2025-12-11T04:13:15.600Z", "level": "ERROR", "service": "resume-worker", "message": "Error generating profile section: 500 Server Error: Internal Server Error for url: http://ai-service:8000/v1/chat"}
{"timestamp": "2025-12-11T04:13:15.602Z", "level": "DEBUG", "service": "resume-worker", "message": "Starting new HTTP connection (1): ai-service:8000"}
{"timestamp": "2025-12-11T04:13:15.632Z", "level": "DEBUG", "service": "resume-worker", "message": "http://ai-service:8000 \"POST /v1/chat HTTP/1.1\" 500 21"}
{"timestamp": "2025-12-11T04:13:15.633Z", "level": "ERROR", "service": "resume-worker", "message": "Error generating about section: 500 Server Error: Internal Server Error for url: http://ai-service:8000/v1/chat"}
{"timestamp": "2025-12-11T04:13:15.636Z", "level": "DEBUG", "service": "resume-worker", "message": "Starting new HTTP connection (1): ai-service:8000"}
{"timestamp": "2025-12-11T04:13:15.660Z", "level": "DEBUG", "service": "resume-worker", "message": "http://ai-service:8000 \"POST /v1/chat HTTP/1.1\" 500 21"}
{"timestamp": "2025-12-11T04:13:15.661Z", "level": "ERROR", "service": "resume-worker", "message": "Error generating experience section: 500 Server Error: Internal Server Error for url: http://ai-service:8000/v1/chat"}
{"timestamp": "2025-12-11T04:13:15.664Z", "level": "DEBUG", "service": "resume-worker", "message": "Starting new HTTP connection (1): ai-service:8000"}
{"timestamp": "2025-12-11T04:13:15.687Z", "level": "DEBUG", "service": "resume-worker", "message": "http://ai-service:8000 \"POST /v1/chat HTTP/1.1\" 500 21"}
{"timestamp": "2025-12-11T04:13:15.688Z", "level": "ERROR", "service": "resume-worker", "message": "Error generating skills section: 500 Server Error: Internal Server Error for url: http://ai-service:8000/v1/chat"}
{"timestamp": "2025-12-11T04:13:15.692Z", "level": "DEBUG", "service": "resume-worker", "message": "Starting new HTTP connection (1): ai-service:8000"}
{"timestamp": "2025-12-11T04:13:15.713Z", "level": "DEBUG", "service": "resume-worker", "message": "http://ai-service:8000 \"POST /v1/chat HTTP/1.1\" 500 21"}
{"timestamp": "2025-12-11T04:13:15.715Z", "level": "ERROR", "service": "resume-worker", "message": "Error generating hard_skills section: 500 Server Error: Internal Server Error for url: http://ai-service:8000/v1/chat"}
{"timestamp": "2025-12-11T04:13:15.717Z", "level": "INFO", "service": "resume-worker", "message": "Hard skills generated: 0 characters"}
{"timestamp": "2025-12-11T04:13:15.718Z", "level": "INFO", "service": "resume-worker", "message": "Generating tags..."}
{"timestamp": "2025-12-11T04:13:15.719Z", "level": "DEBUG", "service": "resume-worker", "message": "Starting new HTTP connection (1): ai-service:8000"}
{"timestamp": "2025-12-11T04:13:15.741Z", "level": "DEBUG", "service": "resume-worker", "message": "http://ai-service:8000 \"POST /v1/chat HTTP/1.1\" 500 21"}
{"timestamp": "2025-12-11T04:13:15.742Z", "level": "ERROR", "service": "resume-worker", "message": "Error generating tags: 500 Server Error: Internal Server Error for url: http://ai-service:8000/v1/chat"}
{"timestamp": "2025-12-11T04:13:15.744Z", "level": "INFO", "service": "resume-worker", "message": "Generated 1 tags: golang"}
{"timestamp": "2025-12-11T04:13:15.744Z", "level": "WARNING", "service": "resume-worker", "message": "Profile generation returned empty, using fallback"}
{"timestamp": "2025-12-11T04:13:15.745Z", "level": "WARNING", "service": "resume-worker", "message": "Hard skills generation returned empty, using fallback hard skills template"}
{"timestamp": "2025-12-11T04:13:15.763Z", "level": "WARNING", "service": "resume-worker", "message": "Ignored `filter: grayscale(0.7)` at 397:5, unknown property."}
{"timestamp": "2025-12-11T04:13:16.107Z", "level": "ERROR", "service": "resume-worker", "message": "Resume generation failed", "context": {"job_id": "bd3a4ac3-2968-42e7-beac-5eaffb1e04a0", "user_id": "6ad0d828-f605-45fc-a545-3441e17a015c", "error": "'Stream' object has no attribute 'text_matrix'", "error_type": "transient", "retry_count": 2, "duration_ms": 565}, "exception": "Traceback (most recent call last):\n  File \"/app/src/worker.py\", line 269, in process_job\n    result = self.generator.generate_resume(\n             ^^^^^^^^^^^^^^^^^^^^^^^^^^^^^^^\n  File \"/app/src/resume_generator.py\", line 434, in generate_resume\n    attempt_func()\n  File \"/app/src/resume_generator.py\", line 421, in <lambda>\n    (lambda: HTML(string=html_content, base_url=self.template_dir).write_pdf(\n             ^^^^^^^^^^^^^^^^^^^^^^^^^^^^^^^^^^^^^^^^^^^^^^^^^^^^^^^^^^^^^^^^\n  File \"/usr/local/lib/python3.11/site-packages/weasyprint/__init__.py\", line 259, in write_pdf\n    self.render(font_config, counter_style, **options)\n  File \"/usr/local/lib/python3.11/site-packages/weasyprint/document.py\", line 400, in write_pdf\n    pdf = generate_pdf(self, target, zoom, **options)\n          ^^^^^^^^^^^^^^^^^^^^^^^^^^^^^^^^^^^^^^^^^^^\n  File \"/usr/local/lib/python3.11/site-packages/weasyprint/pdf/__init__.py\", line 190, in generate_pdf\n    page.paint(stream, scale)\n  File \"/usr/local/lib/python3.11/site-packages/weasyprint/document.py\", line 99, in paint\n    draw_page(self._page_box, stream)\n  File \"/usr/local/lib/python3.11/site-packages/weasyprint/draw.py\", line 67, in draw_page\n    draw_stacking_context(stream, stacking_context)\n  File \"/usr/local/lib/python3.11/site-packages/weasyprint/draw.py\", line 170, in draw_stacking_context\n    draw_stacking_context(stream, child_context)\n  File \"/usr/local/lib/python3.11/site-packages/weasyprint/draw.py\", line 163, in draw_stacking_context\n    draw_inline_level(\n  File \"/usr/local/lib/python3.11/site-packages/weasyprint/draw.py\", line 1230, in draw_inline_level\n    draw_text(\n  File \"/usr/local/lib/python3.11/site-packages/weasyprint/draw.py\", line 1278, in draw_text\n    emojis = draw_first_line(\n             ^^^^^^^^^^^^^^^^\n  File \"/usr/local/lib/python3.11/site-packages/weasyprint/draw.py\", line 1356, in draw_first_line\n    stream.text_matrix(*matrix.values)\n    ^^^^^^^^^^^^^^^^^^\nAttributeError: 'Stream' object has no attribute 'text_matrix'"}
{"timestamp": "2025-12-11T04:13:16.112Z", "level": "WARNING", "service": "resume-worker", "message": "Job will retry", "context": {"job_id": "bd3a4ac3-2968-42e7-beac-5eaffb1e04a0", "retry_count": 3, "backoff_seconds": 8}}
{"timestamp": "2025-12-11T04:13:21.364Z", "level": "WARNING", "service": "resume-worker", "message": "Job will retry", "context": {"job_id": "bd3a4ac3-2968-42e7-beac-5eaffb1e04a0", "retry_count": 3, "backoff_seconds": 8}}
{"timestamp": "2025-12-11T04:13:21.368Z", "level": "INFO", "service": "resume-worker", "message": "Processing resume generation job", "context": {"job_id": "bd3a4ac3-2968-42e7-beac-5eaffb1e04a0", "user_id": "6ad0d828-f605-45fc-a545-3441e17a015c", "job_application_id": "23039927-0434-430c-bcf6-42502251a23b"}}
{"timestamp": "2025-12-11T04:13:21.371Z", "level": "INFO", "service": "resume-worker", "message": "Generating resume for user 6ad0d828-f605-45fc-a545-3441e17a015c, job: Desenvolvedor Backend - Python"}
{"timestamp": "2025-12-11T04:13:21.373Z", "level": "INFO", "service": "resume-worker", "message": "Extracted keywords: {'tech_categories': ['backend', 'language'], 'cert_categories': ['programming'], 'skill_names': ['Python']}"}
{"timestamp": "2025-12-11T04:13:21.376Z", "level": "INFO", "service": "resume-worker", "message": "Found 13 relevant projects"}
{"timestamp": "2025-12-11T04:13:21.388Z", "level": "INFO", "service": "resume-worker", "message": "Found 1 relevant certifications"}
{"timestamp": "2025-12-11T04:13:21.390Z", "level": "INFO", "service": "resume-worker", "message": "Found 4 publications"}
{"timestamp": "2025-12-11T04:13:21.395Z", "level": "INFO", "service": "resume-worker", "message": "Generating resume sections with AI..."}
{"timestamp": "2025-12-11T04:13:21.397Z", "level": "DEBUG", "service": "resume-worker", "message": "Starting new HTTP connection (1): ai-service:8000"}
{"timestamp": "2025-12-11T04:13:21.428Z", "level": "DEBUG", "service": "resume-worker", "message": "http://ai-service:8000 \"POST /v1/chat HTTP/1.1\" 500 21"}
{"timestamp": "2025-12-11T04:13:21.429Z", "level": "ERROR", "service": "resume-worker", "message": "Error generating profile section: 500 Server Error: Internal Server Error for url: http://ai-service:8000/v1/chat"}
{"timestamp": "2025-12-11T04:13:21.431Z", "level": "DEBUG", "service": "resume-worker", "message": "Starting new HTTP connection (1): ai-service:8000"}
{"timestamp": "2025-12-11T04:13:21.452Z", "level": "DEBUG", "service": "resume-worker", "message": "http://ai-service:8000 \"POST /v1/chat HTTP/1.1\" 500 21"}
{"timestamp": "2025-12-11T04:13:21.453Z", "level": "ERROR", "service": "resume-worker", "message": "Error generating about section: 500 Server Error: Internal Server Error for url: http://ai-service:8000/v1/chat"}
{"timestamp": "2025-12-11T04:13:21.455Z", "level": "DEBUG", "service": "resume-worker", "message": "Starting new HTTP connection (1): ai-service:8000"}
{"timestamp": "2025-12-11T04:13:21.477Z", "level": "DEBUG", "service": "resume-worker", "message": "http://ai-service:8000 \"POST /v1/chat HTTP/1.1\" 500 21"}
{"timestamp": "2025-12-11T04:13:21.479Z", "level": "ERROR", "service": "resume-worker", "message": "Error generating experience section: 500 Server Error: Internal Server Error for url: http://ai-service:8000/v1/chat"}
{"timestamp": "2025-12-11T04:13:21.482Z", "level": "DEBUG", "service": "resume-worker", "message": "Starting new HTTP connection (1): ai-service:8000"}
{"timestamp": "2025-12-11T04:13:21.505Z", "level": "DEBUG", "service": "resume-worker", "message": "http://ai-service:8000 \"POST /v1/chat HTTP/1.1\" 500 21"}
{"timestamp": "2025-12-11T04:13:21.507Z", "level": "ERROR", "service": "resume-worker", "message": "Error generating skills section: 500 Server Error: Internal Server Error for url: http://ai-service:8000/v1/chat"}
{"timestamp": "2025-12-11T04:13:21.509Z", "level": "DEBUG", "service": "resume-worker", "message": "Starting new HTTP connection (1): ai-service:8000"}
{"timestamp": "2025-12-11T04:13:21.541Z", "level": "DEBUG", "service": "resume-worker", "message": "http://ai-service:8000 \"POST /v1/chat HTTP/1.1\" 500 21"}
{"timestamp": "2025-12-11T04:13:21.543Z", "level": "ERROR", "service": "resume-worker", "message": "Error generating hard_skills section: 500 Server Error: Internal Server Error for url: http://ai-service:8000/v1/chat"}
{"timestamp": "2025-12-11T04:13:21.544Z", "level": "INFO", "service": "resume-worker", "message": "Hard skills generated: 0 characters"}
{"timestamp": "2025-12-11T04:13:21.545Z", "level": "INFO", "service": "resume-worker", "message": "Generating tags..."}
{"timestamp": "2025-12-11T04:13:21.547Z", "level": "DEBUG", "service": "resume-worker", "message": "Starting new HTTP connection (1): ai-service:8000"}
{"timestamp": "2025-12-11T04:13:21.574Z", "level": "DEBUG", "service": "resume-worker", "message": "http://ai-service:8000 \"POST /v1/chat HTTP/1.1\" 500 21"}
{"timestamp": "2025-12-11T04:13:21.575Z", "level": "ERROR", "service": "resume-worker", "message": "Error generating tags: 500 Server Error: Internal Server Error for url: http://ai-service:8000/v1/chat"}
{"timestamp": "2025-12-11T04:13:21.577Z", "level": "INFO", "service": "resume-worker", "message": "Generated 1 tags: golang"}
{"timestamp": "2025-12-11T04:13:21.578Z", "level": "WARNING", "service": "resume-worker", "message": "Profile generation returned empty, using fallback"}
{"timestamp": "2025-12-11T04:13:21.579Z", "level": "WARNING", "service": "resume-worker", "message": "Hard skills generation returned empty, using fallback hard skills template"}
{"timestamp": "2025-12-11T04:13:21.598Z", "level": "WARNING", "service": "resume-worker", "message": "Ignored `filter: grayscale(0.7)` at 397:5, unknown property."}
{"timestamp": "2025-12-11T04:13:21.977Z", "level": "ERROR", "service": "resume-worker", "message": "Resume generation failed", "context": {"job_id": "bd3a4ac3-2968-42e7-beac-5eaffb1e04a0", "user_id": "6ad0d828-f605-45fc-a545-3441e17a015c", "error": "'Stream' object has no attribute 'text_matrix'", "error_type": "transient", "retry_count": 3, "duration_ms": 606}, "exception": "Traceback (most recent call last):\n  File \"/app/src/worker.py\", line 269, in process_job\n    result = self.generator.generate_resume(\n             ^^^^^^^^^^^^^^^^^^^^^^^^^^^^^^^\n  File \"/app/src/resume_generator.py\", line 434, in generate_resume\n    attempt_func()\n  File \"/app/src/resume_generator.py\", line 421, in <lambda>\n    (lambda: HTML(string=html_content, base_url=self.template_dir).write_pdf(\n             ^^^^^^^^^^^^^^^^^^^^^^^^^^^^^^^^^^^^^^^^^^^^^^^^^^^^^^^^^^^^^^^^\n  File \"/usr/local/lib/python3.11/site-packages/weasyprint/__init__.py\", line 259, in write_pdf\n    self.render(font_config, counter_style, **options)\n  File \"/usr/local/lib/python3.11/site-packages/weasyprint/document.py\", line 400, in write_pdf\n    pdf = generate_pdf(self, target, zoom, **options)\n          ^^^^^^^^^^^^^^^^^^^^^^^^^^^^^^^^^^^^^^^^^^^\n  File \"/usr/local/lib/python3.11/site-packages/weasyprint/pdf/__init__.py\", line 190, in generate_pdf\n    page.paint(stream, scale)\n  File \"/usr/local/lib/python3.11/site-packages/weasyprint/document.py\", line 99, in paint\n    draw_page(self._page_box, stream)\n  File \"/usr/local/lib/python3.11/site-packages/weasyprint/draw.py\", line 67, in draw_page\n    draw_stacking_context(stream, stacking_context)\n  File \"/usr/local/lib/python3.11/site-packages/weasyprint/draw.py\", line 170, in draw_stacking_context\n    draw_stacking_context(stream, child_context)\n  File \"/usr/local/lib/python3.11/site-packages/weasyprint/draw.py\", line 163, in draw_stacking_context\n    draw_inline_level(\n  File \"/usr/local/lib/python3.11/site-packages/weasyprint/draw.py\", line 1230, in draw_inline_level\n    draw_text(\n  File \"/usr/local/lib/python3.11/site-packages/weasyprint/draw.py\", line 1278, in draw_text\n    emojis = draw_first_line(\n             ^^^^^^^^^^^^^^^^\n  File \"/usr/local/lib/python3.11/site-packages/weasyprint/draw.py\", line 1356, in draw_first_line\n    stream.text_matrix(*matrix.values)\n    ^^^^^^^^^^^^^^^^^^\nAttributeError: 'Stream' object has no attribute 'text_matrix'"}
{"timestamp": "2025-12-11T04:13:21.987Z", "level": "ERROR", "service": "resume-worker", "message": "Job moved to dead letter queue", "context": {"job_id": "bd3a4ac3-2968-42e7-beac-5eaffb1e04a0", "error": "Max retries (3) reached"}}
{"timestamp": "2025-12-11T04:15:32.711Z", "level": "INFO", "service": "resume-worker", "message": "Starting resume generation worker"}
{"timestamp": "2025-12-11T04:15:32.720Z", "level": "INFO", "service": "resume-worker", "message": "Connected to Redis", "context": {"redis_url": "redis://redis:6379/0"}}
{"timestamp": "2025-12-11T04:15:32.761Z", "level": "INFO", "service": "resume-worker", "message": "Database connection established"}
{"timestamp": "2025-12-11T04:15:32.787Z", "level": "INFO", "service": "resume-worker", "message": "Translation helper database connection established"}
{"timestamp": "2025-12-11T04:15:32.789Z", "level": "INFO", "service": "resume-worker", "message": "Resume generation worker started"}
{"timestamp": "2025-12-11T04:15:41.756Z", "level": "INFO", "service": "resume-worker", "message": "Processing resume generation job", "context": {"job_id": "a9ccac79-862d-49bb-ac22-7090b8dca6b3", "user_id": "6ad0d828-f605-45fc-a545-3441e17a015c", "job_application_id": "23039927-0434-430c-bcf6-42502251a23b"}}
{"timestamp": "2025-12-11T04:15:41.758Z", "level": "INFO", "service": "resume-worker", "message": "Generating resume for user 6ad0d828-f605-45fc-a545-3441e17a015c, job: Desenvolvedor Backend - Python"}
{"timestamp": "2025-12-11T04:15:41.781Z", "level": "INFO", "service": "resume-worker", "message": "Extracted keywords: {'tech_categories': ['backend', 'language'], 'cert_categories': ['programming'], 'skill_names': ['Python']}"}
{"timestamp": "2025-12-11T04:15:41.823Z", "level": "INFO", "service": "resume-worker", "message": "Found 13 relevant projects"}
{"timestamp": "2025-12-11T04:15:41.846Z", "level": "INFO", "service": "resume-worker", "message": "Found 1 relevant certifications"}
{"timestamp": "2025-12-11T04:15:41.853Z", "level": "INFO", "service": "resume-worker", "message": "Found 4 publications"}
{"timestamp": "2025-12-11T04:15:41.859Z", "level": "INFO", "service": "resume-worker", "message": "Generating resume sections with AI..."}
{"timestamp": "2025-12-11T04:15:41.863Z", "level": "DEBUG", "service": "resume-worker", "message": "Starting new HTTP connection (1): ai-service:8000"}
{"timestamp": "2025-12-11T04:15:41.966Z", "level": "DEBUG", "service": "resume-worker", "message": "http://ai-service:8000 \"POST /v1/chat HTTP/1.1\" 500 21"}
{"timestamp": "2025-12-11T04:15:41.968Z", "level": "ERROR", "service": "resume-worker", "message": "Error generating profile section: 500 Server Error: Internal Server Error for url: http://ai-service:8000/v1/chat"}
{"timestamp": "2025-12-11T04:15:41.971Z", "level": "DEBUG", "service": "resume-worker", "message": "Starting new HTTP connection (1): ai-service:8000"}
{"timestamp": "2025-12-11T04:15:41.998Z", "level": "DEBUG", "service": "resume-worker", "message": "http://ai-service:8000 \"POST /v1/chat HTTP/1.1\" 500 21"}
{"timestamp": "2025-12-11T04:15:42.000Z", "level": "ERROR", "service": "resume-worker", "message": "Error generating about section: 500 Server Error: Internal Server Error for url: http://ai-service:8000/v1/chat"}
{"timestamp": "2025-12-11T04:15:42.008Z", "level": "DEBUG", "service": "resume-worker", "message": "Starting new HTTP connection (1): ai-service:8000"}
{"timestamp": "2025-12-11T04:15:42.034Z", "level": "DEBUG", "service": "resume-worker", "message": "http://ai-service:8000 \"POST /v1/chat HTTP/1.1\" 500 21"}
{"timestamp": "2025-12-11T04:15:42.036Z", "level": "ERROR", "service": "resume-worker", "message": "Error generating experience section: 500 Server Error: Internal Server Error for url: http://ai-service:8000/v1/chat"}
{"timestamp": "2025-12-11T04:15:42.039Z", "level": "DEBUG", "service": "resume-worker", "message": "Starting new HTTP connection (1): ai-service:8000"}
{"timestamp": "2025-12-11T04:15:42.075Z", "level": "DEBUG", "service": "resume-worker", "message": "http://ai-service:8000 \"POST /v1/chat HTTP/1.1\" 500 21"}
{"timestamp": "2025-12-11T04:15:42.076Z", "level": "ERROR", "service": "resume-worker", "message": "Error generating skills section: 500 Server Error: Internal Server Error for url: http://ai-service:8000/v1/chat"}
{"timestamp": "2025-12-11T04:15:42.078Z", "level": "DEBUG", "service": "resume-worker", "message": "Starting new HTTP connection (1): ai-service:8000"}
{"timestamp": "2025-12-11T04:15:42.107Z", "level": "DEBUG", "service": "resume-worker", "message": "http://ai-service:8000 \"POST /v1/chat HTTP/1.1\" 500 21"}
{"timestamp": "2025-12-11T04:15:42.108Z", "level": "ERROR", "service": "resume-worker", "message": "Error generating hard_skills section: 500 Server Error: Internal Server Error for url: http://ai-service:8000/v1/chat"}
{"timestamp": "2025-12-11T04:15:42.109Z", "level": "INFO", "service": "resume-worker", "message": "Hard skills generated: 0 characters"}
{"timestamp": "2025-12-11T04:15:42.110Z", "level": "INFO", "service": "resume-worker", "message": "Generating tags..."}
{"timestamp": "2025-12-11T04:15:42.112Z", "level": "DEBUG", "service": "resume-worker", "message": "Starting new HTTP connection (1): ai-service:8000"}
{"timestamp": "2025-12-11T04:15:42.160Z", "level": "DEBUG", "service": "resume-worker", "message": "http://ai-service:8000 \"POST /v1/chat HTTP/1.1\" 500 21"}
{"timestamp": "2025-12-11T04:15:42.161Z", "level": "ERROR", "service": "resume-worker", "message": "Error generating tags: 500 Server Error: Internal Server Error for url: http://ai-service:8000/v1/chat"}
{"timestamp": "2025-12-11T04:15:42.163Z", "level": "INFO", "service": "resume-worker", "message": "Generated 1 tags: golang"}
{"timestamp": "2025-12-11T04:15:42.164Z", "level": "WARNING", "service": "resume-worker", "message": "Profile generation returned empty, using fallback"}
{"timestamp": "2025-12-11T04:15:42.165Z", "level": "WARNING", "service": "resume-worker", "message": "Hard skills generation returned empty, using fallback hard skills template"}
{"timestamp": "2025-12-11T04:15:42.227Z", "level": "WARNING", "service": "resume-worker", "message": "Ignored `filter: grayscale(0.7)` at 397:5, unknown property."}
{"timestamp": "2025-12-11T04:15:42.734Z", "level": "ERROR", "service": "resume-worker", "message": "Resume generation failed", "context": {"job_id": "a9ccac79-862d-49bb-ac22-7090b8dca6b3", "user_id": "6ad0d828-f605-45fc-a545-3441e17a015c", "error": "'Stream' object has no attribute 'text_matrix'", "error_type": "transient", "retry_count": 0, "duration_ms": 975}, "exception": "Traceback (most recent call last):\n  File \"/app/src/worker.py\", line 269, in process_job\n    result = self.generator.generate_resume(\n             ^^^^^^^^^^^^^^^^^^^^^^^^^^^^^^^\n  File \"/app/src/resume_generator.py\", line 437, in generate_resume\n    attempt_func()\n  File \"/app/src/resume_generator.py\", line 424, in <lambda>\n    (lambda: HTML(string=html_content, base_url=self.template_dir).write_pdf(\n             ^^^^^^^^^^^^^^^^^^^^^^^^^^^^^^^^^^^^^^^^^^^^^^^^^^^^^^^^^^^^^^^^\n  File \"/usr/local/lib/python3.11/site-packages/weasyprint/__init__.py\", line 259, in write_pdf\n    self.render(font_config, counter_style, **options)\n  File \"/usr/local/lib/python3.11/site-packages/weasyprint/document.py\", line 400, in write_pdf\n    pdf = generate_pdf(self, target, zoom, **options)\n          ^^^^^^^^^^^^^^^^^^^^^^^^^^^^^^^^^^^^^^^^^^^\n  File \"/usr/local/lib/python3.11/site-packages/weasyprint/pdf/__init__.py\", line 190, in generate_pdf\n    page.paint(stream, scale)\n  File \"/usr/local/lib/python3.11/site-packages/weasyprint/document.py\", line 99, in paint\n    draw_page(self._page_box, stream)\n  File \"/usr/local/lib/python3.11/site-packages/weasyprint/draw.py\", line 67, in draw_page\n    draw_stacking_context(stream, stacking_context)\n  File \"/usr/local/lib/python3.11/site-packages/weasyprint/draw.py\", line 170, in draw_stacking_context\n    draw_stacking_context(stream, child_context)\n  File \"/usr/local/lib/python3.11/site-packages/weasyprint/draw.py\", line 163, in draw_stacking_context\n    draw_inline_level(\n  File \"/usr/local/lib/python3.11/site-packages/weasyprint/draw.py\", line 1230, in draw_inline_level\n    draw_text(\n  File \"/usr/local/lib/python3.11/site-packages/weasyprint/draw.py\", line 1278, in draw_text\n    emojis = draw_first_line(\n             ^^^^^^^^^^^^^^^^\n  File \"/usr/local/lib/python3.11/site-packages/weasyprint/draw.py\", line 1356, in draw_first_line\n    stream.text_matrix(*matrix.values)\n    ^^^^^^^^^^^^^^^^^^\nAttributeError: 'Stream' object has no attribute 'text_matrix'"}
{"timestamp": "2025-12-11T04:15:42.750Z", "level": "WARNING", "service": "resume-worker", "message": "Job will retry", "context": {"job_id": "a9ccac79-862d-49bb-ac22-7090b8dca6b3", "retry_count": 1, "backoff_seconds": 2}}
{"timestamp": "2025-12-11T04:15:44.847Z", "level": "WARNING", "service": "resume-worker", "message": "Job will retry", "context": {"job_id": "a9ccac79-862d-49bb-ac22-7090b8dca6b3", "retry_count": 1, "backoff_seconds": 2}}
{"timestamp": "2025-12-11T04:15:44.850Z", "level": "INFO", "service": "resume-worker", "message": "Processing resume generation job", "context": {"job_id": "a9ccac79-862d-49bb-ac22-7090b8dca6b3", "user_id": "6ad0d828-f605-45fc-a545-3441e17a015c", "job_application_id": "23039927-0434-430c-bcf6-42502251a23b"}}
{"timestamp": "2025-12-11T04:15:44.852Z", "level": "INFO", "service": "resume-worker", "message": "Generating resume for user 6ad0d828-f605-45fc-a545-3441e17a015c, job: Desenvolvedor Backend - Python"}
{"timestamp": "2025-12-11T04:15:44.855Z", "level": "INFO", "service": "resume-worker", "message": "Extracted keywords: {'tech_categories': ['backend', 'language'], 'cert_categories': ['programming'], 'skill_names': ['Python']}"}
{"timestamp": "2025-12-11T04:15:44.861Z", "level": "INFO", "service": "resume-worker", "message": "Found 13 relevant projects"}
{"timestamp": "2025-12-11T04:15:44.873Z", "level": "INFO", "service": "resume-worker", "message": "Found 1 relevant certifications"}
{"timestamp": "2025-12-11T04:15:44.877Z", "level": "INFO", "service": "resume-worker", "message": "Found 4 publications"}
{"timestamp": "2025-12-11T04:15:44.881Z", "level": "INFO", "service": "resume-worker", "message": "Generating resume sections with AI..."}
{"timestamp": "2025-12-11T04:15:44.883Z", "level": "DEBUG", "service": "resume-worker", "message": "Starting new HTTP connection (1): ai-service:8000"}
{"timestamp": "2025-12-11T04:15:44.918Z", "level": "DEBUG", "service": "resume-worker", "message": "http://ai-service:8000 \"POST /v1/chat HTTP/1.1\" 500 21"}
{"timestamp": "2025-12-11T04:15:44.919Z", "level": "ERROR", "service": "resume-worker", "message": "Error generating profile section: 500 Server Error: Internal Server Error for url: http://ai-service:8000/v1/chat"}
{"timestamp": "2025-12-11T04:15:44.922Z", "level": "DEBUG", "service": "resume-worker", "message": "Starting new HTTP connection (1): ai-service:8000"}
{"timestamp": "2025-12-11T04:15:44.947Z", "level": "DEBUG", "service": "resume-worker", "message": "http://ai-service:8000 \"POST /v1/chat HTTP/1.1\" 500 21"}
{"timestamp": "2025-12-11T04:15:44.949Z", "level": "ERROR", "service": "resume-worker", "message": "Error generating about section: 500 Server Error: Internal Server Error for url: http://ai-service:8000/v1/chat"}
{"timestamp": "2025-12-11T04:15:44.952Z", "level": "DEBUG", "service": "resume-worker", "message": "Starting new HTTP connection (1): ai-service:8000"}
{"timestamp": "2025-12-11T04:15:44.986Z", "level": "DEBUG", "service": "resume-worker", "message": "http://ai-service:8000 \"POST /v1/chat HTTP/1.1\" 500 21"}
{"timestamp": "2025-12-11T04:15:44.987Z", "level": "ERROR", "service": "resume-worker", "message": "Error generating experience section: 500 Server Error: Internal Server Error for url: http://ai-service:8000/v1/chat"}
{"timestamp": "2025-12-11T04:15:44.990Z", "level": "DEBUG", "service": "resume-worker", "message": "Starting new HTTP connection (1): ai-service:8000"}
{"timestamp": "2025-12-11T04:15:45.034Z", "level": "DEBUG", "service": "resume-worker", "message": "http://ai-service:8000 \"POST /v1/chat HTTP/1.1\" 500 21"}
{"timestamp": "2025-12-11T04:15:45.035Z", "level": "ERROR", "service": "resume-worker", "message": "Error generating skills section: 500 Server Error: Internal Server Error for url: http://ai-service:8000/v1/chat"}
{"timestamp": "2025-12-11T04:15:45.040Z", "level": "DEBUG", "service": "resume-worker", "message": "Starting new HTTP connection (1): ai-service:8000"}
{"timestamp": "2025-12-11T04:15:45.077Z", "level": "DEBUG", "service": "resume-worker", "message": "http://ai-service:8000 \"POST /v1/chat HTTP/1.1\" 500 21"}
{"timestamp": "2025-12-11T04:15:45.078Z", "level": "ERROR", "service": "resume-worker", "message": "Error generating hard_skills section: 500 Server Error: Internal Server Error for url: http://ai-service:8000/v1/chat"}
{"timestamp": "2025-12-11T04:15:45.079Z", "level": "INFO", "service": "resume-worker", "message": "Hard skills generated: 0 characters"}
{"timestamp": "2025-12-11T04:15:45.080Z", "level": "INFO", "service": "resume-worker", "message": "Generating tags..."}
{"timestamp": "2025-12-11T04:15:45.081Z", "level": "DEBUG", "service": "resume-worker", "message": "Starting new HTTP connection (1): ai-service:8000"}
{"timestamp": "2025-12-11T04:15:45.107Z", "level": "DEBUG", "service": "resume-worker", "message": "http://ai-service:8000 \"POST /v1/chat HTTP/1.1\" 500 21"}
{"timestamp": "2025-12-11T04:15:45.108Z", "level": "ERROR", "service": "resume-worker", "message": "Error generating tags: 500 Server Error: Internal Server Error for url: http://ai-service:8000/v1/chat"}
{"timestamp": "2025-12-11T04:15:45.111Z", "level": "INFO", "service": "resume-worker", "message": "Generated 1 tags: golang"}
{"timestamp": "2025-12-11T04:15:45.112Z", "level": "WARNING", "service": "resume-worker", "message": "Profile generation returned empty, using fallback"}
{"timestamp": "2025-12-11T04:15:45.112Z", "level": "WARNING", "service": "resume-worker", "message": "Hard skills generation returned empty, using fallback hard skills template"}
{"timestamp": "2025-12-11T04:15:45.147Z", "level": "WARNING", "service": "resume-worker", "message": "Ignored `filter: grayscale(0.7)` at 397:5, unknown property."}
{"timestamp": "2025-12-11T04:15:45.571Z", "level": "ERROR", "service": "resume-worker", "message": "Resume generation failed", "context": {"job_id": "a9ccac79-862d-49bb-ac22-7090b8dca6b3", "user_id": "6ad0d828-f605-45fc-a545-3441e17a015c", "error": "'Stream' object has no attribute 'text_matrix'", "error_type": "transient", "retry_count": 1, "duration_ms": 719}, "exception": "Traceback (most recent call last):\n  File \"/app/src/worker.py\", line 269, in process_job\n    result = self.generator.generate_resume(\n             ^^^^^^^^^^^^^^^^^^^^^^^^^^^^^^^\n  File \"/app/src/resume_generator.py\", line 437, in generate_resume\n    attempt_func()\n  File \"/app/src/resume_generator.py\", line 424, in <lambda>\n    (lambda: HTML(string=html_content, base_url=self.template_dir).write_pdf(\n             ^^^^^^^^^^^^^^^^^^^^^^^^^^^^^^^^^^^^^^^^^^^^^^^^^^^^^^^^^^^^^^^^\n  File \"/usr/local/lib/python3.11/site-packages/weasyprint/__init__.py\", line 259, in write_pdf\n    self.render(font_config, counter_style, **options)\n  File \"/usr/local/lib/python3.11/site-packages/weasyprint/document.py\", line 400, in write_pdf\n    pdf = generate_pdf(self, target, zoom, **options)\n          ^^^^^^^^^^^^^^^^^^^^^^^^^^^^^^^^^^^^^^^^^^^\n  File \"/usr/local/lib/python3.11/site-packages/weasyprint/pdf/__init__.py\", line 190, in generate_pdf\n    page.paint(stream, scale)\n  File \"/usr/local/lib/python3.11/site-packages/weasyprint/document.py\", line 99, in paint\n    draw_page(self._page_box, stream)\n  File \"/usr/local/lib/python3.11/site-packages/weasyprint/draw.py\", line 67, in draw_page\n    draw_stacking_context(stream, stacking_context)\n  File \"/usr/local/lib/python3.11/site-packages/weasyprint/draw.py\", line 170, in draw_stacking_context\n    draw_stacking_context(stream, child_context)\n  File \"/usr/local/lib/python3.11/site-packages/weasyprint/draw.py\", line 163, in draw_stacking_context\n    draw_inline_level(\n  File \"/usr/local/lib/python3.11/site-packages/weasyprint/draw.py\", line 1230, in draw_inline_level\n    draw_text(\n  File \"/usr/local/lib/python3.11/site-packages/weasyprint/draw.py\", line 1278, in draw_text\n    emojis = draw_first_line(\n             ^^^^^^^^^^^^^^^^\n  File \"/usr/local/lib/python3.11/site-packages/weasyprint/draw.py\", line 1356, in draw_first_line\n    stream.text_matrix(*matrix.values)\n    ^^^^^^^^^^^^^^^^^^\nAttributeError: 'Stream' object has no attribute 'text_matrix'"}
{"timestamp": "2025-12-11T04:15:45.579Z", "level": "WARNING", "service": "resume-worker", "message": "Job will retry", "context": {"job_id": "a9ccac79-862d-49bb-ac22-7090b8dca6b3", "retry_count": 2, "backoff_seconds": 4}}
{"timestamp": "2025-12-11T04:15:49.594Z", "level": "WARNING", "service": "resume-worker", "message": "Job will retry", "context": {"job_id": "a9ccac79-862d-49bb-ac22-7090b8dca6b3", "retry_count": 2, "backoff_seconds": 4}}
{"timestamp": "2025-12-11T04:15:49.596Z", "level": "INFO", "service": "resume-worker", "message": "Processing resume generation job", "context": {"job_id": "a9ccac79-862d-49bb-ac22-7090b8dca6b3", "user_id": "6ad0d828-f605-45fc-a545-3441e17a015c", "job_application_id": "23039927-0434-430c-bcf6-42502251a23b"}}
{"timestamp": "2025-12-11T04:15:49.598Z", "level": "INFO", "service": "resume-worker", "message": "Generating resume for user 6ad0d828-f605-45fc-a545-3441e17a015c, job: Desenvolvedor Backend - Python"}
{"timestamp": "2025-12-11T04:15:49.599Z", "level": "INFO", "service": "resume-worker", "message": "Extracted keywords: {'tech_categories': ['backend', 'language'], 'cert_categories': ['programming'], 'skill_names': ['Python']}"}
{"timestamp": "2025-12-11T04:15:49.601Z", "level": "INFO", "service": "resume-worker", "message": "Found 13 relevant projects"}
{"timestamp": "2025-12-11T04:15:49.608Z", "level": "INFO", "service": "resume-worker", "message": "Found 1 relevant certifications"}
{"timestamp": "2025-12-11T04:15:49.609Z", "level": "INFO", "service": "resume-worker", "message": "Found 4 publications"}
{"timestamp": "2025-12-11T04:15:49.614Z", "level": "INFO", "service": "resume-worker", "message": "Generating resume sections with AI..."}
{"timestamp": "2025-12-11T04:15:49.617Z", "level": "DEBUG", "service": "resume-worker", "message": "Starting new HTTP connection (1): ai-service:8000"}
{"timestamp": "2025-12-11T04:15:49.659Z", "level": "DEBUG", "service": "resume-worker", "message": "http://ai-service:8000 \"POST /v1/chat HTTP/1.1\" 500 21"}
{"timestamp": "2025-12-11T04:15:49.660Z", "level": "ERROR", "service": "resume-worker", "message": "Error generating profile section: 500 Server Error: Internal Server Error for url: http://ai-service:8000/v1/chat"}
{"timestamp": "2025-12-11T04:15:49.663Z", "level": "DEBUG", "service": "resume-worker", "message": "Starting new HTTP connection (1): ai-service:8000"}
{"timestamp": "2025-12-11T04:15:49.690Z", "level": "DEBUG", "service": "resume-worker", "message": "http://ai-service:8000 \"POST /v1/chat HTTP/1.1\" 500 21"}
{"timestamp": "2025-12-11T04:15:49.691Z", "level": "ERROR", "service": "resume-worker", "message": "Error generating about section: 500 Server Error: Internal Server Error for url: http://ai-service:8000/v1/chat"}
{"timestamp": "2025-12-11T04:15:49.693Z", "level": "DEBUG", "service": "resume-worker", "message": "Starting new HTTP connection (1): ai-service:8000"}
{"timestamp": "2025-12-11T04:15:49.740Z", "level": "DEBUG", "service": "resume-worker", "message": "http://ai-service:8000 \"POST /v1/chat HTTP/1.1\" 500 21"}
{"timestamp": "2025-12-11T04:15:49.743Z", "level": "ERROR", "service": "resume-worker", "message": "Error generating experience section: 500 Server Error: Internal Server Error for url: http://ai-service:8000/v1/chat"}
{"timestamp": "2025-12-11T04:15:49.746Z", "level": "DEBUG", "service": "resume-worker", "message": "Starting new HTTP connection (1): ai-service:8000"}
{"timestamp": "2025-12-11T04:15:49.783Z", "level": "DEBUG", "service": "resume-worker", "message": "http://ai-service:8000 \"POST /v1/chat HTTP/1.1\" 500 21"}
{"timestamp": "2025-12-11T04:15:49.785Z", "level": "ERROR", "service": "resume-worker", "message": "Error generating skills section: 500 Server Error: Internal Server Error for url: http://ai-service:8000/v1/chat"}
{"timestamp": "2025-12-11T04:15:49.788Z", "level": "DEBUG", "service": "resume-worker", "message": "Starting new HTTP connection (1): ai-service:8000"}
{"timestamp": "2025-12-11T04:15:49.825Z", "level": "DEBUG", "service": "resume-worker", "message": "http://ai-service:8000 \"POST /v1/chat HTTP/1.1\" 500 21"}
{"timestamp": "2025-12-11T04:15:49.828Z", "level": "ERROR", "service": "resume-worker", "message": "Error generating hard_skills section: 500 Server Error: Internal Server Error for url: http://ai-service:8000/v1/chat"}
{"timestamp": "2025-12-11T04:15:49.831Z", "level": "INFO", "service": "resume-worker", "message": "Hard skills generated: 0 characters"}
{"timestamp": "2025-12-11T04:15:49.832Z", "level": "INFO", "service": "resume-worker", "message": "Generating tags..."}
{"timestamp": "2025-12-11T04:15:49.834Z", "level": "DEBUG", "service": "resume-worker", "message": "Starting new HTTP connection (1): ai-service:8000"}
{"timestamp": "2025-12-11T04:15:49.876Z", "level": "DEBUG", "service": "resume-worker", "message": "http://ai-service:8000 \"POST /v1/chat HTTP/1.1\" 500 21"}
{"timestamp": "2025-12-11T04:15:49.877Z", "level": "ERROR", "service": "resume-worker", "message": "Error generating tags: 500 Server Error: Internal Server Error for url: http://ai-service:8000/v1/chat"}
{"timestamp": "2025-12-11T04:15:49.879Z", "level": "INFO", "service": "resume-worker", "message": "Generated 1 tags: golang"}
{"timestamp": "2025-12-11T04:15:49.880Z", "level": "WARNING", "service": "resume-worker", "message": "Profile generation returned empty, using fallback"}
{"timestamp": "2025-12-11T04:15:49.881Z", "level": "WARNING", "service": "resume-worker", "message": "Hard skills generation returned empty, using fallback hard skills template"}
{"timestamp": "2025-12-11T04:15:49.905Z", "level": "WARNING", "service": "resume-worker", "message": "Ignored `filter: grayscale(0.7)` at 397:5, unknown property."}
{"timestamp": "2025-12-11T04:15:50.381Z", "level": "ERROR", "service": "resume-worker", "message": "Resume generation failed", "context": {"job_id": "a9ccac79-862d-49bb-ac22-7090b8dca6b3", "user_id": "6ad0d828-f605-45fc-a545-3441e17a015c", "error": "'Stream' object has no attribute 'text_matrix'", "error_type": "transient", "retry_count": 2, "duration_ms": 782}, "exception": "Traceback (most recent call last):\n  File \"/app/src/worker.py\", line 269, in process_job\n    result = self.generator.generate_resume(\n             ^^^^^^^^^^^^^^^^^^^^^^^^^^^^^^^\n  File \"/app/src/resume_generator.py\", line 437, in generate_resume\n    attempt_func()\n  File \"/app/src/resume_generator.py\", line 424, in <lambda>\n    (lambda: HTML(string=html_content, base_url=self.template_dir).write_pdf(\n             ^^^^^^^^^^^^^^^^^^^^^^^^^^^^^^^^^^^^^^^^^^^^^^^^^^^^^^^^^^^^^^^^\n  File \"/usr/local/lib/python3.11/site-packages/weasyprint/__init__.py\", line 259, in write_pdf\n    self.render(font_config, counter_style, **options)\n  File \"/usr/local/lib/python3.11/site-packages/weasyprint/document.py\", line 400, in write_pdf\n    pdf = generate_pdf(self, target, zoom, **options)\n          ^^^^^^^^^^^^^^^^^^^^^^^^^^^^^^^^^^^^^^^^^^^\n  File \"/usr/local/lib/python3.11/site-packages/weasyprint/pdf/__init__.py\", line 190, in generate_pdf\n    page.paint(stream, scale)\n  File \"/usr/local/lib/python3.11/site-packages/weasyprint/document.py\", line 99, in paint\n    draw_page(self._page_box, stream)\n  File \"/usr/local/lib/python3.11/site-packages/weasyprint/draw.py\", line 67, in draw_page\n    draw_stacking_context(stream, stacking_context)\n  File \"/usr/local/lib/python3.11/site-packages/weasyprint/draw.py\", line 170, in draw_stacking_context\n    draw_stacking_context(stream, child_context)\n  File \"/usr/local/lib/python3.11/site-packages/weasyprint/draw.py\", line 163, in draw_stacking_context\n    draw_inline_level(\n  File \"/usr/local/lib/python3.11/site-packages/weasyprint/draw.py\", line 1230, in draw_inline_level\n    draw_text(\n  File \"/usr/local/lib/python3.11/site-packages/weasyprint/draw.py\", line 1278, in draw_text\n    emojis = draw_first_line(\n             ^^^^^^^^^^^^^^^^\n  File \"/usr/local/lib/python3.11/site-packages/weasyprint/draw.py\", line 1356, in draw_first_line\n    stream.text_matrix(*matrix.values)\n    ^^^^^^^^^^^^^^^^^^\nAttributeError: 'Stream' object has no attribute 'text_matrix'"}
{"timestamp": "2025-12-11T04:15:50.391Z", "level": "WARNING", "service": "resume-worker", "message": "Job will retry", "context": {"job_id": "a9ccac79-862d-49bb-ac22-7090b8dca6b3", "retry_count": 3, "backoff_seconds": 8}}
{"timestamp": "2025-12-11T04:15:58.398Z", "level": "WARNING", "service": "resume-worker", "message": "Job will retry", "context": {"job_id": "a9ccac79-862d-49bb-ac22-7090b8dca6b3", "retry_count": 3, "backoff_seconds": 8}}
{"timestamp": "2025-12-11T04:15:58.401Z", "level": "INFO", "service": "resume-worker", "message": "Processing resume generation job", "context": {"job_id": "a9ccac79-862d-49bb-ac22-7090b8dca6b3", "user_id": "6ad0d828-f605-45fc-a545-3441e17a015c", "job_application_id": "23039927-0434-430c-bcf6-42502251a23b"}}
{"timestamp": "2025-12-11T04:15:58.405Z", "level": "INFO", "service": "resume-worker", "message": "Generating resume for user 6ad0d828-f605-45fc-a545-3441e17a015c, job: Desenvolvedor Backend - Python"}
{"timestamp": "2025-12-11T04:15:58.408Z", "level": "INFO", "service": "resume-worker", "message": "Extracted keywords: {'tech_categories': ['backend', 'language'], 'cert_categories': ['programming'], 'skill_names': ['Python']}"}
{"timestamp": "2025-12-11T04:15:58.412Z", "level": "INFO", "service": "resume-worker", "message": "Found 13 relevant projects"}
{"timestamp": "2025-12-11T04:15:58.423Z", "level": "INFO", "service": "resume-worker", "message": "Found 1 relevant certifications"}
{"timestamp": "2025-12-11T04:15:58.427Z", "level": "INFO", "service": "resume-worker", "message": "Found 4 publications"}
{"timestamp": "2025-12-11T04:15:58.432Z", "level": "INFO", "service": "resume-worker", "message": "Generating resume sections with AI..."}
{"timestamp": "2025-12-11T04:15:58.435Z", "level": "DEBUG", "service": "resume-worker", "message": "Starting new HTTP connection (1): ai-service:8000"}
{"timestamp": "2025-12-11T04:15:58.467Z", "level": "DEBUG", "service": "resume-worker", "message": "http://ai-service:8000 \"POST /v1/chat HTTP/1.1\" 500 21"}
{"timestamp": "2025-12-11T04:15:58.468Z", "level": "ERROR", "service": "resume-worker", "message": "Error generating profile section: 500 Server Error: Internal Server Error for url: http://ai-service:8000/v1/chat"}
{"timestamp": "2025-12-11T04:15:58.471Z", "level": "DEBUG", "service": "resume-worker", "message": "Starting new HTTP connection (1): ai-service:8000"}
{"timestamp": "2025-12-11T04:15:58.498Z", "level": "DEBUG", "service": "resume-worker", "message": "http://ai-service:8000 \"POST /v1/chat HTTP/1.1\" 500 21"}
{"timestamp": "2025-12-11T04:15:58.499Z", "level": "ERROR", "service": "resume-worker", "message": "Error generating about section: 500 Server Error: Internal Server Error for url: http://ai-service:8000/v1/chat"}
{"timestamp": "2025-12-11T04:15:58.502Z", "level": "DEBUG", "service": "resume-worker", "message": "Starting new HTTP connection (1): ai-service:8000"}
{"timestamp": "2025-12-11T04:15:58.531Z", "level": "DEBUG", "service": "resume-worker", "message": "http://ai-service:8000 \"POST /v1/chat HTTP/1.1\" 500 21"}
{"timestamp": "2025-12-11T04:15:58.532Z", "level": "ERROR", "service": "resume-worker", "message": "Error generating experience section: 500 Server Error: Internal Server Error for url: http://ai-service:8000/v1/chat"}
{"timestamp": "2025-12-11T04:15:58.535Z", "level": "DEBUG", "service": "resume-worker", "message": "Starting new HTTP connection (1): ai-service:8000"}
{"timestamp": "2025-12-11T04:15:58.559Z", "level": "DEBUG", "service": "resume-worker", "message": "http://ai-service:8000 \"POST /v1/chat HTTP/1.1\" 500 21"}
{"timestamp": "2025-12-11T04:15:58.561Z", "level": "ERROR", "service": "resume-worker", "message": "Error generating skills section: 500 Server Error: Internal Server Error for url: http://ai-service:8000/v1/chat"}
{"timestamp": "2025-12-11T04:15:58.563Z", "level": "DEBUG", "service": "resume-worker", "message": "Starting new HTTP connection (1): ai-service:8000"}
{"timestamp": "2025-12-11T04:15:58.592Z", "level": "DEBUG", "service": "resume-worker", "message": "http://ai-service:8000 \"POST /v1/chat HTTP/1.1\" 500 21"}
{"timestamp": "2025-12-11T04:15:58.593Z", "level": "ERROR", "service": "resume-worker", "message": "Error generating hard_skills section: 500 Server Error: Internal Server Error for url: http://ai-service:8000/v1/chat"}
{"timestamp": "2025-12-11T04:15:58.594Z", "level": "INFO", "service": "resume-worker", "message": "Hard skills generated: 0 characters"}
{"timestamp": "2025-12-11T04:15:58.596Z", "level": "INFO", "service": "resume-worker", "message": "Generating tags..."}
{"timestamp": "2025-12-11T04:15:58.597Z", "level": "DEBUG", "service": "resume-worker", "message": "Starting new HTTP connection (1): ai-service:8000"}
{"timestamp": "2025-12-11T04:15:58.620Z", "level": "DEBUG", "service": "resume-worker", "message": "http://ai-service:8000 \"POST /v1/chat HTTP/1.1\" 500 21"}
{"timestamp": "2025-12-11T04:15:58.621Z", "level": "ERROR", "service": "resume-worker", "message": "Error generating tags: 500 Server Error: Internal Server Error for url: http://ai-service:8000/v1/chat"}
{"timestamp": "2025-12-11T04:15:58.623Z", "level": "INFO", "service": "resume-worker", "message": "Generated 1 tags: golang"}
{"timestamp": "2025-12-11T04:15:58.624Z", "level": "WARNING", "service": "resume-worker", "message": "Profile generation returned empty, using fallback"}
{"timestamp": "2025-12-11T04:15:58.625Z", "level": "WARNING", "service": "resume-worker", "message": "Hard skills generation returned empty, using fallback hard skills template"}
{"timestamp": "2025-12-11T04:15:58.646Z", "level": "WARNING", "service": "resume-worker", "message": "Ignored `filter: grayscale(0.7)` at 397:5, unknown property."}
{"timestamp": "2025-12-11T04:15:59.089Z", "level": "ERROR", "service": "resume-worker", "message": "Resume generation failed", "context": {"job_id": "a9ccac79-862d-49bb-ac22-7090b8dca6b3", "user_id": "6ad0d828-f605-45fc-a545-3441e17a015c", "error": "'Stream' object has no attribute 'text_matrix'", "error_type": "transient", "retry_count": 3, "duration_ms": 683}, "exception": "Traceback (most recent call last):\n  File \"/app/src/worker.py\", line 269, in process_job\n    result = self.generator.generate_resume(\n             ^^^^^^^^^^^^^^^^^^^^^^^^^^^^^^^\n  File \"/app/src/resume_generator.py\", line 437, in generate_resume\n    attempt_func()\n  File \"/app/src/resume_generator.py\", line 424, in <lambda>\n    (lambda: HTML(string=html_content, base_url=self.template_dir).write_pdf(\n             ^^^^^^^^^^^^^^^^^^^^^^^^^^^^^^^^^^^^^^^^^^^^^^^^^^^^^^^^^^^^^^^^\n  File \"/usr/local/lib/python3.11/site-packages/weasyprint/__init__.py\", line 259, in write_pdf\n    self.render(font_config, counter_style, **options)\n  File \"/usr/local/lib/python3.11/site-packages/weasyprint/document.py\", line 400, in write_pdf\n    pdf = generate_pdf(self, target, zoom, **options)\n          ^^^^^^^^^^^^^^^^^^^^^^^^^^^^^^^^^^^^^^^^^^^\n  File \"/usr/local/lib/python3.11/site-packages/weasyprint/pdf/__init__.py\", line 190, in generate_pdf\n    page.paint(stream, scale)\n  File \"/usr/local/lib/python3.11/site-packages/weasyprint/document.py\", line 99, in paint\n    draw_page(self._page_box, stream)\n  File \"/usr/local/lib/python3.11/site-packages/weasyprint/draw.py\", line 67, in draw_page\n    draw_stacking_context(stream, stacking_context)\n  File \"/usr/local/lib/python3.11/site-packages/weasyprint/draw.py\", line 170, in draw_stacking_context\n    draw_stacking_context(stream, child_context)\n  File \"/usr/local/lib/python3.11/site-packages/weasyprint/draw.py\", line 163, in draw_stacking_context\n    draw_inline_level(\n  File \"/usr/local/lib/python3.11/site-packages/weasyprint/draw.py\", line 1230, in draw_inline_level\n    draw_text(\n  File \"/usr/local/lib/python3.11/site-packages/weasyprint/draw.py\", line 1278, in draw_text\n    emojis = draw_first_line(\n             ^^^^^^^^^^^^^^^^\n  File \"/usr/local/lib/python3.11/site-packages/weasyprint/draw.py\", line 1356, in draw_first_line\n    stream.text_matrix(*matrix.values)\n    ^^^^^^^^^^^^^^^^^^\nAttributeError: 'Stream' object has no attribute 'text_matrix'"}
{"timestamp": "2025-12-11T04:15:59.098Z", "level": "ERROR", "service": "resume-worker", "message": "Job moved to dead letter queue", "context": {"job_id": "a9ccac79-862d-49bb-ac22-7090b8dca6b3", "error": "Max retries (3) reached"}}
{"timestamp": "2025-12-11T04:17:00.491Z", "level": "INFO", "service": "resume-worker", "message": "Starting resume generation worker"}
{"timestamp": "2025-12-11T04:17:00.495Z", "level": "INFO", "service": "resume-worker", "message": "Connected to Redis", "context": {"redis_url": "redis://redis:6379/0"}}
{"timestamp": "2025-12-11T04:17:00.505Z", "level": "INFO", "service": "resume-worker", "message": "Database connection established"}
{"timestamp": "2025-12-11T04:17:00.515Z", "level": "INFO", "service": "resume-worker", "message": "Translation helper database connection established"}
{"timestamp": "2025-12-11T04:17:00.520Z", "level": "INFO", "service": "resume-worker", "message": "Resume generation worker started"}
{"timestamp": "2025-12-11T04:17:13.109Z", "level": "INFO", "service": "resume-worker", "message": "Processing resume generation job", "context": {"job_id": "e978a8a4-fe6c-4182-9b7b-9d271d84c20b", "user_id": "6ad0d828-f605-45fc-a545-3441e17a015c", "job_application_id": "23039927-0434-430c-bcf6-42502251a23b"}}
{"timestamp": "2025-12-11T04:17:13.111Z", "level": "INFO", "service": "resume-worker", "message": "Generating resume for user 6ad0d828-f605-45fc-a545-3441e17a015c, job: Desenvolvedor Backend - Python"}
{"timestamp": "2025-12-11T04:17:13.117Z", "level": "INFO", "service": "resume-worker", "message": "Extracted keywords: {'tech_categories': ['backend', 'language'], 'cert_categories': ['programming'], 'skill_names': ['Python']}"}
{"timestamp": "2025-12-11T04:17:13.132Z", "level": "INFO", "service": "resume-worker", "message": "Found 13 relevant projects"}
{"timestamp": "2025-12-11T04:17:13.152Z", "level": "INFO", "service": "resume-worker", "message": "Found 1 relevant certifications"}
{"timestamp": "2025-12-11T04:17:13.159Z", "level": "INFO", "service": "resume-worker", "message": "Found 4 publications"}
{"timestamp": "2025-12-11T04:17:13.164Z", "level": "INFO", "service": "resume-worker", "message": "Generating resume sections with AI..."}
{"timestamp": "2025-12-11T04:17:13.169Z", "level": "DEBUG", "service": "resume-worker", "message": "Starting new HTTP connection (1): ai-service:8000"}
{"timestamp": "2025-12-11T04:17:13.278Z", "level": "DEBUG", "service": "resume-worker", "message": "http://ai-service:8000 \"POST /v1/chat HTTP/1.1\" 500 21"}
{"timestamp": "2025-12-11T04:17:13.281Z", "level": "ERROR", "service": "resume-worker", "message": "Error generating profile section: 500 Server Error: Internal Server Error for url: http://ai-service:8000/v1/chat"}
{"timestamp": "2025-12-11T04:17:13.284Z", "level": "DEBUG", "service": "resume-worker", "message": "Starting new HTTP connection (1): ai-service:8000"}
{"timestamp": "2025-12-11T04:17:13.314Z", "level": "DEBUG", "service": "resume-worker", "message": "http://ai-service:8000 \"POST /v1/chat HTTP/1.1\" 500 21"}
{"timestamp": "2025-12-11T04:17:13.315Z", "level": "ERROR", "service": "resume-worker", "message": "Error generating about section: 500 Server Error: Internal Server Error for url: http://ai-service:8000/v1/chat"}
{"timestamp": "2025-12-11T04:17:13.317Z", "level": "DEBUG", "service": "resume-worker", "message": "Starting new HTTP connection (1): ai-service:8000"}
{"timestamp": "2025-12-11T04:17:13.348Z", "level": "DEBUG", "service": "resume-worker", "message": "http://ai-service:8000 \"POST /v1/chat HTTP/1.1\" 500 21"}
{"timestamp": "2025-12-11T04:17:13.351Z", "level": "ERROR", "service": "resume-worker", "message": "Error generating experience section: 500 Server Error: Internal Server Error for url: http://ai-service:8000/v1/chat"}
{"timestamp": "2025-12-11T04:17:13.354Z", "level": "DEBUG", "service": "resume-worker", "message": "Starting new HTTP connection (1): ai-service:8000"}
{"timestamp": "2025-12-11T04:17:13.395Z", "level": "DEBUG", "service": "resume-worker", "message": "http://ai-service:8000 \"POST /v1/chat HTTP/1.1\" 500 21"}
{"timestamp": "2025-12-11T04:17:13.397Z", "level": "ERROR", "service": "resume-worker", "message": "Error generating skills section: 500 Server Error: Internal Server Error for url: http://ai-service:8000/v1/chat"}
{"timestamp": "2025-12-11T04:17:13.401Z", "level": "DEBUG", "service": "resume-worker", "message": "Starting new HTTP connection (1): ai-service:8000"}
{"timestamp": "2025-12-11T04:17:13.434Z", "level": "DEBUG", "service": "resume-worker", "message": "http://ai-service:8000 \"POST /v1/chat HTTP/1.1\" 500 21"}
{"timestamp": "2025-12-11T04:17:13.435Z", "level": "ERROR", "service": "resume-worker", "message": "Error generating hard_skills section: 500 Server Error: Internal Server Error for url: http://ai-service:8000/v1/chat"}
{"timestamp": "2025-12-11T04:17:13.437Z", "level": "INFO", "service": "resume-worker", "message": "Hard skills generated: 0 characters"}
{"timestamp": "2025-12-11T04:17:13.438Z", "level": "INFO", "service": "resume-worker", "message": "Generating tags..."}
{"timestamp": "2025-12-11T04:17:13.439Z", "level": "DEBUG", "service": "resume-worker", "message": "Starting new HTTP connection (1): ai-service:8000"}
{"timestamp": "2025-12-11T04:17:13.473Z", "level": "DEBUG", "service": "resume-worker", "message": "http://ai-service:8000 \"POST /v1/chat HTTP/1.1\" 500 21"}
{"timestamp": "2025-12-11T04:17:13.474Z", "level": "ERROR", "service": "resume-worker", "message": "Error generating tags: 500 Server Error: Internal Server Error for url: http://ai-service:8000/v1/chat"}
{"timestamp": "2025-12-11T04:17:13.476Z", "level": "INFO", "service": "resume-worker", "message": "Generated 1 tags: golang"}
{"timestamp": "2025-12-11T04:17:13.478Z", "level": "WARNING", "service": "resume-worker", "message": "Profile generation returned empty, using fallback"}
{"timestamp": "2025-12-11T04:17:13.478Z", "level": "WARNING", "service": "resume-worker", "message": "Hard skills generation returned empty, using fallback hard skills template"}
{"timestamp": "2025-12-11T04:17:13.533Z", "level": "WARNING", "service": "resume-worker", "message": "Ignored `filter: grayscale(0.7)` at 397:5, unknown property."}
{"timestamp": "2025-12-11T04:17:14.123Z", "level": "DEBUG", "service": "resume-worker", "message": "STREAM b'IHDR' 16 13"}
{"timestamp": "2025-12-11T04:17:14.124Z", "level": "DEBUG", "service": "resume-worker", "message": "STREAM b'PLTE' 41 87"}
{"timestamp": "2025-12-11T04:17:14.126Z", "level": "DEBUG", "service": "resume-worker", "message": "STREAM b'tRNS' 140 29"}
{"timestamp": "2025-12-11T04:17:14.127Z", "level": "DEBUG", "service": "resume-worker", "message": "STREAM b'IDAT' 181 539"}
{"timestamp": "2025-12-11T04:17:14.138Z", "level": "DEBUG", "service": "resume-worker", "message": "STREAM b'IHDR' 16 13"}
{"timestamp": "2025-12-11T04:17:14.139Z", "level": "DEBUG", "service": "resume-worker", "message": "STREAM b'PLTE' 41 84"}
{"timestamp": "2025-12-11T04:17:14.140Z", "level": "DEBUG", "service": "resume-worker", "message": "STREAM b'tRNS' 137 13"}
{"timestamp": "2025-12-11T04:17:14.140Z", "level": "DEBUG", "service": "resume-worker", "message": "STREAM b'IDAT' 162 865"}
{"timestamp": "2025-12-11T04:17:14.143Z", "level": "DEBUG", "service": "resume-worker", "message": "STREAM b'IHDR' 16 13"}
{"timestamp": "2025-12-11T04:17:14.144Z", "level": "DEBUG", "service": "resume-worker", "message": "STREAM b'PLTE' 41 117"}
{"timestamp": "2025-12-11T04:17:14.145Z", "level": "DEBUG", "service": "resume-worker", "message": "STREAM b'tRNS' 170 38"}
{"timestamp": "2025-12-11T04:17:14.145Z", "level": "DEBUG", "service": "resume-worker", "message": "STREAM b'IDAT' 220 1330"}
{"timestamp": "2025-12-11T04:17:14.179Z", "level": "DEBUG", "service": "resume-worker", "message": "STREAM b'IHDR' 16 13"}
{"timestamp": "2025-12-11T04:17:14.180Z", "level": "DEBUG", "service": "resume-worker", "message": "STREAM b'PLTE' 41 66"}
{"timestamp": "2025-12-11T04:17:14.181Z", "level": "DEBUG", "service": "resume-worker", "message": "STREAM b'tRNS' 119 18"}
{"timestamp": "2025-12-11T04:17:14.182Z", "level": "DEBUG", "service": "resume-worker", "message": "STREAM b'IDAT' 149 854"}
{"timestamp": "2025-12-11T04:17:14.188Z", "level": "DEBUG", "service": "resume-worker", "message": "STREAM b'IHDR' 16 13"}
{"timestamp": "2025-12-11T04:17:14.189Z", "level": "DEBUG", "service": "resume-worker", "message": "STREAM b'PLTE' 41 699"}
{"timestamp": "2025-12-11T04:17:14.190Z", "level": "DEBUG", "service": "resume-worker", "message": "STREAM b'tRNS' 752 233"}
{"timestamp": "2025-12-11T04:17:14.191Z", "level": "DEBUG", "service": "resume-worker", "message": "STREAM b'IDAT' 997 3340"}
{"timestamp": "2025-12-11T04:17:14.195Z", "level": "DEBUG", "service": "resume-worker", "message": "STREAM b'IHDR' 16 13"}
{"timestamp": "2025-12-11T04:17:14.195Z", "level": "DEBUG", "service": "resume-worker", "message": "STREAM b'PLTE' 41 684"}
{"timestamp": "2025-12-11T04:17:14.197Z", "level": "DEBUG", "service": "resume-worker", "message": "STREAM b'tRNS' 737 228"}
{"timestamp": "2025-12-11T04:17:14.197Z", "level": "DEBUG", "service": "resume-worker", "message": "STREAM b'IDAT' 977 4822"}
{"timestamp": "2025-12-11T04:17:14.202Z", "level": "DEBUG", "service": "resume-worker", "message": "STREAM b'IHDR' 16 13"}
{"timestamp": "2025-12-11T04:17:14.203Z", "level": "DEBUG", "service": "resume-worker", "message": "STREAM b'PLTE' 41 402"}
{"timestamp": "2025-12-11T04:17:14.204Z", "level": "DEBUG", "service": "resume-worker", "message": "STREAM b'tRNS' 455 134"}
{"timestamp": "2025-12-11T04:17:14.205Z", "level": "DEBUG", "service": "resume-worker", "message": "STREAM b'IDAT' 601 1574"}
{"timestamp": "2025-12-11T04:17:14.208Z", "level": "DEBUG", "service": "resume-worker", "message": "STREAM b'IHDR' 16 13"}
{"timestamp": "2025-12-11T04:17:14.209Z", "level": "DEBUG", "service": "resume-worker", "message": "STREAM b'PLTE' 41 714"}
{"timestamp": "2025-12-11T04:17:14.209Z", "level": "DEBUG", "service": "resume-worker", "message": "STREAM b'tRNS' 767 238"}
{"timestamp": "2025-12-11T04:17:14.210Z", "level": "DEBUG", "service": "resume-worker", "message": "STREAM b'IDAT' 1017 2940"}
{"timestamp": "2025-12-11T04:17:14.215Z", "level": "DEBUG", "service": "resume-worker", "message": "STREAM b'IHDR' 16 13"}
{"timestamp": "2025-12-11T04:17:14.216Z", "level": "DEBUG", "service": "resume-worker", "message": "STREAM b'PLTE' 41 270"}
{"timestamp": "2025-12-11T04:17:14.217Z", "level": "DEBUG", "service": "resume-worker", "message": "STREAM b'tRNS' 323 90"}
{"timestamp": "2025-12-11T04:17:14.218Z", "level": "DEBUG", "service": "resume-worker", "message": "STREAM b'IDAT' 425 1504"}
{"timestamp": "2025-12-11T04:17:14.222Z", "level": "DEBUG", "service": "resume-worker", "message": "STREAM b'IHDR' 16 13"}
{"timestamp": "2025-12-11T04:17:14.223Z", "level": "DEBUG", "service": "resume-worker", "message": "STREAM b'PLTE' 41 276"}
{"timestamp": "2025-12-11T04:17:14.224Z", "level": "DEBUG", "service": "resume-worker", "message": "STREAM b'tRNS' 329 92"}
{"timestamp": "2025-12-11T04:17:14.225Z", "level": "DEBUG", "service": "resume-worker", "message": "STREAM b'IDAT' 433 1343"}
{"timestamp": "2025-12-11T04:17:14.250Z", "level": "DEBUG", "service": "resume-worker", "message": "Reading 'maxp' table from disk"}
{"timestamp": "2025-12-11T04:17:14.251Z", "level": "DEBUG", "service": "resume-worker", "message": "Decompiling 'maxp' table"}
{"timestamp": "2025-12-11T04:17:14.253Z", "level": "DEBUG", "service": "resume-worker", "message": "Took 0.003s to load 'maxp'"}
{"timestamp": "2025-12-11T04:17:14.254Z", "level": "DEBUG", "service": "resume-worker", "message": "Took 0.000s to prune 'maxp'"}
{"timestamp": "2025-12-11T04:17:14.255Z", "level": "INFO", "service": "resume-worker", "message": "maxp pruned"}
{"timestamp": "2025-12-11T04:17:14.263Z", "level": "DEBUG", "service": "resume-worker", "message": "Reading 'cmap' table from disk"}
{"timestamp": "2025-12-11T04:17:14.264Z", "level": "DEBUG", "service": "resume-worker", "message": "Decompiling 'cmap' table"}
{"timestamp": "2025-12-11T04:17:14.267Z", "level": "DEBUG", "service": "resume-worker", "message": "Reading 'post' table from disk"}
{"timestamp": "2025-12-11T04:17:14.268Z", "level": "DEBUG", "service": "resume-worker", "message": "Decompiling 'post' table"}
{"timestamp": "2025-12-11T04:17:14.278Z", "level": "DEBUG", "service": "resume-worker", "message": "Took 0.015s to load 'cmap'"}
{"timestamp": "2025-12-11T04:17:14.279Z", "level": "DEBUG", "service": "resume-worker", "message": "Took 0.000s to prune 'cmap'"}
{"timestamp": "2025-12-11T04:17:14.280Z", "level": "INFO", "service": "resume-worker", "message": "cmap pruned"}
{"timestamp": "2025-12-11T04:17:14.281Z", "level": "INFO", "service": "resume-worker", "message": "fpgm dropped"}
{"timestamp": "2025-12-11T04:17:14.282Z", "level": "INFO", "service": "resume-worker", "message": "prep dropped"}
{"timestamp": "2025-12-11T04:17:14.283Z", "level": "INFO", "service": "resume-worker", "message": "cvt  dropped"}
{"timestamp": "2025-12-11T04:17:14.284Z", "level": "INFO", "service": "resume-worker", "message": "kern dropped"}
{"timestamp": "2025-12-11T04:17:14.285Z", "level": "DEBUG", "service": "resume-worker", "message": "Took 0.000s to load 'post'"}
{"timestamp": "2025-12-11T04:17:14.285Z", "level": "DEBUG", "service": "resume-worker", "message": "Took 0.000s to prune 'post'"}
{"timestamp": "2025-12-11T04:17:14.286Z", "level": "INFO", "service": "resume-worker", "message": "post pruned"}
{"timestamp": "2025-12-11T04:17:14.289Z", "level": "INFO", "service": "resume-worker", "message": "GPOS dropped"}
{"timestamp": "2025-12-11T04:17:14.290Z", "level": "INFO", "service": "resume-worker", "message": "GSUB dropped"}
{"timestamp": "2025-12-11T04:17:14.292Z", "level": "DEBUG", "service": "resume-worker", "message": "Reading 'glyf' table from disk"}
{"timestamp": "2025-12-11T04:17:14.293Z", "level": "DEBUG", "service": "resume-worker", "message": "Decompiling 'glyf' table"}
{"timestamp": "2025-12-11T04:17:14.294Z", "level": "DEBUG", "service": "resume-worker", "message": "Reading 'loca' table from disk"}
{"timestamp": "2025-12-11T04:17:14.294Z", "level": "DEBUG", "service": "resume-worker", "message": "Decompiling 'loca' table"}
{"timestamp": "2025-12-11T04:17:14.295Z", "level": "DEBUG", "service": "resume-worker", "message": "Reading 'head' table from disk"}
{"timestamp": "2025-12-11T04:17:14.296Z", "level": "DEBUG", "service": "resume-worker", "message": "Decompiling 'head' table"}
{"timestamp": "2025-12-11T04:17:14.303Z", "level": "DEBUG", "service": "resume-worker", "message": "Took 0.011s to load 'glyf'"}
{"timestamp": "2025-12-11T04:17:14.304Z", "level": "DEBUG", "service": "resume-worker", "message": "Took 0.000s to prune 'glyf'"}
{"timestamp": "2025-12-11T04:17:14.305Z", "level": "INFO", "service": "resume-worker", "message": "glyf pruned"}
{"timestamp": "2025-12-11T04:17:14.308Z", "level": "DEBUG", "service": "resume-worker", "message": "Took 0.001s to close glyph list over 'cmap'"}
{"timestamp": "2025-12-11T04:17:14.309Z", "level": "INFO", "service": "resume-worker", "message": "Added gid0 to subset"}
{"timestamp": "2025-12-11T04:17:14.310Z", "level": "INFO", "service": "resume-worker", "message": "Closing glyph list over 'glyf': 48 glyphs before"}
{"timestamp": "2025-12-11T04:17:14.310Z", "level": "INFO", "service": "resume-worker", "message": "Glyph names: ['.notdef', 'A', 'B', 'C', 'D', 'E', 'G', 'H', 'J', 'K', 'L', 'M', 'O', 'P', 'Q', 'R', 'S', 'T', 'V', 'W', 'a', 'b', 'c', 'colon', 'd', 'e', 'f', 'fi', 'g', 'h', 'hyphen', 'i', 'j', 'k', 'l', 'm', 'n', 'o', 'p', 'r', 's', 'space', 't', 'u', 'v', 'w', 'y', 'z']"}
{"timestamp": "2025-12-11T04:17:14.312Z", "level": "INFO", "service": "resume-worker", "message": "Glyph IDs:   [0, 3, 16, 29, 36, 37, 38, 39, 40, 42, 43, 45, 46, 47, 48, 50, 51, 52, 53, 54, 55, 57, 58, 68, 69, 70, 71, 72, 73, 74, 75, 76, 77, 78, 79, 80, 81, 82, 83, 85, 86, 87, 88, 89, 90, 92, 93, 5038]"}
{"timestamp": "2025-12-11T04:17:14.313Z", "level": "INFO", "service": "resume-worker", "message": "Closed glyph list over 'glyf': 48 glyphs after"}
{"timestamp": "2025-12-11T04:17:14.314Z", "level": "INFO", "service": "resume-worker", "message": "Glyph names: ['.notdef', 'A', 'B', 'C', 'D', 'E', 'G', 'H', 'J', 'K', 'L', 'M', 'O', 'P', 'Q', 'R', 'S', 'T', 'V', 'W', 'a', 'b', 'c', 'colon', 'd', 'e', 'f', 'fi', 'g', 'h', 'hyphen', 'i', 'j', 'k', 'l', 'm', 'n', 'o', 'p', 'r', 's', 'space', 't', 'u', 'v', 'w', 'y', 'z']"}
{"timestamp": "2025-12-11T04:17:14.315Z", "level": "INFO", "service": "resume-worker", "message": "Glyph IDs:   [0, 3, 16, 29, 36, 37, 38, 39, 40, 42, 43, 45, 46, 47, 48, 50, 51, 52, 53, 54, 55, 57, 58, 68, 69, 70, 71, 72, 73, 74, 75, 76, 77, 78, 79, 80, 81, 82, 83, 85, 86, 87, 88, 89, 90, 92, 93, 5038]"}
{"timestamp": "2025-12-11T04:17:14.316Z", "level": "DEBUG", "service": "resume-worker", "message": "Took 0.006s to close glyph list over 'glyf'"}
{"timestamp": "2025-12-11T04:17:14.321Z", "level": "INFO", "service": "resume-worker", "message": "Retaining 48 glyphs"}
{"timestamp": "2025-12-11T04:17:14.322Z", "level": "INFO", "service": "resume-worker", "message": "head subsetting not needed"}
{"timestamp": "2025-12-11T04:17:14.324Z", "level": "INFO", "service": "resume-worker", "message": "hhea subsetting not needed"}
{"timestamp": "2025-12-11T04:17:14.327Z", "level": "INFO", "service": "resume-worker", "message": "maxp subsetting not needed"}
{"timestamp": "2025-12-11T04:17:14.329Z", "level": "INFO", "service": "resume-worker", "message": "OS/2 subsetting not needed"}
{"timestamp": "2025-12-11T04:17:14.330Z", "level": "DEBUG", "service": "resume-worker", "message": "Reading 'hmtx' table from disk"}
{"timestamp": "2025-12-11T04:17:14.331Z", "level": "DEBUG", "service": "resume-worker", "message": "Decompiling 'hmtx' table"}
{"timestamp": "2025-12-11T04:17:14.332Z", "level": "DEBUG", "service": "resume-worker", "message": "Reading 'hhea' table from disk"}
{"timestamp": "2025-12-11T04:17:14.333Z", "level": "DEBUG", "service": "resume-worker", "message": "Decompiling 'hhea' table"}
{"timestamp": "2025-12-11T04:17:14.369Z", "level": "DEBUG", "service": "resume-worker", "message": "Took 0.039s to subset 'hmtx'"}
{"timestamp": "2025-12-11T04:17:14.370Z", "level": "INFO", "service": "resume-worker", "message": "hmtx subsetted"}
{"timestamp": "2025-12-11T04:17:14.372Z", "level": "DEBUG", "service": "resume-worker", "message": "Took 0.001s to subset 'cmap'"}
{"timestamp": "2025-12-11T04:17:14.373Z", "level": "INFO", "service": "resume-worker", "message": "cmap subsetted"}
{"timestamp": "2025-12-11T04:17:14.374Z", "level": "INFO", "service": "resume-worker", "message": "loca subsetting not needed"}
{"timestamp": "2025-12-11T04:17:14.375Z", "level": "DEBUG", "service": "resume-worker", "message": "Took 0.000s to subset 'post'"}
{"timestamp": "2025-12-11T04:17:14.376Z", "level": "INFO", "service": "resume-worker", "message": "post subsetted"}
{"timestamp": "2025-12-11T04:17:14.376Z", "level": "INFO", "service": "resume-worker", "message": "gasp subsetting not needed"}
{"timestamp": "2025-12-11T04:17:14.377Z", "level": "INFO", "service": "resume-worker", "message": "FFTM NOT subset; don't know how to subset"}
{"timestamp": "2025-12-11T04:17:14.378Z", "level": "DEBUG", "service": "resume-worker", "message": "Reading 'GDEF' table from disk"}
{"timestamp": "2025-12-11T04:17:14.379Z", "level": "DEBUG", "service": "resume-worker", "message": "Decompiling 'GDEF' table"}
{"timestamp": "2025-12-11T04:17:14.381Z", "level": "DEBUG", "service": "resume-worker", "message": "Took 0.003s to subset 'GDEF'"}
{"timestamp": "2025-12-11T04:17:14.382Z", "level": "INFO", "service": "resume-worker", "message": "GDEF subsetted"}
{"timestamp": "2025-12-11T04:17:14.383Z", "level": "INFO", "service": "resume-worker", "message": "name subsetting not needed"}
{"timestamp": "2025-12-11T04:17:14.385Z", "level": "DEBUG", "service": "resume-worker", "message": "Took 0.002s to subset 'glyf'"}
{"timestamp": "2025-12-11T04:17:14.386Z", "level": "INFO", "service": "resume-worker", "message": "glyf subsetted"}
{"timestamp": "2025-12-11T04:17:14.387Z", "level": "DEBUG", "service": "resume-worker", "message": "Took 0.000s to subset GlyphOrder"}
{"timestamp": "2025-12-11T04:17:14.388Z", "level": "DEBUG", "service": "resume-worker", "message": "Took 0.000s to prune 'head'"}
{"timestamp": "2025-12-11T04:17:14.389Z", "level": "INFO", "service": "resume-worker", "message": "head pruned"}
{"timestamp": "2025-12-11T04:17:14.390Z", "level": "DEBUG", "service": "resume-worker", "message": "Reading 'OS/2' table from disk"}
{"timestamp": "2025-12-11T04:17:14.391Z", "level": "DEBUG", "service": "resume-worker", "message": "Decompiling 'OS/2' table"}
{"timestamp": "2025-12-11T04:17:14.391Z", "level": "INFO", "service": "resume-worker", "message": "OS/2 Unicode ranges pruned: [0, 62]"}
{"timestamp": "2025-12-11T04:17:14.392Z", "level": "INFO", "service": "resume-worker", "message": "OS/2 CodePage ranges pruned: [0]"}
{"timestamp": "2025-12-11T04:17:14.395Z", "level": "DEBUG", "service": "resume-worker", "message": "Took 0.002s to prune 'glyf'"}
{"timestamp": "2025-12-11T04:17:14.396Z", "level": "INFO", "service": "resume-worker", "message": "glyf pruned"}
{"timestamp": "2025-12-11T04:17:14.397Z", "level": "DEBUG", "service": "resume-worker", "message": "Took 0.000s to prune 'GDEF'"}
{"timestamp": "2025-12-11T04:17:14.398Z", "level": "INFO", "service": "resume-worker", "message": "GDEF pruned"}
{"timestamp": "2025-12-11T04:17:14.398Z", "level": "DEBUG", "service": "resume-worker", "message": "Reading 'name' table from disk"}
{"timestamp": "2025-12-11T04:17:14.399Z", "level": "DEBUG", "service": "resume-worker", "message": "Decompiling 'name' table"}
{"timestamp": "2025-12-11T04:17:14.400Z", "level": "DEBUG", "service": "resume-worker", "message": "Reading 'gasp' table from disk"}
{"timestamp": "2025-12-11T04:17:14.401Z", "level": "DEBUG", "service": "resume-worker", "message": "Decompiling 'gasp' table"}
{"timestamp": "2025-12-11T04:17:14.402Z", "level": "DEBUG", "service": "resume-worker", "message": "Reading 'FFTM' table from disk"}
{"timestamp": "2025-12-11T04:17:14.402Z", "level": "DEBUG", "service": "resume-worker", "message": "Decompiling 'FFTM' table"}
{"timestamp": "2025-12-11T04:17:14.403Z", "level": "DEBUG", "service": "resume-worker", "message": "Took 0.005s to prune 'name'"}
{"timestamp": "2025-12-11T04:17:14.404Z", "level": "INFO", "service": "resume-worker", "message": "name pruned"}
{"timestamp": "2025-12-11T04:17:14.405Z", "level": "DEBUG", "service": "resume-worker", "message": "Compiling 'glyf' table"}
{"timestamp": "2025-12-11T04:17:14.412Z", "level": "DEBUG", "service": "resume-worker", "message": "Writing 'glyf' table to disk"}
{"timestamp": "2025-12-11T04:17:14.414Z", "level": "DEBUG", "service": "resume-worker", "message": "Compiling 'maxp' table"}
{"timestamp": "2025-12-11T04:17:14.416Z", "level": "DEBUG", "service": "resume-worker", "message": "Writing 'maxp' table to disk"}
{"timestamp": "2025-12-11T04:17:14.417Z", "level": "DEBUG", "service": "resume-worker", "message": "Compiling 'loca' table"}
{"timestamp": "2025-12-11T04:17:14.418Z", "level": "DEBUG", "service": "resume-worker", "message": "Writing 'loca' table to disk"}
{"timestamp": "2025-12-11T04:17:14.418Z", "level": "DEBUG", "service": "resume-worker", "message": "Compiling 'head' table"}
{"timestamp": "2025-12-11T04:17:14.419Z", "level": "DEBUG", "service": "resume-worker", "message": "Writing 'head' table to disk"}
{"timestamp": "2025-12-11T04:17:14.420Z", "level": "DEBUG", "service": "resume-worker", "message": "Compiling 'hmtx' table"}
{"timestamp": "2025-12-11T04:17:14.423Z", "level": "DEBUG", "service": "resume-worker", "message": "Writing 'hmtx' table to disk"}
{"timestamp": "2025-12-11T04:17:14.424Z", "level": "DEBUG", "service": "resume-worker", "message": "Compiling 'hhea' table"}
{"timestamp": "2025-12-11T04:17:14.427Z", "level": "DEBUG", "service": "resume-worker", "message": "Writing 'hhea' table to disk"}
{"timestamp": "2025-12-11T04:17:14.428Z", "level": "DEBUG", "service": "resume-worker", "message": "Compiling 'OS/2' table"}
{"timestamp": "2025-12-11T04:17:14.429Z", "level": "DEBUG", "service": "resume-worker", "message": "Writing 'OS/2' table to disk"}
{"timestamp": "2025-12-11T04:17:14.430Z", "level": "DEBUG", "service": "resume-worker", "message": "Compiling 'cmap' table"}
{"timestamp": "2025-12-11T04:17:14.431Z", "level": "DEBUG", "service": "resume-worker", "message": "Writing 'cmap' table to disk"}
{"timestamp": "2025-12-11T04:17:14.432Z", "level": "DEBUG", "service": "resume-worker", "message": "Compiling 'name' table"}
{"timestamp": "2025-12-11T04:17:14.433Z", "level": "DEBUG", "service": "resume-worker", "message": "Writing 'name' table to disk"}
{"timestamp": "2025-12-11T04:17:14.434Z", "level": "DEBUG", "service": "resume-worker", "message": "Compiling 'post' table"}
{"timestamp": "2025-12-11T04:17:14.434Z", "level": "DEBUG", "service": "resume-worker", "message": "Writing 'post' table to disk"}
{"timestamp": "2025-12-11T04:17:14.435Z", "level": "DEBUG", "service": "resume-worker", "message": "Compiling 'gasp' table"}
{"timestamp": "2025-12-11T04:17:14.436Z", "level": "DEBUG", "service": "resume-worker", "message": "Writing 'gasp' table to disk"}
{"timestamp": "2025-12-11T04:17:14.436Z", "level": "DEBUG", "service": "resume-worker", "message": "Compiling 'FFTM' table"}
{"timestamp": "2025-12-11T04:17:14.437Z", "level": "DEBUG", "service": "resume-worker", "message": "Writing 'FFTM' table to disk"}
{"timestamp": "2025-12-11T04:17:14.438Z", "level": "DEBUG", "service": "resume-worker", "message": "Compiling 'GDEF' table"}
{"timestamp": "2025-12-11T04:17:14.439Z", "level": "DEBUG", "service": "resume-worker", "message": "Writing 'GDEF' table to disk"}
{"timestamp": "2025-12-11T04:17:14.441Z", "level": "DEBUG", "service": "resume-worker", "message": "Reading 'maxp' table from disk"}
{"timestamp": "2025-12-11T04:17:14.442Z", "level": "DEBUG", "service": "resume-worker", "message": "Decompiling 'maxp' table"}
{"timestamp": "2025-12-11T04:17:14.442Z", "level": "DEBUG", "service": "resume-worker", "message": "Took 0.001s to load 'maxp'"}
{"timestamp": "2025-12-11T04:17:14.443Z", "level": "DEBUG", "service": "resume-worker", "message": "Took 0.000s to prune 'maxp'"}
{"timestamp": "2025-12-11T04:17:14.444Z", "level": "INFO", "service": "resume-worker", "message": "maxp pruned"}
{"timestamp": "2025-12-11T04:17:14.445Z", "level": "DEBUG", "service": "resume-worker", "message": "Reading 'cmap' table from disk"}
{"timestamp": "2025-12-11T04:17:14.446Z", "level": "DEBUG", "service": "resume-worker", "message": "Decompiling 'cmap' table"}
{"timestamp": "2025-12-11T04:17:14.447Z", "level": "DEBUG", "service": "resume-worker", "message": "Reading 'post' table from disk"}
{"timestamp": "2025-12-11T04:17:14.451Z", "level": "DEBUG", "service": "resume-worker", "message": "Decompiling 'post' table"}
{"timestamp": "2025-12-11T04:17:14.457Z", "level": "DEBUG", "service": "resume-worker", "message": "Took 0.012s to load 'cmap'"}
{"timestamp": "2025-12-11T04:17:14.458Z", "level": "DEBUG", "service": "resume-worker", "message": "Took 0.000s to prune 'cmap'"}
{"timestamp": "2025-12-11T04:17:14.458Z", "level": "INFO", "service": "resume-worker", "message": "cmap pruned"}
{"timestamp": "2025-12-11T04:17:14.459Z", "level": "INFO", "service": "resume-worker", "message": "fpgm dropped"}
{"timestamp": "2025-12-11T04:17:14.460Z", "level": "INFO", "service": "resume-worker", "message": "prep dropped"}
{"timestamp": "2025-12-11T04:17:14.460Z", "level": "INFO", "service": "resume-worker", "message": "cvt  dropped"}
{"timestamp": "2025-12-11T04:17:14.461Z", "level": "INFO", "service": "resume-worker", "message": "kern dropped"}
{"timestamp": "2025-12-11T04:17:14.462Z", "level": "DEBUG", "service": "resume-worker", "message": "Took 0.000s to load 'post'"}
{"timestamp": "2025-12-11T04:17:14.463Z", "level": "DEBUG", "service": "resume-worker", "message": "Took 0.000s to prune 'post'"}
{"timestamp": "2025-12-11T04:17:14.463Z", "level": "INFO", "service": "resume-worker", "message": "post pruned"}
{"timestamp": "2025-12-11T04:17:14.465Z", "level": "INFO", "service": "resume-worker", "message": "GPOS dropped"}
{"timestamp": "2025-12-11T04:17:14.466Z", "level": "INFO", "service": "resume-worker", "message": "GSUB dropped"}
{"timestamp": "2025-12-11T04:17:14.467Z", "level": "DEBUG", "service": "resume-worker", "message": "Reading 'glyf' table from disk"}
{"timestamp": "2025-12-11T04:17:14.468Z", "level": "DEBUG", "service": "resume-worker", "message": "Decompiling 'glyf' table"}
{"timestamp": "2025-12-11T04:17:14.469Z", "level": "DEBUG", "service": "resume-worker", "message": "Reading 'loca' table from disk"}
{"timestamp": "2025-12-11T04:17:14.469Z", "level": "DEBUG", "service": "resume-worker", "message": "Decompiling 'loca' table"}
{"timestamp": "2025-12-11T04:17:14.470Z", "level": "DEBUG", "service": "resume-worker", "message": "Reading 'head' table from disk"}
{"timestamp": "2025-12-11T04:17:14.471Z", "level": "DEBUG", "service": "resume-worker", "message": "Decompiling 'head' table"}
{"timestamp": "2025-12-11T04:17:14.476Z", "level": "DEBUG", "service": "resume-worker", "message": "Took 0.008s to load 'glyf'"}
{"timestamp": "2025-12-11T04:17:14.476Z", "level": "DEBUG", "service": "resume-worker", "message": "Took 0.000s to prune 'glyf'"}
{"timestamp": "2025-12-11T04:17:14.477Z", "level": "INFO", "service": "resume-worker", "message": "glyf pruned"}
{"timestamp": "2025-12-11T04:17:14.479Z", "level": "DEBUG", "service": "resume-worker", "message": "Took 0.001s to close glyph list over 'cmap'"}
{"timestamp": "2025-12-11T04:17:14.480Z", "level": "INFO", "service": "resume-worker", "message": "Added gid0 to subset"}
{"timestamp": "2025-12-11T04:17:14.481Z", "level": "INFO", "service": "resume-worker", "message": "Closing glyph list over 'MATH': 66 glyphs before"}
{"timestamp": "2025-12-11T04:17:14.481Z", "level": "INFO", "service": "resume-worker", "message": "Glyph names: ['.notdef', 'A', 'B', 'C', 'D', 'E', 'F', 'G', 'H', 'I', 'J', 'K', 'L', 'M', 'N', 'O', 'P', 'R', 'S', 'U', 'V', 'W', 'a', 'at', 'atilde', 'b', 'bar', 'bullet', 'c', 'comma', 'd', 'e', 'eight', 'f', 'fi', 'fl', 'g', 'h', 'hyphen', 'i', 'iacute', 'j', 'k', 'l', 'm', 'n', 'o', 'one', 'p', 'parenleft', 'parenright', 'period', 'plus', 'q', 'r', 's', 'space', 't', 'two', 'u', 'v', 'w', 'x', 'y', 'z', 'zero']"}
{"timestamp": "2025-12-11T04:17:14.484Z", "level": "INFO", "service": "resume-worker", "message": "Glyph IDs:   [0, 3, 11, 12, 14, 15, 16, 17, 19, 20, 21, 27, 35, 36, 37, 38, 39, 40, 41, 42, 43, 44, 45, 46, 47, 48, 49, 50, 51, 53, 54, 56, 57, 58, 68, 69, 70, 71, 72, 73, 74, 75, 76, 77, 78, 79, 80, 81, 82, 83, 84, 85, 86, 87, 88, 89, 90, 91, 92, 93, 95, 165, 175, 2821, 5042, 5043]"}
{"timestamp": "2025-12-11T04:17:14.485Z", "level": "DEBUG", "service": "resume-worker", "message": "Reading 'MATH' table from disk"}
{"timestamp": "2025-12-11T04:17:14.485Z", "level": "DEBUG", "service": "resume-worker", "message": "Decompiling 'MATH' table"}
{"timestamp": "2025-12-11T04:17:14.490Z", "level": "INFO", "service": "resume-worker", "message": "Closed glyph list over 'MATH': 72 glyphs after"}
{"timestamp": "2025-12-11T04:17:14.491Z", "level": "INFO", "service": "resume-worker", "message": "Glyph names: ['.notdef', 'A', 'B', 'C', 'D', 'E', 'F', 'G', 'H', 'I', 'J', 'K', 'L', 'M', 'N', 'O', 'P', 'R', 'S', 'U', 'V', 'W', 'a', 'at', 'atilde', 'b', 'bar', 'bullet', 'c', 'comma', 'd', 'e', 'eight', 'f', 'fi', 'fl', 'g', 'h', 'hyphen', 'i', 'iacute', 'j', 'k', 'l', 'm', 'n', 'o', 'one', 'p', 'parenleft', 'parenright', 'period', 'plus', 'q', 'r', 's', 'space', 't', 'two', 'u', 'uni239B', 'uni239C', 'uni239D', 'uni239E', 'uni239F', 'uni23A0', 'v', 'w', 'x', 'y', 'z', 'zero']"}
{"timestamp": "2025-12-11T04:17:14.491Z", "level": "INFO", "service": "resume-worker", "message": "Glyph IDs:   [0, 3, 11, 12, 14, 15, 16, 17, 19, 20, 21, 27, 35, 36, 37, 38, 39, 40, 41, 42, 43, 44, 45, 46, 47, 48, 49, 50, 51, 53, 54, 56, 57, 58, 68, 69, 70, 71, 72, 73, 74, 75, 76, 77, 78, 79, 80, 81, 82, 83, 84, 85, 86, 87, 88, 89, 90, 91, 92, 93, 95, 165, 175, 2821, 3507, 3508, 3509, 3510, 3511, 3512, 5042, 5043]"}
{"timestamp": "2025-12-11T04:17:14.492Z", "level": "DEBUG", "service": "resume-worker", "message": "Took 0.011s to close glyph list over 'MATH'"}
{"timestamp": "2025-12-11T04:17:14.493Z", "level": "INFO", "service": "resume-worker", "message": "Closing glyph list over 'glyf': 72 glyphs before"}
{"timestamp": "2025-12-11T04:17:14.494Z", "level": "INFO", "service": "resume-worker", "message": "Glyph names: ['.notdef', 'A', 'B', 'C', 'D', 'E', 'F', 'G', 'H', 'I', 'J', 'K', 'L', 'M', 'N', 'O', 'P', 'R', 'S', 'U', 'V', 'W', 'a', 'at', 'atilde', 'b', 'bar', 'bullet', 'c', 'comma', 'd', 'e', 'eight', 'f', 'fi', 'fl', 'g', 'h', 'hyphen', 'i', 'iacute', 'j', 'k', 'l', 'm', 'n', 'o', 'one', 'p', 'parenleft', 'parenright', 'period', 'plus', 'q', 'r', 's', 'space', 't', 'two', 'u', 'uni239B', 'uni239C', 'uni239D', 'uni239E', 'uni239F', 'uni23A0', 'v', 'w', 'x', 'y', 'z', 'zero']"}
{"timestamp": "2025-12-11T04:17:14.495Z", "level": "INFO", "service": "resume-worker", "message": "Glyph IDs:   [0, 3, 11, 12, 14, 15, 16, 17, 19, 20, 21, 27, 35, 36, 37, 38, 39, 40, 41, 42, 43, 44, 45, 46, 47, 48, 49, 50, 51, 53, 54, 56, 57, 58, 68, 69, 70, 71, 72, 73, 74, 75, 76, 77, 78, 79, 80, 81, 82, 83, 84, 85, 86, 87, 88, 89, 90, 91, 92, 93, 95, 165, 175, 2821, 3507, 3508, 3509, 3510, 3511, 3512, 5042, 5043]"}
{"timestamp": "2025-12-11T04:17:14.496Z", "level": "INFO", "service": "resume-worker", "message": "Closed glyph list over 'glyf': 75 glyphs after"}
{"timestamp": "2025-12-11T04:17:14.497Z", "level": "INFO", "service": "resume-worker", "message": "Glyph names: ['.notdef', 'A', 'B', 'C', 'D', 'E', 'F', 'G', 'H', 'I', 'J', 'K', 'L', 'M', 'N', 'O', 'P', 'R', 'S', 'U', 'V', 'W', 'a', 'acute', 'at', 'atilde', 'b', 'bar', 'bullet', 'c', 'comma', 'd', 'dotlessi', 'e', 'eight', 'f', 'fi', 'fl', 'g', 'h', 'hyphen', 'i', 'iacute', 'j', 'k', 'l', 'm', 'n', 'o', 'one', 'p', 'parenleft', 'parenright', 'period', 'plus', 'q', 'r', 's', 'space', 't', 'tilde', 'two', 'u', 'uni239B', 'uni239C', 'uni239D', 'uni239E', 'uni239F', 'uni23A0', 'v', 'w', 'x', 'y', 'z', 'zero']"}
{"timestamp": "2025-12-11T04:17:14.498Z", "level": "INFO", "service": "resume-worker", "message": "Glyph IDs:   [0, 3, 11, 12, 14, 15, 16, 17, 19, 20, 21, 27, 35, 36, 37, 38, 39, 40, 41, 42, 43, 44, 45, 46, 47, 48, 49, 50, 51, 53, 54, 56, 57, 58, 68, 69, 70, 71, 72, 73, 74, 75, 76, 77, 78, 79, 80, 81, 82, 83, 84, 85, 86, 87, 88, 89, 90, 91, 92, 93, 95, 118, 165, 175, 243, 670, 2821, 3507, 3508, 3509, 3510, 3511, 3512, 5042, 5043]"}
{"timestamp": "2025-12-11T04:17:14.498Z", "level": "DEBUG", "service": "resume-worker", "message": "Took 0.006s to close glyph list over 'glyf'"}
{"timestamp": "2025-12-11T04:17:14.503Z", "level": "INFO", "service": "resume-worker", "message": "Retaining 75 glyphs"}
{"timestamp": "2025-12-11T04:17:14.505Z", "level": "INFO", "service": "resume-worker", "message": "head subsetting not needed"}
{"timestamp": "2025-12-11T04:17:14.506Z", "level": "INFO", "service": "resume-worker", "message": "hhea subsetting not needed"}
{"timestamp": "2025-12-11T04:17:14.506Z", "level": "INFO", "service": "resume-worker", "message": "maxp subsetting not needed"}
{"timestamp": "2025-12-11T04:17:14.507Z", "level": "INFO", "service": "resume-worker", "message": "OS/2 subsetting not needed"}
{"timestamp": "2025-12-11T04:17:14.508Z", "level": "DEBUG", "service": "resume-worker", "message": "Reading 'hmtx' table from disk"}
{"timestamp": "2025-12-11T04:17:14.508Z", "level": "DEBUG", "service": "resume-worker", "message": "Decompiling 'hmtx' table"}
{"timestamp": "2025-12-11T04:17:14.509Z", "level": "DEBUG", "service": "resume-worker", "message": "Reading 'hhea' table from disk"}
{"timestamp": "2025-12-11T04:17:14.509Z", "level": "DEBUG", "service": "resume-worker", "message": "Decompiling 'hhea' table"}
{"timestamp": "2025-12-11T04:17:14.514Z", "level": "DEBUG", "service": "resume-worker", "message": "Took 0.006s to subset 'hmtx'"}
{"timestamp": "2025-12-11T04:17:14.515Z", "level": "INFO", "service": "resume-worker", "message": "hmtx subsetted"}
{"timestamp": "2025-12-11T04:17:14.519Z", "level": "DEBUG", "service": "resume-worker", "message": "Took 0.003s to subset 'cmap'"}
{"timestamp": "2025-12-11T04:17:14.520Z", "level": "INFO", "service": "resume-worker", "message": "cmap subsetted"}
{"timestamp": "2025-12-11T04:17:14.521Z", "level": "INFO", "service": "resume-worker", "message": "loca subsetting not needed"}
{"timestamp": "2025-12-11T04:17:14.522Z", "level": "DEBUG", "service": "resume-worker", "message": "Took 0.000s to subset 'post'"}
{"timestamp": "2025-12-11T04:17:14.522Z", "level": "INFO", "service": "resume-worker", "message": "post subsetted"}
{"timestamp": "2025-12-11T04:17:14.523Z", "level": "INFO", "service": "resume-worker", "message": "gasp subsetting not needed"}
{"timestamp": "2025-12-11T04:17:14.524Z", "level": "INFO", "service": "resume-worker", "message": "FFTM NOT subset; don't know how to subset"}
{"timestamp": "2025-12-11T04:17:14.525Z", "level": "DEBUG", "service": "resume-worker", "message": "Took 0.000s to subset 'MATH'"}
{"timestamp": "2025-12-11T04:17:14.526Z", "level": "INFO", "service": "resume-worker", "message": "MATH subsetted"}
{"timestamp": "2025-12-11T04:17:14.527Z", "level": "DEBUG", "service": "resume-worker", "message": "Reading 'GDEF' table from disk"}
{"timestamp": "2025-12-11T04:17:14.527Z", "level": "DEBUG", "service": "resume-worker", "message": "Decompiling 'GDEF' table"}
{"timestamp": "2025-12-11T04:17:14.529Z", "level": "DEBUG", "service": "resume-worker", "message": "Took 0.003s to subset 'GDEF'"}
{"timestamp": "2025-12-11T04:17:14.530Z", "level": "INFO", "service": "resume-worker", "message": "GDEF subsetted"}
{"timestamp": "2025-12-11T04:17:14.531Z", "level": "INFO", "service": "resume-worker", "message": "name subsetting not needed"}
{"timestamp": "2025-12-11T04:17:14.534Z", "level": "DEBUG", "service": "resume-worker", "message": "Took 0.002s to subset 'glyf'"}
{"timestamp": "2025-12-11T04:17:14.535Z", "level": "INFO", "service": "resume-worker", "message": "glyf subsetted"}
{"timestamp": "2025-12-11T04:17:14.537Z", "level": "DEBUG", "service": "resume-worker", "message": "Took 0.000s to subset GlyphOrder"}
{"timestamp": "2025-12-11T04:17:14.538Z", "level": "DEBUG", "service": "resume-worker", "message": "Took 0.000s to prune 'head'"}
{"timestamp": "2025-12-11T04:17:14.539Z", "level": "INFO", "service": "resume-worker", "message": "head pruned"}
{"timestamp": "2025-12-11T04:17:14.540Z", "level": "DEBUG", "service": "resume-worker", "message": "Reading 'OS/2' table from disk"}
{"timestamp": "2025-12-11T04:17:14.541Z", "level": "DEBUG", "service": "resume-worker", "message": "Decompiling 'OS/2' table"}
{"timestamp": "2025-12-11T04:17:14.541Z", "level": "INFO", "service": "resume-worker", "message": "OS/2 Unicode ranges pruned: [0, 1, 31, 62]"}
{"timestamp": "2025-12-11T04:17:14.542Z", "level": "INFO", "service": "resume-worker", "message": "OS/2 CodePage ranges pruned: [0]"}
{"timestamp": "2025-12-11T04:17:14.543Z", "level": "DEBUG", "service": "resume-worker", "message": "Took 0.001s to prune 'glyf'"}
{"timestamp": "2025-12-11T04:17:14.544Z", "level": "INFO", "service": "resume-worker", "message": "glyf pruned"}
{"timestamp": "2025-12-11T04:17:14.545Z", "level": "DEBUG", "service": "resume-worker", "message": "Took 0.000s to prune 'GDEF'"}
{"timestamp": "2025-12-11T04:17:14.546Z", "level": "INFO", "service": "resume-worker", "message": "GDEF pruned"}
{"timestamp": "2025-12-11T04:17:14.546Z", "level": "DEBUG", "service": "resume-worker", "message": "Reading 'name' table from disk"}
{"timestamp": "2025-12-11T04:17:14.547Z", "level": "DEBUG", "service": "resume-worker", "message": "Decompiling 'name' table"}
{"timestamp": "2025-12-11T04:17:14.549Z", "level": "DEBUG", "service": "resume-worker", "message": "Reading 'gasp' table from disk"}
{"timestamp": "2025-12-11T04:17:14.550Z", "level": "DEBUG", "service": "resume-worker", "message": "Decompiling 'gasp' table"}
{"timestamp": "2025-12-11T04:17:14.551Z", "level": "DEBUG", "service": "resume-worker", "message": "Reading 'FFTM' table from disk"}
{"timestamp": "2025-12-11T04:17:14.552Z", "level": "DEBUG", "service": "resume-worker", "message": "Decompiling 'FFTM' table"}
{"timestamp": "2025-12-11T04:17:14.553Z", "level": "DEBUG", "service": "resume-worker", "message": "Took 0.006s to prune 'name'"}
{"timestamp": "2025-12-11T04:17:14.554Z", "level": "INFO", "service": "resume-worker", "message": "name pruned"}
{"timestamp": "2025-12-11T04:17:14.555Z", "level": "DEBUG", "service": "resume-worker", "message": "Compiling 'glyf' table"}
{"timestamp": "2025-12-11T04:17:14.564Z", "level": "DEBUG", "service": "resume-worker", "message": "Writing 'glyf' table to disk"}
{"timestamp": "2025-12-11T04:17:14.564Z", "level": "DEBUG", "service": "resume-worker", "message": "Compiling 'maxp' table"}
{"timestamp": "2025-12-11T04:17:14.566Z", "level": "DEBUG", "service": "resume-worker", "message": "Writing 'maxp' table to disk"}
{"timestamp": "2025-12-11T04:17:14.567Z", "level": "DEBUG", "service": "resume-worker", "message": "Compiling 'loca' table"}
{"timestamp": "2025-12-11T04:17:14.569Z", "level": "DEBUG", "service": "resume-worker", "message": "Writing 'loca' table to disk"}
{"timestamp": "2025-12-11T04:17:14.569Z", "level": "DEBUG", "service": "resume-worker", "message": "Compiling 'head' table"}
{"timestamp": "2025-12-11T04:17:14.572Z", "level": "DEBUG", "service": "resume-worker", "message": "Writing 'head' table to disk"}
{"timestamp": "2025-12-11T04:17:14.573Z", "level": "DEBUG", "service": "resume-worker", "message": "Compiling 'hmtx' table"}
{"timestamp": "2025-12-11T04:17:14.576Z", "level": "DEBUG", "service": "resume-worker", "message": "Writing 'hmtx' table to disk"}
{"timestamp": "2025-12-11T04:17:14.577Z", "level": "DEBUG", "service": "resume-worker", "message": "Compiling 'hhea' table"}
{"timestamp": "2025-12-11T04:17:14.579Z", "level": "DEBUG", "service": "resume-worker", "message": "Writing 'hhea' table to disk"}
{"timestamp": "2025-12-11T04:17:14.580Z", "level": "DEBUG", "service": "resume-worker", "message": "Compiling 'OS/2' table"}
{"timestamp": "2025-12-11T04:17:14.581Z", "level": "DEBUG", "service": "resume-worker", "message": "Writing 'OS/2' table to disk"}
{"timestamp": "2025-12-11T04:17:14.582Z", "level": "DEBUG", "service": "resume-worker", "message": "Compiling 'cmap' table"}
{"timestamp": "2025-12-11T04:17:14.583Z", "level": "DEBUG", "service": "resume-worker", "message": "Writing 'cmap' table to disk"}
{"timestamp": "2025-12-11T04:17:14.584Z", "level": "DEBUG", "service": "resume-worker", "message": "Compiling 'name' table"}
{"timestamp": "2025-12-11T04:17:14.585Z", "level": "DEBUG", "service": "resume-worker", "message": "Writing 'name' table to disk"}
{"timestamp": "2025-12-11T04:17:14.585Z", "level": "DEBUG", "service": "resume-worker", "message": "Compiling 'post' table"}
{"timestamp": "2025-12-11T04:17:14.586Z", "level": "DEBUG", "service": "resume-worker", "message": "Writing 'post' table to disk"}
{"timestamp": "2025-12-11T04:17:14.587Z", "level": "DEBUG", "service": "resume-worker", "message": "Compiling 'gasp' table"}
{"timestamp": "2025-12-11T04:17:14.587Z", "level": "DEBUG", "service": "resume-worker", "message": "Writing 'gasp' table to disk"}
{"timestamp": "2025-12-11T04:17:14.588Z", "level": "DEBUG", "service": "resume-worker", "message": "Compiling 'FFTM' table"}
{"timestamp": "2025-12-11T04:17:14.589Z", "level": "DEBUG", "service": "resume-worker", "message": "Writing 'FFTM' table to disk"}
{"timestamp": "2025-12-11T04:17:14.590Z", "level": "DEBUG", "service": "resume-worker", "message": "Compiling 'GDEF' table"}
{"timestamp": "2025-12-11T04:17:14.591Z", "level": "DEBUG", "service": "resume-worker", "message": "Writing 'GDEF' table to disk"}
{"timestamp": "2025-12-11T04:17:14.591Z", "level": "DEBUG", "service": "resume-worker", "message": "Compiling 'MATH' table"}
{"timestamp": "2025-12-11T04:17:14.593Z", "level": "DEBUG", "service": "resume-worker", "message": "Writing 'MATH' table to disk"}
{"timestamp": "2025-12-11T04:17:14.596Z", "level": "DEBUG", "service": "resume-worker", "message": "Reading 'maxp' table from disk"}
{"timestamp": "2025-12-11T04:17:14.597Z", "level": "DEBUG", "service": "resume-worker", "message": "Decompiling 'maxp' table"}
{"timestamp": "2025-12-11T04:17:14.598Z", "level": "DEBUG", "service": "resume-worker", "message": "Took 0.002s to load 'maxp'"}
{"timestamp": "2025-12-11T04:17:14.598Z", "level": "DEBUG", "service": "resume-worker", "message": "Took 0.000s to prune 'maxp'"}
{"timestamp": "2025-12-11T04:17:14.599Z", "level": "INFO", "service": "resume-worker", "message": "maxp pruned"}
{"timestamp": "2025-12-11T04:17:14.600Z", "level": "DEBUG", "service": "resume-worker", "message": "Reading 'cmap' table from disk"}
{"timestamp": "2025-12-11T04:17:14.601Z", "level": "DEBUG", "service": "resume-worker", "message": "Decompiling 'cmap' table"}
{"timestamp": "2025-12-11T04:17:14.601Z", "level": "DEBUG", "service": "resume-worker", "message": "Took 0.001s to load 'cmap'"}
{"timestamp": "2025-12-11T04:17:14.602Z", "level": "DEBUG", "service": "resume-worker", "message": "Took 0.000s to prune 'cmap'"}
{"timestamp": "2025-12-11T04:17:14.603Z", "level": "INFO", "service": "resume-worker", "message": "cmap pruned"}
{"timestamp": "2025-12-11T04:17:14.604Z", "level": "DEBUG", "service": "resume-worker", "message": "Reading 'post' table from disk"}
{"timestamp": "2025-12-11T04:17:14.605Z", "level": "DEBUG", "service": "resume-worker", "message": "Decompiling 'post' table"}
{"timestamp": "2025-12-11T04:17:14.606Z", "level": "DEBUG", "service": "resume-worker", "message": "Took 0.002s to load 'post'"}
{"timestamp": "2025-12-11T04:17:14.607Z", "level": "DEBUG", "service": "resume-worker", "message": "Took 0.000s to prune 'post'"}
{"timestamp": "2025-12-11T04:17:14.608Z", "level": "INFO", "service": "resume-worker", "message": "post pruned"}
{"timestamp": "2025-12-11T04:17:14.611Z", "level": "INFO", "service": "resume-worker", "message": "GSUB dropped"}
{"timestamp": "2025-12-11T04:17:14.613Z", "level": "DEBUG", "service": "resume-worker", "message": "Reading 'cmap' table from disk"}
{"timestamp": "2025-12-11T04:17:14.614Z", "level": "DEBUG", "service": "resume-worker", "message": "Decompiling 'cmap' table"}
{"timestamp": "2025-12-11T04:17:14.629Z", "level": "DEBUG", "service": "resume-worker", "message": "Took 0.001s to close glyph list over 'cmap'"}
{"timestamp": "2025-12-11T04:17:14.629Z", "level": "INFO", "service": "resume-worker", "message": "Added .notdef to subset"}
{"timestamp": "2025-12-11T04:17:14.634Z", "level": "INFO", "service": "resume-worker", "message": "Retaining 11 glyphs"}
{"timestamp": "2025-12-11T04:17:14.635Z", "level": "INFO", "service": "resume-worker", "message": "head subsetting not needed"}
{"timestamp": "2025-12-11T04:17:14.636Z", "level": "INFO", "service": "resume-worker", "message": "hhea subsetting not needed"}
{"timestamp": "2025-12-11T04:17:14.637Z", "level": "INFO", "service": "resume-worker", "message": "maxp subsetting not needed"}
{"timestamp": "2025-12-11T04:17:14.638Z", "level": "INFO", "service": "resume-worker", "message": "OS/2 subsetting not needed"}
{"timestamp": "2025-12-11T04:17:14.639Z", "level": "DEBUG", "service": "resume-worker", "message": "Reading 'hmtx' table from disk"}
{"timestamp": "2025-12-11T04:17:14.640Z", "level": "DEBUG", "service": "resume-worker", "message": "Decompiling 'hmtx' table"}
{"timestamp": "2025-12-11T04:17:14.641Z", "level": "DEBUG", "service": "resume-worker", "message": "Reading 'hhea' table from disk"}
{"timestamp": "2025-12-11T04:17:14.643Z", "level": "DEBUG", "service": "resume-worker", "message": "Decompiling 'hhea' table"}
{"timestamp": "2025-12-11T04:17:14.645Z", "level": "DEBUG", "service": "resume-worker", "message": "Took 0.006s to subset 'hmtx'"}
{"timestamp": "2025-12-11T04:17:14.645Z", "level": "INFO", "service": "resume-worker", "message": "hmtx subsetted"}
{"timestamp": "2025-12-11T04:17:14.647Z", "level": "DEBUG", "service": "resume-worker", "message": "Took 0.000s to subset 'cmap'"}
{"timestamp": "2025-12-11T04:17:14.647Z", "level": "INFO", "service": "resume-worker", "message": "cmap subsetted"}
{"timestamp": "2025-12-11T04:17:14.648Z", "level": "DEBUG", "service": "resume-worker", "message": "Took 0.000s to subset 'post'"}
{"timestamp": "2025-12-11T04:17:14.649Z", "level": "INFO", "service": "resume-worker", "message": "post subsetted"}
{"timestamp": "2025-12-11T04:17:14.650Z", "level": "DEBUG", "service": "resume-worker", "message": "Reading 'CBDT' table from disk"}
{"timestamp": "2025-12-11T04:17:14.666Z", "level": "DEBUG", "service": "resume-worker", "message": "Decompiling 'CBDT' table"}
{"timestamp": "2025-12-11T04:17:14.678Z", "level": "DEBUG", "service": "resume-worker", "message": "Reading 'CBLC' table from disk"}
{"timestamp": "2025-12-11T04:17:14.679Z", "level": "DEBUG", "service": "resume-worker", "message": "Decompiling 'CBLC' table"}
{"timestamp": "2025-12-11T04:17:14.697Z", "level": "DEBUG", "service": "resume-worker", "message": "Took 0.047s to subset 'CBDT'"}
{"timestamp": "2025-12-11T04:17:14.698Z", "level": "INFO", "service": "resume-worker", "message": "CBDT subsetted"}
{"timestamp": "2025-12-11T04:17:14.699Z", "level": "DEBUG", "service": "resume-worker", "message": "Took 0.000s to subset 'CBLC'"}
{"timestamp": "2025-12-11T04:17:14.700Z", "level": "INFO", "service": "resume-worker", "message": "CBLC subsetted"}
{"timestamp": "2025-12-11T04:17:14.700Z", "level": "INFO", "service": "resume-worker", "message": "vhea subsetting not needed"}
{"timestamp": "2025-12-11T04:17:14.701Z", "level": "DEBUG", "service": "resume-worker", "message": "Reading 'vmtx' table from disk"}
{"timestamp": "2025-12-11T04:17:14.702Z", "level": "DEBUG", "service": "resume-worker", "message": "Decompiling 'vmtx' table"}
{"timestamp": "2025-12-11T04:17:14.703Z", "level": "DEBUG", "service": "resume-worker", "message": "Reading 'vhea' table from disk"}
{"timestamp": "2025-12-11T04:17:14.704Z", "level": "DEBUG", "service": "resume-worker", "message": "Decompiling 'vhea' table"}
{"timestamp": "2025-12-11T04:17:14.706Z", "level": "DEBUG", "service": "resume-worker", "message": "Took 0.004s to subset 'vmtx'"}
{"timestamp": "2025-12-11T04:17:14.706Z", "level": "INFO", "service": "resume-worker", "message": "vmtx subsetted"}
{"timestamp": "2025-12-11T04:17:14.707Z", "level": "INFO", "service": "resume-worker", "message": "name subsetting not needed"}
{"timestamp": "2025-12-11T04:17:14.708Z", "level": "DEBUG", "service": "resume-worker", "message": "Took 0.000s to subset GlyphOrder"}
{"timestamp": "2025-12-11T04:17:14.709Z", "level": "DEBUG", "service": "resume-worker", "message": "Reading 'head' table from disk"}
{"timestamp": "2025-12-11T04:17:14.709Z", "level": "DEBUG", "service": "resume-worker", "message": "Decompiling 'head' table"}
{"timestamp": "2025-12-11T04:17:14.710Z", "level": "DEBUG", "service": "resume-worker", "message": "Took 0.002s to prune 'head'"}
{"timestamp": "2025-12-11T04:17:14.711Z", "level": "INFO", "service": "resume-worker", "message": "head pruned"}
{"timestamp": "2025-12-11T04:17:14.712Z", "level": "DEBUG", "service": "resume-worker", "message": "Reading 'OS/2' table from disk"}
{"timestamp": "2025-12-11T04:17:14.712Z", "level": "DEBUG", "service": "resume-worker", "message": "Decompiling 'OS/2' table"}
{"timestamp": "2025-12-11T04:17:14.713Z", "level": "INFO", "service": "resume-worker", "message": "OS/2 Unicode ranges pruned: []"}
{"timestamp": "2025-12-11T04:17:14.714Z", "level": "DEBUG", "service": "resume-worker", "message": "Reading 'name' table from disk"}
{"timestamp": "2025-12-11T04:17:14.714Z", "level": "DEBUG", "service": "resume-worker", "message": "Decompiling 'name' table"}
{"timestamp": "2025-12-11T04:17:14.715Z", "level": "DEBUG", "service": "resume-worker", "message": "Took 0.001s to prune 'name'"}
{"timestamp": "2025-12-11T04:17:14.716Z", "level": "INFO", "service": "resume-worker", "message": "name pruned"}
{"timestamp": "2025-12-11T04:17:14.717Z", "level": "DEBUG", "service": "resume-worker", "message": "Compiling 'maxp' table"}
{"timestamp": "2025-12-11T04:17:14.718Z", "level": "DEBUG", "service": "resume-worker", "message": "Writing 'maxp' table to disk"}
{"timestamp": "2025-12-11T04:17:14.720Z", "level": "DEBUG", "service": "resume-worker", "message": "Compiling 'head' table"}
{"timestamp": "2025-12-11T04:17:14.720Z", "level": "DEBUG", "service": "resume-worker", "message": "Writing 'head' table to disk"}
{"timestamp": "2025-12-11T04:17:14.721Z", "level": "DEBUG", "service": "resume-worker", "message": "Compiling 'hmtx' table"}
{"timestamp": "2025-12-11T04:17:14.722Z", "level": "DEBUG", "service": "resume-worker", "message": "Writing 'hmtx' table to disk"}
{"timestamp": "2025-12-11T04:17:14.724Z", "level": "DEBUG", "service": "resume-worker", "message": "Compiling 'hhea' table"}
{"timestamp": "2025-12-11T04:17:14.726Z", "level": "DEBUG", "service": "resume-worker", "message": "Writing 'hhea' table to disk"}
{"timestamp": "2025-12-11T04:17:14.726Z", "level": "DEBUG", "service": "resume-worker", "message": "Compiling 'OS/2' table"}
{"timestamp": "2025-12-11T04:17:14.727Z", "level": "DEBUG", "service": "resume-worker", "message": "Writing 'OS/2' table to disk"}
{"timestamp": "2025-12-11T04:17:14.727Z", "level": "DEBUG", "service": "resume-worker", "message": "Compiling 'cmap' table"}
{"timestamp": "2025-12-11T04:17:14.728Z", "level": "DEBUG", "service": "resume-worker", "message": "Writing 'cmap' table to disk"}
{"timestamp": "2025-12-11T04:17:14.729Z", "level": "DEBUG", "service": "resume-worker", "message": "Compiling 'name' table"}
{"timestamp": "2025-12-11T04:17:14.730Z", "level": "DEBUG", "service": "resume-worker", "message": "Writing 'name' table to disk"}
{"timestamp": "2025-12-11T04:17:14.731Z", "level": "DEBUG", "service": "resume-worker", "message": "Compiling 'post' table"}
{"timestamp": "2025-12-11T04:17:14.731Z", "level": "DEBUG", "service": "resume-worker", "message": "Writing 'post' table to disk"}
{"timestamp": "2025-12-11T04:17:14.732Z", "level": "DEBUG", "service": "resume-worker", "message": "Compiling 'CBDT' table"}
{"timestamp": "2025-12-11T04:17:14.733Z", "level": "DEBUG", "service": "resume-worker", "message": "Writing 'CBDT' table to disk"}
{"timestamp": "2025-12-11T04:17:14.733Z", "level": "DEBUG", "service": "resume-worker", "message": "Compiling 'CBLC' table"}
{"timestamp": "2025-12-11T04:17:14.734Z", "level": "DEBUG", "service": "resume-worker", "message": "Writing 'CBLC' table to disk"}
{"timestamp": "2025-12-11T04:17:14.735Z", "level": "DEBUG", "service": "resume-worker", "message": "Compiling 'vmtx' table"}
{"timestamp": "2025-12-11T04:17:14.736Z", "level": "DEBUG", "service": "resume-worker", "message": "Writing 'vmtx' table to disk"}
{"timestamp": "2025-12-11T04:17:14.737Z", "level": "DEBUG", "service": "resume-worker", "message": "Compiling 'vhea' table"}
{"timestamp": "2025-12-11T04:17:14.737Z", "level": "DEBUG", "service": "resume-worker", "message": "Writing 'vhea' table to disk"}
{"timestamp": "2025-12-11T04:17:14.751Z", "level": "DEBUG", "service": "resume-worker", "message": "Compiling 'glyf' table"}
{"timestamp": "2025-12-11T04:17:14.752Z", "level": "DEBUG", "service": "resume-worker", "message": "Writing 'glyf' table to disk"}
{"timestamp": "2025-12-11T04:17:14.754Z", "level": "DEBUG", "service": "resume-worker", "message": "Compiling 'maxp' table"}
{"timestamp": "2025-12-11T04:17:14.755Z", "level": "DEBUG", "service": "resume-worker", "message": "Writing 'maxp' table to disk"}
{"timestamp": "2025-12-11T04:17:14.756Z", "level": "DEBUG", "service": "resume-worker", "message": "Compiling 'loca' table"}
{"timestamp": "2025-12-11T04:17:14.757Z", "level": "DEBUG", "service": "resume-worker", "message": "Writing 'loca' table to disk"}
{"timestamp": "2025-12-11T04:17:14.758Z", "level": "DEBUG", "service": "resume-worker", "message": "Compiling 'head' table"}
{"timestamp": "2025-12-11T04:17:14.759Z", "level": "DEBUG", "service": "resume-worker", "message": "Writing 'head' table to disk"}
{"timestamp": "2025-12-11T04:17:14.760Z", "level": "DEBUG", "service": "resume-worker", "message": "Compiling 'hmtx' table"}
{"timestamp": "2025-12-11T04:17:14.763Z", "level": "DEBUG", "service": "resume-worker", "message": "Writing 'hmtx' table to disk"}
{"timestamp": "2025-12-11T04:17:14.764Z", "level": "DEBUG", "service": "resume-worker", "message": "Compiling 'hhea' table"}
{"timestamp": "2025-12-11T04:17:14.766Z", "level": "DEBUG", "service": "resume-worker", "message": "Writing 'hhea' table to disk"}
{"timestamp": "2025-12-11T04:17:14.766Z", "level": "DEBUG", "service": "resume-worker", "message": "Compiling 'OS/2' table"}
{"timestamp": "2025-12-11T04:17:14.767Z", "level": "DEBUG", "service": "resume-worker", "message": "Writing 'OS/2' table to disk"}
{"timestamp": "2025-12-11T04:17:14.768Z", "level": "DEBUG", "service": "resume-worker", "message": "Compiling 'cmap' table"}
{"timestamp": "2025-12-11T04:17:14.768Z", "level": "DEBUG", "service": "resume-worker", "message": "Writing 'cmap' table to disk"}
{"timestamp": "2025-12-11T04:17:14.769Z", "level": "DEBUG", "service": "resume-worker", "message": "Compiling 'name' table"}
{"timestamp": "2025-12-11T04:17:14.770Z", "level": "DEBUG", "service": "resume-worker", "message": "Writing 'name' table to disk"}
{"timestamp": "2025-12-11T04:17:14.771Z", "level": "DEBUG", "service": "resume-worker", "message": "Compiling 'post' table"}
{"timestamp": "2025-12-11T04:17:14.772Z", "level": "DEBUG", "service": "resume-worker", "message": "Writing 'post' table to disk"}
{"timestamp": "2025-12-11T04:17:14.773Z", "level": "DEBUG", "service": "resume-worker", "message": "Compiling 'vmtx' table"}
{"timestamp": "2025-12-11T04:17:14.774Z", "level": "DEBUG", "service": "resume-worker", "message": "Writing 'vmtx' table to disk"}
{"timestamp": "2025-12-11T04:17:14.775Z", "level": "DEBUG", "service": "resume-worker", "message": "Compiling 'vhea' table"}
{"timestamp": "2025-12-11T04:17:14.777Z", "level": "DEBUG", "service": "resume-worker", "message": "Writing 'vhea' table to disk"}
{"timestamp": "2025-12-11T04:17:14.780Z", "level": "DEBUG", "service": "resume-worker", "message": "Reading 'maxp' table from disk"}
{"timestamp": "2025-12-11T04:17:14.781Z", "level": "DEBUG", "service": "resume-worker", "message": "Decompiling 'maxp' table"}
{"timestamp": "2025-12-11T04:17:14.782Z", "level": "DEBUG", "service": "resume-worker", "message": "Took 0.002s to load 'maxp'"}
{"timestamp": "2025-12-11T04:17:14.783Z", "level": "DEBUG", "service": "resume-worker", "message": "Took 0.000s to prune 'maxp'"}
{"timestamp": "2025-12-11T04:17:14.783Z", "level": "INFO", "service": "resume-worker", "message": "maxp pruned"}
{"timestamp": "2025-12-11T04:17:14.785Z", "level": "DEBUG", "service": "resume-worker", "message": "Reading 'cmap' table from disk"}
{"timestamp": "2025-12-11T04:17:14.785Z", "level": "DEBUG", "service": "resume-worker", "message": "Decompiling 'cmap' table"}
{"timestamp": "2025-12-11T04:17:14.787Z", "level": "DEBUG", "service": "resume-worker", "message": "Reading 'post' table from disk"}
{"timestamp": "2025-12-11T04:17:14.787Z", "level": "DEBUG", "service": "resume-worker", "message": "Decompiling 'post' table"}
{"timestamp": "2025-12-11T04:17:14.792Z", "level": "DEBUG", "service": "resume-worker", "message": "Took 0.007s to load 'cmap'"}
{"timestamp": "2025-12-11T04:17:14.793Z", "level": "DEBUG", "service": "resume-worker", "message": "Took 0.000s to prune 'cmap'"}
{"timestamp": "2025-12-11T04:17:14.794Z", "level": "INFO", "service": "resume-worker", "message": "cmap pruned"}
{"timestamp": "2025-12-11T04:17:14.794Z", "level": "INFO", "service": "resume-worker", "message": "fpgm dropped"}
{"timestamp": "2025-12-11T04:17:14.795Z", "level": "INFO", "service": "resume-worker", "message": "prep dropped"}
{"timestamp": "2025-12-11T04:17:14.796Z", "level": "INFO", "service": "resume-worker", "message": "cvt  dropped"}
{"timestamp": "2025-12-11T04:17:14.797Z", "level": "INFO", "service": "resume-worker", "message": "kern dropped"}
{"timestamp": "2025-12-11T04:17:14.797Z", "level": "DEBUG", "service": "resume-worker", "message": "Took 0.000s to load 'post'"}
{"timestamp": "2025-12-11T04:17:14.798Z", "level": "DEBUG", "service": "resume-worker", "message": "Took 0.000s to prune 'post'"}
{"timestamp": "2025-12-11T04:17:14.798Z", "level": "INFO", "service": "resume-worker", "message": "post pruned"}
{"timestamp": "2025-12-11T04:17:14.800Z", "level": "INFO", "service": "resume-worker", "message": "GPOS dropped"}
{"timestamp": "2025-12-11T04:17:14.801Z", "level": "INFO", "service": "resume-worker", "message": "GSUB dropped"}
{"timestamp": "2025-12-11T04:17:14.802Z", "level": "DEBUG", "service": "resume-worker", "message": "Reading 'glyf' table from disk"}
{"timestamp": "2025-12-11T04:17:14.804Z", "level": "DEBUG", "service": "resume-worker", "message": "Decompiling 'glyf' table"}
{"timestamp": "2025-12-11T04:17:14.804Z", "level": "DEBUG", "service": "resume-worker", "message": "Reading 'loca' table from disk"}
{"timestamp": "2025-12-11T04:17:14.805Z", "level": "DEBUG", "service": "resume-worker", "message": "Decompiling 'loca' table"}
{"timestamp": "2025-12-11T04:17:14.806Z", "level": "DEBUG", "service": "resume-worker", "message": "Reading 'head' table from disk"}
{"timestamp": "2025-12-11T04:17:14.806Z", "level": "DEBUG", "service": "resume-worker", "message": "Decompiling 'head' table"}
{"timestamp": "2025-12-11T04:17:14.810Z", "level": "DEBUG", "service": "resume-worker", "message": "Took 0.008s to load 'glyf'"}
{"timestamp": "2025-12-11T04:17:14.811Z", "level": "DEBUG", "service": "resume-worker", "message": "Took 0.000s to prune 'glyf'"}
{"timestamp": "2025-12-11T04:17:14.812Z", "level": "INFO", "service": "resume-worker", "message": "glyf pruned"}
{"timestamp": "2025-12-11T04:17:14.814Z", "level": "DEBUG", "service": "resume-worker", "message": "Took 0.000s to close glyph list over 'cmap'"}
{"timestamp": "2025-12-11T04:17:14.814Z", "level": "INFO", "service": "resume-worker", "message": "Added gid0 to subset"}
{"timestamp": "2025-12-11T04:17:14.816Z", "level": "INFO", "service": "resume-worker", "message": "Closing glyph list over 'glyf': 28 glyphs before"}
{"timestamp": "2025-12-11T04:17:14.816Z", "level": "INFO", "service": "resume-worker", "message": "Glyph names: ['.notdef', 'C', 'I', 'N', 'P', 'S', 'a', 'b', 'colon', 'd', 'e', 'five', 'g', 'hyphen', 'l', 'm', 'n', 'o', 'one', 'p', 'r', 's', 'space', 't', 'two', 'u', 'v', 'zero']"}
{"timestamp": "2025-12-11T04:17:14.818Z", "level": "INFO", "service": "resume-worker", "message": "Glyph IDs:   [0, 3, 16, 19, 20, 21, 24, 29, 38, 44, 49, 51, 54, 68, 69, 71, 72, 74, 79, 80, 81, 82, 83, 85, 86, 87, 88, 89]"}
{"timestamp": "2025-12-11T04:17:14.818Z", "level": "INFO", "service": "resume-worker", "message": "Closed glyph list over 'glyf': 28 glyphs after"}
{"timestamp": "2025-12-11T04:17:14.819Z", "level": "INFO", "service": "resume-worker", "message": "Glyph names: ['.notdef', 'C', 'I', 'N', 'P', 'S', 'a', 'b', 'colon', 'd', 'e', 'five', 'g', 'hyphen', 'l', 'm', 'n', 'o', 'one', 'p', 'r', 's', 'space', 't', 'two', 'u', 'v', 'zero']"}
{"timestamp": "2025-12-11T04:17:14.820Z", "level": "INFO", "service": "resume-worker", "message": "Glyph IDs:   [0, 3, 16, 19, 20, 21, 24, 29, 38, 44, 49, 51, 54, 68, 69, 71, 72, 74, 79, 80, 81, 82, 83, 85, 86, 87, 88, 89]"}
{"timestamp": "2025-12-11T04:17:14.821Z", "level": "DEBUG", "service": "resume-worker", "message": "Took 0.005s to close glyph list over 'glyf'"}
{"timestamp": "2025-12-11T04:17:14.824Z", "level": "INFO", "service": "resume-worker", "message": "Retaining 28 glyphs"}
{"timestamp": "2025-12-11T04:17:14.826Z", "level": "INFO", "service": "resume-worker", "message": "head subsetting not needed"}
{"timestamp": "2025-12-11T04:17:14.827Z", "level": "INFO", "service": "resume-worker", "message": "hhea subsetting not needed"}
{"timestamp": "2025-12-11T04:17:14.827Z", "level": "INFO", "service": "resume-worker", "message": "maxp subsetting not needed"}
{"timestamp": "2025-12-11T04:17:14.828Z", "level": "INFO", "service": "resume-worker", "message": "OS/2 subsetting not needed"}
{"timestamp": "2025-12-11T04:17:14.829Z", "level": "DEBUG", "service": "resume-worker", "message": "Reading 'hmtx' table from disk"}
{"timestamp": "2025-12-11T04:17:14.830Z", "level": "DEBUG", "service": "resume-worker", "message": "Decompiling 'hmtx' table"}
{"timestamp": "2025-12-11T04:17:14.830Z", "level": "DEBUG", "service": "resume-worker", "message": "Reading 'hhea' table from disk"}
{"timestamp": "2025-12-11T04:17:14.831Z", "level": "DEBUG", "service": "resume-worker", "message": "Decompiling 'hhea' table"}
{"timestamp": "2025-12-11T04:17:14.835Z", "level": "DEBUG", "service": "resume-worker", "message": "Took 0.007s to subset 'hmtx'"}
{"timestamp": "2025-12-11T04:17:14.836Z", "level": "INFO", "service": "resume-worker", "message": "hmtx subsetted"}
{"timestamp": "2025-12-11T04:17:14.839Z", "level": "DEBUG", "service": "resume-worker", "message": "Took 0.002s to subset 'cmap'"}
{"timestamp": "2025-12-11T04:17:14.840Z", "level": "INFO", "service": "resume-worker", "message": "cmap subsetted"}
{"timestamp": "2025-12-11T04:17:14.841Z", "level": "INFO", "service": "resume-worker", "message": "loca subsetting not needed"}
{"timestamp": "2025-12-11T04:17:14.842Z", "level": "DEBUG", "service": "resume-worker", "message": "Took 0.000s to subset 'post'"}
{"timestamp": "2025-12-11T04:17:14.842Z", "level": "INFO", "service": "resume-worker", "message": "post subsetted"}
{"timestamp": "2025-12-11T04:17:14.843Z", "level": "INFO", "service": "resume-worker", "message": "gasp subsetting not needed"}
{"timestamp": "2025-12-11T04:17:14.844Z", "level": "INFO", "service": "resume-worker", "message": "FFTM NOT subset; don't know how to subset"}
{"timestamp": "2025-12-11T04:17:14.844Z", "level": "DEBUG", "service": "resume-worker", "message": "Reading 'GDEF' table from disk"}
{"timestamp": "2025-12-11T04:17:14.845Z", "level": "DEBUG", "service": "resume-worker", "message": "Decompiling 'GDEF' table"}
{"timestamp": "2025-12-11T04:17:14.848Z", "level": "DEBUG", "service": "resume-worker", "message": "Took 0.004s to subset 'GDEF'"}
{"timestamp": "2025-12-11T04:17:14.849Z", "level": "INFO", "service": "resume-worker", "message": "GDEF subsetted"}
{"timestamp": "2025-12-11T04:17:14.850Z", "level": "INFO", "service": "resume-worker", "message": "name subsetting not needed"}
{"timestamp": "2025-12-11T04:17:14.852Z", "level": "DEBUG", "service": "resume-worker", "message": "Took 0.001s to subset 'glyf'"}
{"timestamp": "2025-12-11T04:17:14.852Z", "level": "INFO", "service": "resume-worker", "message": "glyf subsetted"}
{"timestamp": "2025-12-11T04:17:14.853Z", "level": "DEBUG", "service": "resume-worker", "message": "Took 0.000s to subset GlyphOrder"}
{"timestamp": "2025-12-11T04:17:14.854Z", "level": "DEBUG", "service": "resume-worker", "message": "Took 0.000s to prune 'head'"}
{"timestamp": "2025-12-11T04:17:14.855Z", "level": "INFO", "service": "resume-worker", "message": "head pruned"}
{"timestamp": "2025-12-11T04:17:14.856Z", "level": "DEBUG", "service": "resume-worker", "message": "Reading 'OS/2' table from disk"}
{"timestamp": "2025-12-11T04:17:14.857Z", "level": "DEBUG", "service": "resume-worker", "message": "Decompiling 'OS/2' table"}
{"timestamp": "2025-12-11T04:17:14.857Z", "level": "INFO", "service": "resume-worker", "message": "OS/2 Unicode ranges pruned: [0]"}
{"timestamp": "2025-12-11T04:17:14.858Z", "level": "INFO", "service": "resume-worker", "message": "OS/2 CodePage ranges pruned: [0]"}
{"timestamp": "2025-12-11T04:17:14.859Z", "level": "DEBUG", "service": "resume-worker", "message": "Took 0.000s to prune 'glyf'"}
{"timestamp": "2025-12-11T04:17:14.860Z", "level": "INFO", "service": "resume-worker", "message": "glyf pruned"}
{"timestamp": "2025-12-11T04:17:14.861Z", "level": "DEBUG", "service": "resume-worker", "message": "Took 0.000s to prune 'GDEF'"}
{"timestamp": "2025-12-11T04:17:14.862Z", "level": "INFO", "service": "resume-worker", "message": "GDEF pruned"}
{"timestamp": "2025-12-11T04:17:14.863Z", "level": "DEBUG", "service": "resume-worker", "message": "Reading 'name' table from disk"}
{"timestamp": "2025-12-11T04:17:14.863Z", "level": "DEBUG", "service": "resume-worker", "message": "Decompiling 'name' table"}
{"timestamp": "2025-12-11T04:17:14.864Z", "level": "DEBUG", "service": "resume-worker", "message": "Reading 'gasp' table from disk"}
{"timestamp": "2025-12-11T04:17:14.865Z", "level": "DEBUG", "service": "resume-worker", "message": "Decompiling 'gasp' table"}
{"timestamp": "2025-12-11T04:17:14.866Z", "level": "DEBUG", "service": "resume-worker", "message": "Reading 'FFTM' table from disk"}
{"timestamp": "2025-12-11T04:17:14.866Z", "level": "DEBUG", "service": "resume-worker", "message": "Decompiling 'FFTM' table"}
{"timestamp": "2025-12-11T04:17:14.867Z", "level": "DEBUG", "service": "resume-worker", "message": "Took 0.004s to prune 'name'"}
{"timestamp": "2025-12-11T04:17:14.870Z", "level": "INFO", "service": "resume-worker", "message": "name pruned"}
{"timestamp": "2025-12-11T04:17:14.871Z", "level": "DEBUG", "service": "resume-worker", "message": "Compiling 'glyf' table"}
{"timestamp": "2025-12-11T04:17:14.879Z", "level": "DEBUG", "service": "resume-worker", "message": "Writing 'glyf' table to disk"}
{"timestamp": "2025-12-11T04:17:14.881Z", "level": "DEBUG", "service": "resume-worker", "message": "Compiling 'maxp' table"}
{"timestamp": "2025-12-11T04:17:14.882Z", "level": "DEBUG", "service": "resume-worker", "message": "Writing 'maxp' table to disk"}
{"timestamp": "2025-12-11T04:17:14.883Z", "level": "DEBUG", "service": "resume-worker", "message": "Compiling 'loca' table"}
{"timestamp": "2025-12-11T04:17:14.884Z", "level": "DEBUG", "service": "resume-worker", "message": "Writing 'loca' table to disk"}
{"timestamp": "2025-12-11T04:17:14.890Z", "level": "DEBUG", "service": "resume-worker", "message": "Compiling 'head' table"}
{"timestamp": "2025-12-11T04:17:14.896Z", "level": "DEBUG", "service": "resume-worker", "message": "Writing 'head' table to disk"}
{"timestamp": "2025-12-11T04:17:14.897Z", "level": "DEBUG", "service": "resume-worker", "message": "Compiling 'hmtx' table"}
{"timestamp": "2025-12-11T04:17:14.900Z", "level": "DEBUG", "service": "resume-worker", "message": "Writing 'hmtx' table to disk"}
{"timestamp": "2025-12-11T04:17:14.901Z", "level": "DEBUG", "service": "resume-worker", "message": "Compiling 'hhea' table"}
{"timestamp": "2025-12-11T04:17:14.904Z", "level": "DEBUG", "service": "resume-worker", "message": "Writing 'hhea' table to disk"}
{"timestamp": "2025-12-11T04:17:14.905Z", "level": "DEBUG", "service": "resume-worker", "message": "Compiling 'OS/2' table"}
{"timestamp": "2025-12-11T04:17:14.906Z", "level": "DEBUG", "service": "resume-worker", "message": "Writing 'OS/2' table to disk"}
{"timestamp": "2025-12-11T04:17:14.907Z", "level": "DEBUG", "service": "resume-worker", "message": "Compiling 'cmap' table"}
{"timestamp": "2025-12-11T04:17:14.908Z", "level": "DEBUG", "service": "resume-worker", "message": "Writing 'cmap' table to disk"}
{"timestamp": "2025-12-11T04:17:14.909Z", "level": "DEBUG", "service": "resume-worker", "message": "Compiling 'name' table"}
{"timestamp": "2025-12-11T04:17:14.910Z", "level": "DEBUG", "service": "resume-worker", "message": "Writing 'name' table to disk"}
{"timestamp": "2025-12-11T04:17:14.913Z", "level": "DEBUG", "service": "resume-worker", "message": "Compiling 'post' table"}
{"timestamp": "2025-12-11T04:17:14.914Z", "level": "DEBUG", "service": "resume-worker", "message": "Writing 'post' table to disk"}
{"timestamp": "2025-12-11T04:17:14.915Z", "level": "DEBUG", "service": "resume-worker", "message": "Compiling 'gasp' table"}
{"timestamp": "2025-12-11T04:17:14.916Z", "level": "DEBUG", "service": "resume-worker", "message": "Writing 'gasp' table to disk"}
{"timestamp": "2025-12-11T04:17:14.916Z", "level": "DEBUG", "service": "resume-worker", "message": "Compiling 'FFTM' table"}
{"timestamp": "2025-12-11T04:17:14.917Z", "level": "DEBUG", "service": "resume-worker", "message": "Writing 'FFTM' table to disk"}
{"timestamp": "2025-12-11T04:17:14.918Z", "level": "DEBUG", "service": "resume-worker", "message": "Compiling 'GDEF' table"}
{"timestamp": "2025-12-11T04:17:14.919Z", "level": "DEBUG", "service": "resume-worker", "message": "Writing 'GDEF' table to disk"}
{"timestamp": "2025-12-11T04:17:14.921Z", "level": "DEBUG", "service": "resume-worker", "message": "Reading 'maxp' table from disk"}
{"timestamp": "2025-12-11T04:17:14.922Z", "level": "DEBUG", "service": "resume-worker", "message": "Decompiling 'maxp' table"}
{"timestamp": "2025-12-11T04:17:14.923Z", "level": "DEBUG", "service": "resume-worker", "message": "Took 0.003s to load 'maxp'"}
{"timestamp": "2025-12-11T04:17:14.924Z", "level": "DEBUG", "service": "resume-worker", "message": "Took 0.000s to prune 'maxp'"}
{"timestamp": "2025-12-11T04:17:14.925Z", "level": "INFO", "service": "resume-worker", "message": "maxp pruned"}
{"timestamp": "2025-12-11T04:17:14.926Z", "level": "DEBUG", "service": "resume-worker", "message": "Reading 'cmap' table from disk"}
{"timestamp": "2025-12-11T04:17:14.926Z", "level": "DEBUG", "service": "resume-worker", "message": "Decompiling 'cmap' table"}
{"timestamp": "2025-12-11T04:17:14.928Z", "level": "DEBUG", "service": "resume-worker", "message": "Reading 'post' table from disk"}
{"timestamp": "2025-12-11T04:17:14.930Z", "level": "DEBUG", "service": "resume-worker", "message": "Decompiling 'post' table"}
{"timestamp": "2025-12-11T04:17:14.933Z", "level": "DEBUG", "service": "resume-worker", "message": "Took 0.007s to load 'cmap'"}
{"timestamp": "2025-12-11T04:17:14.933Z", "level": "DEBUG", "service": "resume-worker", "message": "Took 0.000s to prune 'cmap'"}
{"timestamp": "2025-12-11T04:17:14.934Z", "level": "INFO", "service": "resume-worker", "message": "cmap pruned"}
{"timestamp": "2025-12-11T04:17:14.935Z", "level": "INFO", "service": "resume-worker", "message": "fpgm dropped"}
{"timestamp": "2025-12-11T04:17:14.935Z", "level": "INFO", "service": "resume-worker", "message": "prep dropped"}
{"timestamp": "2025-12-11T04:17:14.935Z", "level": "INFO", "service": "resume-worker", "message": "cvt  dropped"}
{"timestamp": "2025-12-11T04:17:14.936Z", "level": "INFO", "service": "resume-worker", "message": "kern dropped"}
{"timestamp": "2025-12-11T04:17:14.936Z", "level": "DEBUG", "service": "resume-worker", "message": "Took 0.000s to load 'post'"}
{"timestamp": "2025-12-11T04:17:14.938Z", "level": "DEBUG", "service": "resume-worker", "message": "Took 0.000s to prune 'post'"}
{"timestamp": "2025-12-11T04:17:14.938Z", "level": "INFO", "service": "resume-worker", "message": "post pruned"}
{"timestamp": "2025-12-11T04:17:14.939Z", "level": "INFO", "service": "resume-worker", "message": "GPOS dropped"}
{"timestamp": "2025-12-11T04:17:14.940Z", "level": "INFO", "service": "resume-worker", "message": "GSUB dropped"}
{"timestamp": "2025-12-11T04:17:14.940Z", "level": "DEBUG", "service": "resume-worker", "message": "Reading 'glyf' table from disk"}
{"timestamp": "2025-12-11T04:17:14.941Z", "level": "DEBUG", "service": "resume-worker", "message": "Decompiling 'glyf' table"}
{"timestamp": "2025-12-11T04:17:14.942Z", "level": "DEBUG", "service": "resume-worker", "message": "Reading 'loca' table from disk"}
{"timestamp": "2025-12-11T04:17:14.942Z", "level": "DEBUG", "service": "resume-worker", "message": "Decompiling 'loca' table"}
{"timestamp": "2025-12-11T04:17:14.943Z", "level": "DEBUG", "service": "resume-worker", "message": "Reading 'head' table from disk"}
{"timestamp": "2025-12-11T04:17:14.944Z", "level": "DEBUG", "service": "resume-worker", "message": "Decompiling 'head' table"}
{"timestamp": "2025-12-11T04:17:14.947Z", "level": "DEBUG", "service": "resume-worker", "message": "Took 0.007s to load 'glyf'"}
{"timestamp": "2025-12-11T04:17:14.948Z", "level": "DEBUG", "service": "resume-worker", "message": "Took 0.000s to prune 'glyf'"}
{"timestamp": "2025-12-11T04:17:14.949Z", "level": "INFO", "service": "resume-worker", "message": "glyf pruned"}
{"timestamp": "2025-12-11T04:17:14.949Z", "level": "DEBUG", "service": "resume-worker", "message": "Took 0.000s to close glyph list over 'cmap'"}
{"timestamp": "2025-12-11T04:17:14.950Z", "level": "INFO", "service": "resume-worker", "message": "Added gid0 to subset"}
{"timestamp": "2025-12-11T04:17:14.950Z", "level": "INFO", "service": "resume-worker", "message": "Closing glyph list over 'glyf': 7 glyphs before"}
{"timestamp": "2025-12-11T04:17:14.950Z", "level": "INFO", "service": "resume-worker", "message": "Glyph names: ['.notdef', 'G', 'a', 'g', 'l', 'n', 'o']"}
{"timestamp": "2025-12-11T04:17:14.951Z", "level": "INFO", "service": "resume-worker", "message": "Glyph IDs:   [0, 42, 68, 74, 79, 81, 82]"}
{"timestamp": "2025-12-11T04:17:14.951Z", "level": "INFO", "service": "resume-worker", "message": "Closed glyph list over 'glyf': 7 glyphs after"}
{"timestamp": "2025-12-11T04:17:14.952Z", "level": "INFO", "service": "resume-worker", "message": "Glyph names: ['.notdef', 'G', 'a', 'g', 'l', 'n', 'o']"}
{"timestamp": "2025-12-11T04:17:14.965Z", "level": "INFO", "service": "resume-worker", "message": "Glyph IDs:   [0, 42, 68, 74, 79, 81, 82]"}
{"timestamp": "2025-12-11T04:17:14.966Z", "level": "DEBUG", "service": "resume-worker", "message": "Took 0.016s to close glyph list over 'glyf'"}
{"timestamp": "2025-12-11T04:17:14.967Z", "level": "INFO", "service": "resume-worker", "message": "Retaining 7 glyphs"}
{"timestamp": "2025-12-11T04:17:14.969Z", "level": "INFO", "service": "resume-worker", "message": "head subsetting not needed"}
{"timestamp": "2025-12-11T04:17:14.971Z", "level": "INFO", "service": "resume-worker", "message": "hhea subsetting not needed"}
{"timestamp": "2025-12-11T04:17:14.972Z", "level": "INFO", "service": "resume-worker", "message": "maxp subsetting not needed"}
{"timestamp": "2025-12-11T04:17:14.972Z", "level": "INFO", "service": "resume-worker", "message": "OS/2 subsetting not needed"}
{"timestamp": "2025-12-11T04:17:14.973Z", "level": "DEBUG", "service": "resume-worker", "message": "Reading 'hmtx' table from disk"}
{"timestamp": "2025-12-11T04:17:14.974Z", "level": "DEBUG", "service": "resume-worker", "message": "Decompiling 'hmtx' table"}
{"timestamp": "2025-12-11T04:17:14.974Z", "level": "DEBUG", "service": "resume-worker", "message": "Reading 'hhea' table from disk"}
{"timestamp": "2025-12-11T04:17:14.975Z", "level": "DEBUG", "service": "resume-worker", "message": "Decompiling 'hhea' table"}
{"timestamp": "2025-12-11T04:17:14.977Z", "level": "DEBUG", "service": "resume-worker", "message": "Took 0.003s to subset 'hmtx'"}
{"timestamp": "2025-12-11T04:17:14.977Z", "level": "INFO", "service": "resume-worker", "message": "hmtx subsetted"}
{"timestamp": "2025-12-11T04:17:14.978Z", "level": "DEBUG", "service": "resume-worker", "message": "Took 0.000s to subset 'cmap'"}
{"timestamp": "2025-12-11T04:17:14.979Z", "level": "INFO", "service": "resume-worker", "message": "cmap subsetted"}
{"timestamp": "2025-12-11T04:17:14.979Z", "level": "INFO", "service": "resume-worker", "message": "loca subsetting not needed"}
{"timestamp": "2025-12-11T04:17:14.980Z", "level": "DEBUG", "service": "resume-worker", "message": "Took 0.000s to subset 'post'"}
{"timestamp": "2025-12-11T04:17:14.981Z", "level": "INFO", "service": "resume-worker", "message": "post subsetted"}
{"timestamp": "2025-12-11T04:17:14.981Z", "level": "INFO", "service": "resume-worker", "message": "gasp subsetting not needed"}
{"timestamp": "2025-12-11T04:17:14.982Z", "level": "INFO", "service": "resume-worker", "message": "FFTM NOT subset; don't know how to subset"}
{"timestamp": "2025-12-11T04:17:14.984Z", "level": "DEBUG", "service": "resume-worker", "message": "Reading 'GDEF' table from disk"}
{"timestamp": "2025-12-11T04:17:14.985Z", "level": "DEBUG", "service": "resume-worker", "message": "Decompiling 'GDEF' table"}
{"timestamp": "2025-12-11T04:17:14.986Z", "level": "DEBUG", "service": "resume-worker", "message": "Took 0.002s to subset 'GDEF'"}
{"timestamp": "2025-12-11T04:17:14.987Z", "level": "INFO", "service": "resume-worker", "message": "GDEF subsetted"}
{"timestamp": "2025-12-11T04:17:14.987Z", "level": "INFO", "service": "resume-worker", "message": "name subsetting not needed"}
{"timestamp": "2025-12-11T04:17:14.988Z", "level": "DEBUG", "service": "resume-worker", "message": "Took 0.000s to subset 'glyf'"}
{"timestamp": "2025-12-11T04:17:14.988Z", "level": "INFO", "service": "resume-worker", "message": "glyf subsetted"}
{"timestamp": "2025-12-11T04:17:14.989Z", "level": "DEBUG", "service": "resume-worker", "message": "Took 0.000s to subset GlyphOrder"}
{"timestamp": "2025-12-11T04:17:14.989Z", "level": "DEBUG", "service": "resume-worker", "message": "Took 0.000s to prune 'head'"}
{"timestamp": "2025-12-11T04:17:14.990Z", "level": "INFO", "service": "resume-worker", "message": "head pruned"}
{"timestamp": "2025-12-11T04:17:14.990Z", "level": "DEBUG", "service": "resume-worker", "message": "Reading 'OS/2' table from disk"}
{"timestamp": "2025-12-11T04:17:14.991Z", "level": "DEBUG", "service": "resume-worker", "message": "Decompiling 'OS/2' table"}
{"timestamp": "2025-12-11T04:17:14.991Z", "level": "INFO", "service": "resume-worker", "message": "OS/2 Unicode ranges pruned: [0]"}
{"timestamp": "2025-12-11T04:17:14.992Z", "level": "INFO", "service": "resume-worker", "message": "OS/2 CodePage ranges pruned: [0]"}
{"timestamp": "2025-12-11T04:17:14.992Z", "level": "DEBUG", "service": "resume-worker", "message": "Took 0.000s to prune 'glyf'"}
{"timestamp": "2025-12-11T04:17:14.993Z", "level": "INFO", "service": "resume-worker", "message": "glyf pruned"}
{"timestamp": "2025-12-11T04:17:14.993Z", "level": "DEBUG", "service": "resume-worker", "message": "Took 0.000s to prune 'GDEF'"}
{"timestamp": "2025-12-11T04:17:14.994Z", "level": "INFO", "service": "resume-worker", "message": "GDEF pruned"}
{"timestamp": "2025-12-11T04:17:14.994Z", "level": "DEBUG", "service": "resume-worker", "message": "Reading 'name' table from disk"}
{"timestamp": "2025-12-11T04:17:14.994Z", "level": "DEBUG", "service": "resume-worker", "message": "Decompiling 'name' table"}
{"timestamp": "2025-12-11T04:17:14.995Z", "level": "DEBUG", "service": "resume-worker", "message": "Reading 'gasp' table from disk"}
{"timestamp": "2025-12-11T04:17:14.995Z", "level": "DEBUG", "service": "resume-worker", "message": "Decompiling 'gasp' table"}
{"timestamp": "2025-12-11T04:17:14.995Z", "level": "DEBUG", "service": "resume-worker", "message": "Reading 'FFTM' table from disk"}
{"timestamp": "2025-12-11T04:17:14.996Z", "level": "DEBUG", "service": "resume-worker", "message": "Decompiling 'FFTM' table"}
{"timestamp": "2025-12-11T04:17:14.996Z", "level": "DEBUG", "service": "resume-worker", "message": "Took 0.002s to prune 'name'"}
{"timestamp": "2025-12-11T04:17:15.003Z", "level": "INFO", "service": "resume-worker", "message": "name pruned"}
{"timestamp": "2025-12-11T04:17:15.004Z", "level": "DEBUG", "service": "resume-worker", "message": "Compiling 'glyf' table"}
{"timestamp": "2025-12-11T04:17:15.005Z", "level": "DEBUG", "service": "resume-worker", "message": "Writing 'glyf' table to disk"}
{"timestamp": "2025-12-11T04:17:15.006Z", "level": "DEBUG", "service": "resume-worker", "message": "Compiling 'maxp' table"}
{"timestamp": "2025-12-11T04:17:15.008Z", "level": "DEBUG", "service": "resume-worker", "message": "Writing 'maxp' table to disk"}
{"timestamp": "2025-12-11T04:17:15.009Z", "level": "DEBUG", "service": "resume-worker", "message": "Compiling 'loca' table"}
{"timestamp": "2025-12-11T04:17:15.010Z", "level": "DEBUG", "service": "resume-worker", "message": "Writing 'loca' table to disk"}
{"timestamp": "2025-12-11T04:17:15.011Z", "level": "DEBUG", "service": "resume-worker", "message": "Compiling 'head' table"}
{"timestamp": "2025-12-11T04:17:15.012Z", "level": "DEBUG", "service": "resume-worker", "message": "Writing 'head' table to disk"}
{"timestamp": "2025-12-11T04:17:15.012Z", "level": "DEBUG", "service": "resume-worker", "message": "Compiling 'hmtx' table"}
{"timestamp": "2025-12-11T04:17:15.013Z", "level": "DEBUG", "service": "resume-worker", "message": "Writing 'hmtx' table to disk"}
{"timestamp": "2025-12-11T04:17:15.014Z", "level": "DEBUG", "service": "resume-worker", "message": "Compiling 'hhea' table"}
{"timestamp": "2025-12-11T04:17:15.015Z", "level": "DEBUG", "service": "resume-worker", "message": "Writing 'hhea' table to disk"}
{"timestamp": "2025-12-11T04:17:15.015Z", "level": "DEBUG", "service": "resume-worker", "message": "Compiling 'OS/2' table"}
{"timestamp": "2025-12-11T04:17:15.016Z", "level": "DEBUG", "service": "resume-worker", "message": "Writing 'OS/2' table to disk"}
{"timestamp": "2025-12-11T04:17:15.017Z", "level": "DEBUG", "service": "resume-worker", "message": "Compiling 'cmap' table"}
{"timestamp": "2025-12-11T04:17:15.018Z", "level": "DEBUG", "service": "resume-worker", "message": "Writing 'cmap' table to disk"}
{"timestamp": "2025-12-11T04:17:15.019Z", "level": "DEBUG", "service": "resume-worker", "message": "Compiling 'name' table"}
{"timestamp": "2025-12-11T04:17:15.019Z", "level": "DEBUG", "service": "resume-worker", "message": "Writing 'name' table to disk"}
{"timestamp": "2025-12-11T04:17:15.020Z", "level": "DEBUG", "service": "resume-worker", "message": "Compiling 'post' table"}
{"timestamp": "2025-12-11T04:17:15.021Z", "level": "DEBUG", "service": "resume-worker", "message": "Writing 'post' table to disk"}
{"timestamp": "2025-12-11T04:17:15.021Z", "level": "DEBUG", "service": "resume-worker", "message": "Compiling 'gasp' table"}
{"timestamp": "2025-12-11T04:17:15.022Z", "level": "DEBUG", "service": "resume-worker", "message": "Writing 'gasp' table to disk"}
{"timestamp": "2025-12-11T04:17:15.023Z", "level": "DEBUG", "service": "resume-worker", "message": "Compiling 'FFTM' table"}
{"timestamp": "2025-12-11T04:17:15.024Z", "level": "DEBUG", "service": "resume-worker", "message": "Writing 'FFTM' table to disk"}
{"timestamp": "2025-12-11T04:17:15.025Z", "level": "DEBUG", "service": "resume-worker", "message": "Compiling 'GDEF' table"}
{"timestamp": "2025-12-11T04:17:15.025Z", "level": "DEBUG", "service": "resume-worker", "message": "Writing 'GDEF' table to disk"}
{"timestamp": "2025-12-11T04:17:15.028Z", "level": "DEBUG", "service": "resume-worker", "message": "STREAM b'IHDR' 16 13"}
{"timestamp": "2025-12-11T04:17:15.029Z", "level": "DEBUG", "service": "resume-worker", "message": "STREAM b'IDAT' 41 1696"}
{"timestamp": "2025-12-11T04:17:15.031Z", "level": "DEBUG", "service": "resume-worker", "message": "STREAM b'IHDR' 16 13"}
{"timestamp": "2025-12-11T04:17:15.032Z", "level": "DEBUG", "service": "resume-worker", "message": "STREAM b'IDAT' 41 2552"}
{"timestamp": "2025-12-11T04:17:15.033Z", "level": "DEBUG", "service": "resume-worker", "message": "STREAM b'IHDR' 16 13"}
{"timestamp": "2025-12-11T04:17:15.034Z", "level": "DEBUG", "service": "resume-worker", "message": "STREAM b'IDAT' 41 4072"}
{"timestamp": "2025-12-11T04:17:15.036Z", "level": "DEBUG", "service": "resume-worker", "message": "STREAM b'IHDR' 16 13"}
{"timestamp": "2025-12-11T04:17:15.038Z", "level": "DEBUG", "service": "resume-worker", "message": "STREAM b'IDAT' 41 2475"}
{"timestamp": "2025-12-11T04:17:15.040Z", "level": "DEBUG", "service": "resume-worker", "message": "STREAM b'IHDR' 16 13"}
{"timestamp": "2025-12-11T04:17:15.040Z", "level": "DEBUG", "service": "resume-worker", "message": "STREAM b'IDAT' 41 9077"}
{"timestamp": "2025-12-11T04:17:15.044Z", "level": "DEBUG", "service": "resume-worker", "message": "STREAM b'IHDR' 16 13"}
{"timestamp": "2025-12-11T04:17:15.045Z", "level": "DEBUG", "service": "resume-worker", "message": "STREAM b'IDAT' 41 14505"}
{"timestamp": "2025-12-11T04:17:15.049Z", "level": "DEBUG", "service": "resume-worker", "message": "STREAM b'IHDR' 16 13"}
{"timestamp": "2025-12-11T04:17:15.049Z", "level": "DEBUG", "service": "resume-worker", "message": "STREAM b'IDAT' 41 3693"}
{"timestamp": "2025-12-11T04:17:15.052Z", "level": "DEBUG", "service": "resume-worker", "message": "STREAM b'IHDR' 16 13"}
{"timestamp": "2025-12-11T04:17:15.053Z", "level": "DEBUG", "service": "resume-worker", "message": "STREAM b'IDAT' 41 7820"}
{"timestamp": "2025-12-11T04:17:15.057Z", "level": "DEBUG", "service": "resume-worker", "message": "STREAM b'IHDR' 16 13"}
{"timestamp": "2025-12-11T04:17:15.058Z", "level": "DEBUG", "service": "resume-worker", "message": "STREAM b'IDAT' 41 4518"}
{"timestamp": "2025-12-11T04:17:15.061Z", "level": "DEBUG", "service": "resume-worker", "message": "STREAM b'IHDR' 16 13"}
{"timestamp": "2025-12-11T04:17:15.062Z", "level": "DEBUG", "service": "resume-worker", "message": "STREAM b'IDAT' 41 3407"}
{"timestamp": "2025-12-11T04:17:15.122Z", "level": "DEBUG", "service": "resume-worker", "message": "PDF generated successfully with base_url"}
{"timestamp": "2025-12-11T04:17:15.125Z", "level": "INFO", "service": "resume-worker", "message": "Resume generated: /app/output/resume_Desenvolvedor_Backend_-_Python_20251211_041713.pdf (83737 bytes)"}
{"timestamp": "2025-12-11T04:17:15.128Z", "level": "INFO", "service": "resume-worker", "message": "Resume generation completed", "context": {"job_id": "e978a8a4-fe6c-4182-9b7b-9d271d84c20b", "user_id": "6ad0d828-f605-45fc-a545-3441e17a015c", "duration_ms": 2015, "file_size": 83737, "output_path": "/app/output/resume_Desenvolvedor_Backend_-_Python_20251211_041713.pdf"}}
{"timestamp": "2025-12-11T04:24:33.700Z", "level": "INFO", "service": "resume-worker", "message": "Starting resume generation worker"}
{"timestamp": "2025-12-11T04:24:33.716Z", "level": "INFO", "service": "resume-worker", "message": "Connected to Redis", "context": {"redis_url": "redis://redis:6379/0"}}
{"timestamp": "2025-12-11T04:24:33.783Z", "level": "INFO", "service": "resume-worker", "message": "Database connection established"}
{"timestamp": "2025-12-11T04:24:33.828Z", "level": "INFO", "service": "resume-worker", "message": "Translation helper database connection established"}
{"timestamp": "2025-12-11T04:24:33.831Z", "level": "INFO", "service": "resume-worker", "message": "Resume generation worker started"}
{"timestamp": "2025-12-11T04:24:39.086Z", "level": "INFO", "service": "resume-worker", "message": "Processing resume generation job", "context": {"job_id": "822df913-7d66-494e-849e-cb0200c336ff", "user_id": "6ad0d828-f605-45fc-a545-3441e17a015c", "job_application_id": "23039927-0434-430c-bcf6-42502251a23b"}}
{"timestamp": "2025-12-11T04:24:39.089Z", "level": "INFO", "service": "resume-worker", "message": "Generating resume for user 6ad0d828-f605-45fc-a545-3441e17a015c, job: Desenvolvedor Backend - Python"}
{"timestamp": "2025-12-11T04:24:39.101Z", "level": "INFO", "service": "resume-worker", "message": "Extracted keywords: {'tech_categories': ['backend', 'language'], 'cert_categories': ['programming'], 'skill_names': ['Python']}"}
{"timestamp": "2025-12-11T04:24:39.131Z", "level": "INFO", "service": "resume-worker", "message": "Found 13 relevant projects"}
{"timestamp": "2025-12-11T04:24:39.151Z", "level": "INFO", "service": "resume-worker", "message": "Found 1 relevant certifications"}
{"timestamp": "2025-12-11T04:24:39.157Z", "level": "INFO", "service": "resume-worker", "message": "Found 4 publications"}
{"timestamp": "2025-12-11T04:24:39.164Z", "level": "INFO", "service": "resume-worker", "message": "Generating resume sections with AI..."}
{"timestamp": "2025-12-11T04:24:39.171Z", "level": "DEBUG", "service": "resume-worker", "message": "Starting new HTTP connection (1): ai-service:8000"}
{"timestamp": "2025-12-11T04:24:41.744Z", "level": "DEBUG", "service": "resume-worker", "message": "http://ai-service:8000 \"POST /v1/chat HTTP/1.1\" 200 967"}
{"timestamp": "2025-12-11T04:24:41.747Z", "level": "DEBUG", "service": "resume-worker", "message": "Starting new HTTP connection (1): ai-service:8000"}
{"timestamp": "2025-12-11T04:24:45.549Z", "level": "DEBUG", "service": "resume-worker", "message": "http://ai-service:8000 \"POST /v1/chat HTTP/1.1\" 200 747"}
{"timestamp": "2025-12-11T04:24:45.551Z", "level": "DEBUG", "service": "resume-worker", "message": "Starting new HTTP connection (1): ai-service:8000"}
{"timestamp": "2025-12-11T04:24:56.152Z", "level": "DEBUG", "service": "resume-worker", "message": "http://ai-service:8000 \"POST /v1/chat HTTP/1.1\" 200 2926"}
{"timestamp": "2025-12-11T04:24:56.155Z", "level": "DEBUG", "service": "resume-worker", "message": "Starting new HTTP connection (1): ai-service:8000"}
{"timestamp": "2025-12-11T04:25:00.535Z", "level": "DEBUG", "service": "resume-worker", "message": "http://ai-service:8000 \"POST /v1/chat HTTP/1.1\" 200 710"}
{"timestamp": "2025-12-11T04:25:00.537Z", "level": "DEBUG", "service": "resume-worker", "message": "Starting new HTTP connection (1): ai-service:8000"}
{"timestamp": "2025-12-11T04:25:06.800Z", "level": "DEBUG", "service": "resume-worker", "message": "http://ai-service:8000 \"POST /v1/chat HTTP/1.1\" 200 1212"}
{"timestamp": "2025-12-11T04:25:06.802Z", "level": "INFO", "service": "resume-worker", "message": "Hard skills generated: 1087 characters"}
{"timestamp": "2025-12-11T04:25:06.803Z", "level": "INFO", "service": "resume-worker", "message": "Generating tags..."}
{"timestamp": "2025-12-11T04:25:06.805Z", "level": "DEBUG", "service": "resume-worker", "message": "Starting new HTTP connection (1): ai-service:8000"}
{"timestamp": "2025-12-11T04:25:09.743Z", "level": "DEBUG", "service": "resume-worker", "message": "http://ai-service:8000 \"POST /v1/chat HTTP/1.1\" 200 82"}
{"timestamp": "2025-12-11T04:25:09.744Z", "level": "INFO", "service": "resume-worker", "message": "Generated 7 tags: python, golang, docker, aws, git, postgresql, ci-cd"}
{"timestamp": "2025-12-11T04:25:09.828Z", "level": "WARNING", "service": "resume-worker", "message": "Ignored `filter: grayscale(0.7)` at 397:5, unknown property."}
{"timestamp": "2025-12-11T04:25:10.658Z", "level": "DEBUG", "service": "resume-worker", "message": "STREAM b'IHDR' 16 13"}
{"timestamp": "2025-12-11T04:25:10.659Z", "level": "DEBUG", "service": "resume-worker", "message": "STREAM b'PLTE' 41 87"}
{"timestamp": "2025-12-11T04:25:10.659Z", "level": "DEBUG", "service": "resume-worker", "message": "STREAM b'tRNS' 140 29"}
{"timestamp": "2025-12-11T04:25:10.660Z", "level": "DEBUG", "service": "resume-worker", "message": "STREAM b'IDAT' 181 539"}
{"timestamp": "2025-12-11T04:25:10.665Z", "level": "DEBUG", "service": "resume-worker", "message": "STREAM b'IHDR' 16 13"}
{"timestamp": "2025-12-11T04:25:10.666Z", "level": "DEBUG", "service": "resume-worker", "message": "STREAM b'PLTE' 41 84"}
{"timestamp": "2025-12-11T04:25:10.667Z", "level": "DEBUG", "service": "resume-worker", "message": "STREAM b'tRNS' 137 13"}
{"timestamp": "2025-12-11T04:25:10.667Z", "level": "DEBUG", "service": "resume-worker", "message": "STREAM b'IDAT' 162 865"}
{"timestamp": "2025-12-11T04:25:10.671Z", "level": "DEBUG", "service": "resume-worker", "message": "STREAM b'IHDR' 16 13"}
{"timestamp": "2025-12-11T04:25:10.672Z", "level": "DEBUG", "service": "resume-worker", "message": "STREAM b'PLTE' 41 117"}
{"timestamp": "2025-12-11T04:25:10.673Z", "level": "DEBUG", "service": "resume-worker", "message": "STREAM b'tRNS' 170 38"}
{"timestamp": "2025-12-11T04:25:10.673Z", "level": "DEBUG", "service": "resume-worker", "message": "STREAM b'IDAT' 220 1330"}
{"timestamp": "2025-12-11T04:25:10.716Z", "level": "DEBUG", "service": "resume-worker", "message": "STREAM b'IHDR' 16 13"}
{"timestamp": "2025-12-11T04:25:10.718Z", "level": "DEBUG", "service": "resume-worker", "message": "STREAM b'PLTE' 41 66"}
{"timestamp": "2025-12-11T04:25:10.718Z", "level": "DEBUG", "service": "resume-worker", "message": "STREAM b'tRNS' 119 18"}
{"timestamp": "2025-12-11T04:25:10.719Z", "level": "DEBUG", "service": "resume-worker", "message": "STREAM b'IDAT' 149 854"}
{"timestamp": "2025-12-11T04:25:10.727Z", "level": "DEBUG", "service": "resume-worker", "message": "STREAM b'IHDR' 16 13"}
{"timestamp": "2025-12-11T04:25:10.729Z", "level": "DEBUG", "service": "resume-worker", "message": "STREAM b'PLTE' 41 699"}
{"timestamp": "2025-12-11T04:25:10.729Z", "level": "DEBUG", "service": "resume-worker", "message": "STREAM b'tRNS' 752 233"}
{"timestamp": "2025-12-11T04:25:10.730Z", "level": "DEBUG", "service": "resume-worker", "message": "STREAM b'IDAT' 997 3340"}
{"timestamp": "2025-12-11T04:25:10.735Z", "level": "DEBUG", "service": "resume-worker", "message": "STREAM b'IHDR' 16 13"}
{"timestamp": "2025-12-11T04:25:10.735Z", "level": "DEBUG", "service": "resume-worker", "message": "STREAM b'PLTE' 41 684"}
{"timestamp": "2025-12-11T04:25:10.736Z", "level": "DEBUG", "service": "resume-worker", "message": "STREAM b'tRNS' 737 228"}
{"timestamp": "2025-12-11T04:25:10.737Z", "level": "DEBUG", "service": "resume-worker", "message": "STREAM b'IDAT' 977 4822"}
{"timestamp": "2025-12-11T04:25:10.743Z", "level": "DEBUG", "service": "resume-worker", "message": "STREAM b'IHDR' 16 13"}
{"timestamp": "2025-12-11T04:25:10.744Z", "level": "DEBUG", "service": "resume-worker", "message": "STREAM b'PLTE' 41 402"}
{"timestamp": "2025-12-11T04:25:10.745Z", "level": "DEBUG", "service": "resume-worker", "message": "STREAM b'tRNS' 455 134"}
{"timestamp": "2025-12-11T04:25:10.745Z", "level": "DEBUG", "service": "resume-worker", "message": "STREAM b'IDAT' 601 1574"}
{"timestamp": "2025-12-11T04:25:10.750Z", "level": "DEBUG", "service": "resume-worker", "message": "STREAM b'IHDR' 16 13"}
{"timestamp": "2025-12-11T04:25:10.751Z", "level": "DEBUG", "service": "resume-worker", "message": "STREAM b'PLTE' 41 714"}
{"timestamp": "2025-12-11T04:25:10.751Z", "level": "DEBUG", "service": "resume-worker", "message": "STREAM b'tRNS' 767 238"}
{"timestamp": "2025-12-11T04:25:10.752Z", "level": "DEBUG", "service": "resume-worker", "message": "STREAM b'IDAT' 1017 2940"}
{"timestamp": "2025-12-11T04:25:10.758Z", "level": "DEBUG", "service": "resume-worker", "message": "STREAM b'IHDR' 16 13"}
{"timestamp": "2025-12-11T04:25:10.759Z", "level": "DEBUG", "service": "resume-worker", "message": "STREAM b'PLTE' 41 270"}
{"timestamp": "2025-12-11T04:25:10.760Z", "level": "DEBUG", "service": "resume-worker", "message": "STREAM b'tRNS' 323 90"}
{"timestamp": "2025-12-11T04:25:10.761Z", "level": "DEBUG", "service": "resume-worker", "message": "STREAM b'IDAT' 425 1504"}
{"timestamp": "2025-12-11T04:25:10.764Z", "level": "DEBUG", "service": "resume-worker", "message": "STREAM b'IHDR' 16 13"}
{"timestamp": "2025-12-11T04:25:10.765Z", "level": "DEBUG", "service": "resume-worker", "message": "STREAM b'PLTE' 41 276"}
{"timestamp": "2025-12-11T04:25:10.766Z", "level": "DEBUG", "service": "resume-worker", "message": "STREAM b'tRNS' 329 92"}
{"timestamp": "2025-12-11T04:25:10.766Z", "level": "DEBUG", "service": "resume-worker", "message": "STREAM b'IDAT' 433 1343"}
{"timestamp": "2025-12-11T04:25:10.789Z", "level": "DEBUG", "service": "resume-worker", "message": "Reading 'maxp' table from disk"}
{"timestamp": "2025-12-11T04:25:10.791Z", "level": "DEBUG", "service": "resume-worker", "message": "Decompiling 'maxp' table"}
{"timestamp": "2025-12-11T04:25:10.794Z", "level": "DEBUG", "service": "resume-worker", "message": "Took 0.005s to load 'maxp'"}
{"timestamp": "2025-12-11T04:25:10.795Z", "level": "DEBUG", "service": "resume-worker", "message": "Took 0.000s to prune 'maxp'"}
{"timestamp": "2025-12-11T04:25:10.796Z", "level": "INFO", "service": "resume-worker", "message": "maxp pruned"}
{"timestamp": "2025-12-11T04:25:10.798Z", "level": "DEBUG", "service": "resume-worker", "message": "Reading 'cmap' table from disk"}
{"timestamp": "2025-12-11T04:25:10.799Z", "level": "DEBUG", "service": "resume-worker", "message": "Decompiling 'cmap' table"}
{"timestamp": "2025-12-11T04:25:10.803Z", "level": "DEBUG", "service": "resume-worker", "message": "Reading 'post' table from disk"}
{"timestamp": "2025-12-11T04:25:10.804Z", "level": "DEBUG", "service": "resume-worker", "message": "Decompiling 'post' table"}
{"timestamp": "2025-12-11T04:25:10.812Z", "level": "DEBUG", "service": "resume-worker", "message": "Took 0.014s to load 'cmap'"}
{"timestamp": "2025-12-11T04:25:10.813Z", "level": "DEBUG", "service": "resume-worker", "message": "Took 0.000s to prune 'cmap'"}
{"timestamp": "2025-12-11T04:25:10.814Z", "level": "INFO", "service": "resume-worker", "message": "cmap pruned"}
{"timestamp": "2025-12-11T04:25:10.814Z", "level": "INFO", "service": "resume-worker", "message": "fpgm dropped"}
{"timestamp": "2025-12-11T04:25:10.815Z", "level": "INFO", "service": "resume-worker", "message": "prep dropped"}
{"timestamp": "2025-12-11T04:25:10.816Z", "level": "INFO", "service": "resume-worker", "message": "cvt  dropped"}
{"timestamp": "2025-12-11T04:25:10.817Z", "level": "INFO", "service": "resume-worker", "message": "kern dropped"}
{"timestamp": "2025-12-11T04:25:10.817Z", "level": "DEBUG", "service": "resume-worker", "message": "Took 0.000s to load 'post'"}
{"timestamp": "2025-12-11T04:25:10.818Z", "level": "DEBUG", "service": "resume-worker", "message": "Took 0.000s to prune 'post'"}
{"timestamp": "2025-12-11T04:25:10.818Z", "level": "INFO", "service": "resume-worker", "message": "post pruned"}
{"timestamp": "2025-12-11T04:25:10.820Z", "level": "INFO", "service": "resume-worker", "message": "GPOS dropped"}
{"timestamp": "2025-12-11T04:25:10.820Z", "level": "INFO", "service": "resume-worker", "message": "GSUB dropped"}
{"timestamp": "2025-12-11T04:25:10.820Z", "level": "DEBUG", "service": "resume-worker", "message": "Reading 'glyf' table from disk"}
{"timestamp": "2025-12-11T04:25:10.821Z", "level": "DEBUG", "service": "resume-worker", "message": "Decompiling 'glyf' table"}
{"timestamp": "2025-12-11T04:25:10.822Z", "level": "DEBUG", "service": "resume-worker", "message": "Reading 'loca' table from disk"}
{"timestamp": "2025-12-11T04:25:10.822Z", "level": "DEBUG", "service": "resume-worker", "message": "Decompiling 'loca' table"}
{"timestamp": "2025-12-11T04:25:10.823Z", "level": "DEBUG", "service": "resume-worker", "message": "Reading 'head' table from disk"}
{"timestamp": "2025-12-11T04:25:10.823Z", "level": "DEBUG", "service": "resume-worker", "message": "Decompiling 'head' table"}
{"timestamp": "2025-12-11T04:25:10.831Z", "level": "DEBUG", "service": "resume-worker", "message": "Took 0.011s to load 'glyf'"}
{"timestamp": "2025-12-11T04:25:10.832Z", "level": "DEBUG", "service": "resume-worker", "message": "Took 0.000s to prune 'glyf'"}
{"timestamp": "2025-12-11T04:25:10.833Z", "level": "INFO", "service": "resume-worker", "message": "glyf pruned"}
{"timestamp": "2025-12-11T04:25:10.834Z", "level": "DEBUG", "service": "resume-worker", "message": "Took 0.000s to close glyph list over 'cmap'"}
{"timestamp": "2025-12-11T04:25:10.835Z", "level": "INFO", "service": "resume-worker", "message": "Added gid0 to subset"}
{"timestamp": "2025-12-11T04:25:10.836Z", "level": "INFO", "service": "resume-worker", "message": "Closing glyph list over 'glyf': 49 glyphs before"}
{"timestamp": "2025-12-11T04:25:10.836Z", "level": "INFO", "service": "resume-worker", "message": "Glyph names: ['.notdef', 'A', 'B', 'C', 'D', 'E', 'G', 'H', 'J', 'K', 'L', 'M', 'O', 'P', 'Q', 'R', 'S', 'T', 'V', 'W', 'a', 'b', 'c', 'colon', 'd', 'e', 'f', 'fi', 'g', 'h', 'hyphen', 'i', 'j', 'k', 'l', 'm', 'n', 'o', 'p', 'r', 's', 'space', 't', 'u', 'v', 'w', 'x', 'y', 'z']"}
{"timestamp": "2025-12-11T04:25:10.838Z", "level": "INFO", "service": "resume-worker", "message": "Glyph IDs:   [0, 3, 16, 29, 36, 37, 38, 39, 40, 42, 43, 45, 46, 47, 48, 50, 51, 52, 53, 54, 55, 57, 58, 68, 69, 70, 71, 72, 73, 74, 75, 76, 77, 78, 79, 80, 81, 82, 83, 85, 86, 87, 88, 89, 90, 91, 92, 93, 5038]"}
{"timestamp": "2025-12-11T04:25:10.839Z", "level": "INFO", "service": "resume-worker", "message": "Closed glyph list over 'glyf': 49 glyphs after"}
{"timestamp": "2025-12-11T04:25:10.840Z", "level": "INFO", "service": "resume-worker", "message": "Glyph names: ['.notdef', 'A', 'B', 'C', 'D', 'E', 'G', 'H', 'J', 'K', 'L', 'M', 'O', 'P', 'Q', 'R', 'S', 'T', 'V', 'W', 'a', 'b', 'c', 'colon', 'd', 'e', 'f', 'fi', 'g', 'h', 'hyphen', 'i', 'j', 'k', 'l', 'm', 'n', 'o', 'p', 'r', 's', 'space', 't', 'u', 'v', 'w', 'x', 'y', 'z']"}
{"timestamp": "2025-12-11T04:25:10.840Z", "level": "INFO", "service": "resume-worker", "message": "Glyph IDs:   [0, 3, 16, 29, 36, 37, 38, 39, 40, 42, 43, 45, 46, 47, 48, 50, 51, 52, 53, 54, 55, 57, 58, 68, 69, 70, 71, 72, 73, 74, 75, 76, 77, 78, 79, 80, 81, 82, 83, 85, 86, 87, 88, 89, 90, 91, 92, 93, 5038]"}
{"timestamp": "2025-12-11T04:25:10.841Z", "level": "DEBUG", "service": "resume-worker", "message": "Took 0.006s to close glyph list over 'glyf'"}
{"timestamp": "2025-12-11T04:25:10.845Z", "level": "INFO", "service": "resume-worker", "message": "Retaining 49 glyphs"}
{"timestamp": "2025-12-11T04:25:10.847Z", "level": "INFO", "service": "resume-worker", "message": "head subsetting not needed"}
{"timestamp": "2025-12-11T04:25:10.848Z", "level": "INFO", "service": "resume-worker", "message": "hhea subsetting not needed"}
{"timestamp": "2025-12-11T04:25:10.848Z", "level": "INFO", "service": "resume-worker", "message": "maxp subsetting not needed"}
{"timestamp": "2025-12-11T04:25:10.849Z", "level": "INFO", "service": "resume-worker", "message": "OS/2 subsetting not needed"}
{"timestamp": "2025-12-11T04:25:10.849Z", "level": "DEBUG", "service": "resume-worker", "message": "Reading 'hmtx' table from disk"}
{"timestamp": "2025-12-11T04:25:10.849Z", "level": "DEBUG", "service": "resume-worker", "message": "Decompiling 'hmtx' table"}
{"timestamp": "2025-12-11T04:25:10.850Z", "level": "DEBUG", "service": "resume-worker", "message": "Reading 'hhea' table from disk"}
{"timestamp": "2025-12-11T04:25:10.851Z", "level": "DEBUG", "service": "resume-worker", "message": "Decompiling 'hhea' table"}
{"timestamp": "2025-12-11T04:25:10.888Z", "level": "DEBUG", "service": "resume-worker", "message": "Took 0.039s to subset 'hmtx'"}
{"timestamp": "2025-12-11T04:25:10.890Z", "level": "INFO", "service": "resume-worker", "message": "hmtx subsetted"}
{"timestamp": "2025-12-11T04:25:10.892Z", "level": "DEBUG", "service": "resume-worker", "message": "Took 0.001s to subset 'cmap'"}
{"timestamp": "2025-12-11T04:25:10.893Z", "level": "INFO", "service": "resume-worker", "message": "cmap subsetted"}
{"timestamp": "2025-12-11T04:25:10.894Z", "level": "INFO", "service": "resume-worker", "message": "loca subsetting not needed"}
{"timestamp": "2025-12-11T04:25:10.896Z", "level": "DEBUG", "service": "resume-worker", "message": "Took 0.000s to subset 'post'"}
{"timestamp": "2025-12-11T04:25:10.897Z", "level": "INFO", "service": "resume-worker", "message": "post subsetted"}
{"timestamp": "2025-12-11T04:25:10.898Z", "level": "INFO", "service": "resume-worker", "message": "gasp subsetting not needed"}
{"timestamp": "2025-12-11T04:25:10.898Z", "level": "INFO", "service": "resume-worker", "message": "FFTM NOT subset; don't know how to subset"}
{"timestamp": "2025-12-11T04:25:10.899Z", "level": "DEBUG", "service": "resume-worker", "message": "Reading 'GDEF' table from disk"}
{"timestamp": "2025-12-11T04:25:10.900Z", "level": "DEBUG", "service": "resume-worker", "message": "Decompiling 'GDEF' table"}
{"timestamp": "2025-12-11T04:25:10.902Z", "level": "DEBUG", "service": "resume-worker", "message": "Took 0.003s to subset 'GDEF'"}
{"timestamp": "2025-12-11T04:25:10.903Z", "level": "INFO", "service": "resume-worker", "message": "GDEF subsetted"}
{"timestamp": "2025-12-11T04:25:10.904Z", "level": "INFO", "service": "resume-worker", "message": "name subsetting not needed"}
{"timestamp": "2025-12-11T04:25:10.907Z", "level": "DEBUG", "service": "resume-worker", "message": "Took 0.002s to subset 'glyf'"}
{"timestamp": "2025-12-11T04:25:10.908Z", "level": "INFO", "service": "resume-worker", "message": "glyf subsetted"}
{"timestamp": "2025-12-11T04:25:10.909Z", "level": "DEBUG", "service": "resume-worker", "message": "Took 0.000s to subset GlyphOrder"}
{"timestamp": "2025-12-11T04:25:10.910Z", "level": "DEBUG", "service": "resume-worker", "message": "Took 0.000s to prune 'head'"}
{"timestamp": "2025-12-11T04:25:10.910Z", "level": "INFO", "service": "resume-worker", "message": "head pruned"}
{"timestamp": "2025-12-11T04:25:10.912Z", "level": "DEBUG", "service": "resume-worker", "message": "Reading 'OS/2' table from disk"}
{"timestamp": "2025-12-11T04:25:10.913Z", "level": "DEBUG", "service": "resume-worker", "message": "Decompiling 'OS/2' table"}
{"timestamp": "2025-12-11T04:25:10.917Z", "level": "INFO", "service": "resume-worker", "message": "OS/2 Unicode ranges pruned: [0, 62]"}
{"timestamp": "2025-12-11T04:25:10.918Z", "level": "INFO", "service": "resume-worker", "message": "OS/2 CodePage ranges pruned: [0]"}
{"timestamp": "2025-12-11T04:25:10.919Z", "level": "DEBUG", "service": "resume-worker", "message": "Took 0.001s to prune 'glyf'"}
{"timestamp": "2025-12-11T04:25:10.920Z", "level": "INFO", "service": "resume-worker", "message": "glyf pruned"}
{"timestamp": "2025-12-11T04:25:10.921Z", "level": "DEBUG", "service": "resume-worker", "message": "Took 0.000s to prune 'GDEF'"}
{"timestamp": "2025-12-11T04:25:10.923Z", "level": "INFO", "service": "resume-worker", "message": "GDEF pruned"}
{"timestamp": "2025-12-11T04:25:10.924Z", "level": "DEBUG", "service": "resume-worker", "message": "Reading 'name' table from disk"}
{"timestamp": "2025-12-11T04:25:10.924Z", "level": "DEBUG", "service": "resume-worker", "message": "Decompiling 'name' table"}
{"timestamp": "2025-12-11T04:25:10.925Z", "level": "DEBUG", "service": "resume-worker", "message": "Reading 'gasp' table from disk"}
{"timestamp": "2025-12-11T04:25:10.926Z", "level": "DEBUG", "service": "resume-worker", "message": "Decompiling 'gasp' table"}
{"timestamp": "2025-12-11T04:25:10.927Z", "level": "DEBUG", "service": "resume-worker", "message": "Reading 'FFTM' table from disk"}
{"timestamp": "2025-12-11T04:25:10.927Z", "level": "DEBUG", "service": "resume-worker", "message": "Decompiling 'FFTM' table"}
{"timestamp": "2025-12-11T04:25:10.928Z", "level": "DEBUG", "service": "resume-worker", "message": "Took 0.005s to prune 'name'"}
{"timestamp": "2025-12-11T04:25:10.929Z", "level": "INFO", "service": "resume-worker", "message": "name pruned"}
{"timestamp": "2025-12-11T04:25:10.931Z", "level": "DEBUG", "service": "resume-worker", "message": "Compiling 'glyf' table"}
{"timestamp": "2025-12-11T04:25:10.940Z", "level": "DEBUG", "service": "resume-worker", "message": "Writing 'glyf' table to disk"}
{"timestamp": "2025-12-11T04:25:10.941Z", "level": "DEBUG", "service": "resume-worker", "message": "Compiling 'maxp' table"}
{"timestamp": "2025-12-11T04:25:10.943Z", "level": "DEBUG", "service": "resume-worker", "message": "Writing 'maxp' table to disk"}
{"timestamp": "2025-12-11T04:25:10.944Z", "level": "DEBUG", "service": "resume-worker", "message": "Compiling 'loca' table"}
{"timestamp": "2025-12-11T04:25:10.946Z", "level": "DEBUG", "service": "resume-worker", "message": "Writing 'loca' table to disk"}
{"timestamp": "2025-12-11T04:25:10.947Z", "level": "DEBUG", "service": "resume-worker", "message": "Compiling 'head' table"}
{"timestamp": "2025-12-11T04:25:10.948Z", "level": "DEBUG", "service": "resume-worker", "message": "Writing 'head' table to disk"}
{"timestamp": "2025-12-11T04:25:10.949Z", "level": "DEBUG", "service": "resume-worker", "message": "Compiling 'hmtx' table"}
{"timestamp": "2025-12-11T04:25:10.954Z", "level": "DEBUG", "service": "resume-worker", "message": "Writing 'hmtx' table to disk"}
{"timestamp": "2025-12-11T04:25:10.955Z", "level": "DEBUG", "service": "resume-worker", "message": "Compiling 'hhea' table"}
{"timestamp": "2025-12-11T04:25:10.957Z", "level": "DEBUG", "service": "resume-worker", "message": "Writing 'hhea' table to disk"}
{"timestamp": "2025-12-11T04:25:10.958Z", "level": "DEBUG", "service": "resume-worker", "message": "Compiling 'OS/2' table"}
{"timestamp": "2025-12-11T04:25:10.959Z", "level": "DEBUG", "service": "resume-worker", "message": "Writing 'OS/2' table to disk"}
{"timestamp": "2025-12-11T04:25:10.960Z", "level": "DEBUG", "service": "resume-worker", "message": "Compiling 'cmap' table"}
{"timestamp": "2025-12-11T04:25:10.962Z", "level": "DEBUG", "service": "resume-worker", "message": "Writing 'cmap' table to disk"}
{"timestamp": "2025-12-11T04:25:10.963Z", "level": "DEBUG", "service": "resume-worker", "message": "Compiling 'name' table"}
{"timestamp": "2025-12-11T04:25:10.964Z", "level": "DEBUG", "service": "resume-worker", "message": "Writing 'name' table to disk"}
{"timestamp": "2025-12-11T04:25:10.964Z", "level": "DEBUG", "service": "resume-worker", "message": "Compiling 'post' table"}
{"timestamp": "2025-12-11T04:25:10.965Z", "level": "DEBUG", "service": "resume-worker", "message": "Writing 'post' table to disk"}
{"timestamp": "2025-12-11T04:25:10.966Z", "level": "DEBUG", "service": "resume-worker", "message": "Compiling 'gasp' table"}
{"timestamp": "2025-12-11T04:25:10.967Z", "level": "DEBUG", "service": "resume-worker", "message": "Writing 'gasp' table to disk"}
{"timestamp": "2025-12-11T04:25:10.968Z", "level": "DEBUG", "service": "resume-worker", "message": "Compiling 'FFTM' table"}
{"timestamp": "2025-12-11T04:25:10.969Z", "level": "DEBUG", "service": "resume-worker", "message": "Writing 'FFTM' table to disk"}
{"timestamp": "2025-12-11T04:25:10.970Z", "level": "DEBUG", "service": "resume-worker", "message": "Compiling 'GDEF' table"}
{"timestamp": "2025-12-11T04:25:10.971Z", "level": "DEBUG", "service": "resume-worker", "message": "Writing 'GDEF' table to disk"}
{"timestamp": "2025-12-11T04:25:10.973Z", "level": "DEBUG", "service": "resume-worker", "message": "Reading 'maxp' table from disk"}
{"timestamp": "2025-12-11T04:25:10.974Z", "level": "DEBUG", "service": "resume-worker", "message": "Decompiling 'maxp' table"}
{"timestamp": "2025-12-11T04:25:10.974Z", "level": "DEBUG", "service": "resume-worker", "message": "Took 0.001s to load 'maxp'"}
{"timestamp": "2025-12-11T04:25:10.975Z", "level": "DEBUG", "service": "resume-worker", "message": "Took 0.000s to prune 'maxp'"}
{"timestamp": "2025-12-11T04:25:10.976Z", "level": "INFO", "service": "resume-worker", "message": "maxp pruned"}
{"timestamp": "2025-12-11T04:25:10.976Z", "level": "DEBUG", "service": "resume-worker", "message": "Reading 'cmap' table from disk"}
{"timestamp": "2025-12-11T04:25:10.977Z", "level": "DEBUG", "service": "resume-worker", "message": "Decompiling 'cmap' table"}
{"timestamp": "2025-12-11T04:25:10.979Z", "level": "DEBUG", "service": "resume-worker", "message": "Reading 'post' table from disk"}
{"timestamp": "2025-12-11T04:25:10.980Z", "level": "DEBUG", "service": "resume-worker", "message": "Decompiling 'post' table"}
{"timestamp": "2025-12-11T04:25:10.988Z", "level": "DEBUG", "service": "resume-worker", "message": "Took 0.011s to load 'cmap'"}
{"timestamp": "2025-12-11T04:25:10.988Z", "level": "DEBUG", "service": "resume-worker", "message": "Took 0.000s to prune 'cmap'"}
{"timestamp": "2025-12-11T04:25:10.989Z", "level": "INFO", "service": "resume-worker", "message": "cmap pruned"}
{"timestamp": "2025-12-11T04:25:10.990Z", "level": "INFO", "service": "resume-worker", "message": "fpgm dropped"}
{"timestamp": "2025-12-11T04:25:10.991Z", "level": "INFO", "service": "resume-worker", "message": "prep dropped"}
{"timestamp": "2025-12-11T04:25:10.992Z", "level": "INFO", "service": "resume-worker", "message": "cvt  dropped"}
{"timestamp": "2025-12-11T04:25:10.994Z", "level": "INFO", "service": "resume-worker", "message": "kern dropped"}
{"timestamp": "2025-12-11T04:25:10.994Z", "level": "DEBUG", "service": "resume-worker", "message": "Took 0.000s to load 'post'"}
{"timestamp": "2025-12-11T04:25:10.995Z", "level": "DEBUG", "service": "resume-worker", "message": "Took 0.000s to prune 'post'"}
{"timestamp": "2025-12-11T04:25:10.996Z", "level": "INFO", "service": "resume-worker", "message": "post pruned"}
{"timestamp": "2025-12-11T04:25:10.996Z", "level": "INFO", "service": "resume-worker", "message": "GPOS dropped"}
{"timestamp": "2025-12-11T04:25:10.997Z", "level": "INFO", "service": "resume-worker", "message": "GSUB dropped"}
{"timestamp": "2025-12-11T04:25:10.998Z", "level": "DEBUG", "service": "resume-worker", "message": "Reading 'glyf' table from disk"}
{"timestamp": "2025-12-11T04:25:11.001Z", "level": "DEBUG", "service": "resume-worker", "message": "Decompiling 'glyf' table"}
{"timestamp": "2025-12-11T04:25:11.002Z", "level": "DEBUG", "service": "resume-worker", "message": "Reading 'loca' table from disk"}
{"timestamp": "2025-12-11T04:25:11.003Z", "level": "DEBUG", "service": "resume-worker", "message": "Decompiling 'loca' table"}
{"timestamp": "2025-12-11T04:25:11.004Z", "level": "DEBUG", "service": "resume-worker", "message": "Reading 'head' table from disk"}
{"timestamp": "2025-12-11T04:25:11.004Z", "level": "DEBUG", "service": "resume-worker", "message": "Decompiling 'head' table"}
{"timestamp": "2025-12-11T04:25:11.010Z", "level": "DEBUG", "service": "resume-worker", "message": "Took 0.012s to load 'glyf'"}
{"timestamp": "2025-12-11T04:25:11.011Z", "level": "DEBUG", "service": "resume-worker", "message": "Took 0.000s to prune 'glyf'"}
{"timestamp": "2025-12-11T04:25:11.012Z", "level": "INFO", "service": "resume-worker", "message": "glyf pruned"}
{"timestamp": "2025-12-11T04:25:11.015Z", "level": "DEBUG", "service": "resume-worker", "message": "Took 0.001s to close glyph list over 'cmap'"}
{"timestamp": "2025-12-11T04:25:11.015Z", "level": "INFO", "service": "resume-worker", "message": "Added gid0 to subset"}
{"timestamp": "2025-12-11T04:25:11.016Z", "level": "INFO", "service": "resume-worker", "message": "Closing glyph list over 'MATH': 74 glyphs before"}
{"timestamp": "2025-12-11T04:25:11.017Z", "level": "INFO", "service": "resume-worker", "message": "Glyph names: ['.notdef', 'A', 'B', 'C', 'D', 'E', 'F', 'G', 'H', 'I', 'J', 'K', 'L', 'M', 'N', 'O', 'P', 'Q', 'R', 'S', 'T', 'U', 'V', 'W', 'a', 'asterisk', 'at', 'atilde', 'b', 'bar', 'bullet', 'c', 'comma', 'd', 'e', 'eight', 'f', 'fi', 'five', 'four', 'g', 'h', 'hyphen', 'i', 'iacute', 'j', 'k', 'l', 'm', 'n', 'nine', 'o', 'one', 'p', 'parenleft', 'parenright', 'percent', 'period', 'plus', 'q', 'r', 's', 'space', 't', 'three', 'two', 'u', 'uniFB03', 'v', 'w', 'x', 'y', 'z', 'zero']"}
{"timestamp": "2025-12-11T04:25:11.019Z", "level": "INFO", "service": "resume-worker", "message": "Glyph IDs:   [0, 3, 8, 11, 12, 13, 14, 15, 16, 17, 19, 20, 21, 22, 23, 24, 27, 28, 35, 36, 37, 38, 39, 40, 41, 42, 43, 44, 45, 46, 47, 48, 49, 50, 51, 52, 53, 54, 55, 56, 57, 58, 68, 69, 70, 71, 72, 73, 74, 75, 76, 77, 78, 79, 80, 81, 82, 83, 84, 85, 86, 87, 88, 89, 90, 91, 92, 93, 95, 165, 175, 2821, 5042, 5044]"}
{"timestamp": "2025-12-11T04:25:11.020Z", "level": "DEBUG", "service": "resume-worker", "message": "Reading 'MATH' table from disk"}
{"timestamp": "2025-12-11T04:25:11.020Z", "level": "DEBUG", "service": "resume-worker", "message": "Decompiling 'MATH' table"}
{"timestamp": "2025-12-11T04:25:11.025Z", "level": "INFO", "service": "resume-worker", "message": "Closed glyph list over 'MATH': 80 glyphs after"}
{"timestamp": "2025-12-11T04:25:11.026Z", "level": "INFO", "service": "resume-worker", "message": "Glyph names: ['.notdef', 'A', 'B', 'C', 'D', 'E', 'F', 'G', 'H', 'I', 'J', 'K', 'L', 'M', 'N', 'O', 'P', 'Q', 'R', 'S', 'T', 'U', 'V', 'W', 'a', 'asterisk', 'at', 'atilde', 'b', 'bar', 'bullet', 'c', 'comma', 'd', 'e', 'eight', 'f', 'fi', 'five', 'four', 'g', 'h', 'hyphen', 'i', 'iacute', 'j', 'k', 'l', 'm', 'n', 'nine', 'o', 'one', 'p', 'parenleft', 'parenright', 'percent', 'period', 'plus', 'q', 'r', 's', 'space', 't', 'three', 'two', 'u', 'uni239B', 'uni239C', 'uni239D', 'uni239E', 'uni239F', 'uni23A0', 'uniFB03', 'v', 'w', 'x', 'y', 'z', 'zero']"}
{"timestamp": "2025-12-11T04:25:11.027Z", "level": "INFO", "service": "resume-worker", "message": "Glyph IDs:   [0, 3, 8, 11, 12, 13, 14, 15, 16, 17, 19, 20, 21, 22, 23, 24, 27, 28, 35, 36, 37, 38, 39, 40, 41, 42, 43, 44, 45, 46, 47, 48, 49, 50, 51, 52, 53, 54, 55, 56, 57, 58, 68, 69, 70, 71, 72, 73, 74, 75, 76, 77, 78, 79, 80, 81, 82, 83, 84, 85, 86, 87, 88, 89, 90, 91, 92, 93, 95, 165, 175, 2821, 3507, 3508, 3509, 3510, 3511, 3512, 5042, 5044]"}
{"timestamp": "2025-12-11T04:25:11.028Z", "level": "DEBUG", "service": "resume-worker", "message": "Took 0.012s to close glyph list over 'MATH'"}
{"timestamp": "2025-12-11T04:25:11.029Z", "level": "INFO", "service": "resume-worker", "message": "Closing glyph list over 'glyf': 80 glyphs before"}
{"timestamp": "2025-12-11T04:25:11.030Z", "level": "INFO", "service": "resume-worker", "message": "Glyph names: ['.notdef', 'A', 'B', 'C', 'D', 'E', 'F', 'G', 'H', 'I', 'J', 'K', 'L', 'M', 'N', 'O', 'P', 'Q', 'R', 'S', 'T', 'U', 'V', 'W', 'a', 'asterisk', 'at', 'atilde', 'b', 'bar', 'bullet', 'c', 'comma', 'd', 'e', 'eight', 'f', 'fi', 'five', 'four', 'g', 'h', 'hyphen', 'i', 'iacute', 'j', 'k', 'l', 'm', 'n', 'nine', 'o', 'one', 'p', 'parenleft', 'parenright', 'percent', 'period', 'plus', 'q', 'r', 's', 'space', 't', 'three', 'two', 'u', 'uni239B', 'uni239C', 'uni239D', 'uni239E', 'uni239F', 'uni23A0', 'uniFB03', 'v', 'w', 'x', 'y', 'z', 'zero']"}
{"timestamp": "2025-12-11T04:25:11.031Z", "level": "INFO", "service": "resume-worker", "message": "Glyph IDs:   [0, 3, 8, 11, 12, 13, 14, 15, 16, 17, 19, 20, 21, 22, 23, 24, 27, 28, 35, 36, 37, 38, 39, 40, 41, 42, 43, 44, 45, 46, 47, 48, 49, 50, 51, 52, 53, 54, 55, 56, 57, 58, 68, 69, 70, 71, 72, 73, 74, 75, 76, 77, 78, 79, 80, 81, 82, 83, 84, 85, 86, 87, 88, 89, 90, 91, 92, 93, 95, 165, 175, 2821, 3507, 3508, 3509, 3510, 3511, 3512, 5042, 5044]"}
{"timestamp": "2025-12-11T04:25:11.031Z", "level": "INFO", "service": "resume-worker", "message": "Closed glyph list over 'glyf': 83 glyphs after"}
{"timestamp": "2025-12-11T04:25:11.032Z", "level": "INFO", "service": "resume-worker", "message": "Glyph names: ['.notdef', 'A', 'B', 'C', 'D', 'E', 'F', 'G', 'H', 'I', 'J', 'K', 'L', 'M', 'N', 'O', 'P', 'Q', 'R', 'S', 'T', 'U', 'V', 'W', 'a', 'acute', 'asterisk', 'at', 'atilde', 'b', 'bar', 'bullet', 'c', 'comma', 'd', 'dotlessi', 'e', 'eight', 'f', 'fi', 'five', 'four', 'g', 'h', 'hyphen', 'i', 'iacute', 'j', 'k', 'l', 'm', 'n', 'nine', 'o', 'one', 'p', 'parenleft', 'parenright', 'percent', 'period', 'plus', 'q', 'r', 's', 'space', 't', 'three', 'tilde', 'two', 'u', 'uni239B', 'uni239C', 'uni239D', 'uni239E', 'uni239F', 'uni23A0', 'uniFB03', 'v', 'w', 'x', 'y', 'z', 'zero']"}
{"timestamp": "2025-12-11T04:25:11.033Z", "level": "INFO", "service": "resume-worker", "message": "Glyph IDs:   [0, 3, 8, 11, 12, 13, 14, 15, 16, 17, 19, 20, 21, 22, 23, 24, 27, 28, 35, 36, 37, 38, 39, 40, 41, 42, 43, 44, 45, 46, 47, 48, 49, 50, 51, 52, 53, 54, 55, 56, 57, 58, 68, 69, 70, 71, 72, 73, 74, 75, 76, 77, 78, 79, 80, 81, 82, 83, 84, 85, 86, 87, 88, 89, 90, 91, 92, 93, 95, 118, 165, 175, 243, 670, 2821, 3507, 3508, 3509, 3510, 3511, 3512, 5042, 5044]"}
{"timestamp": "2025-12-11T04:25:11.034Z", "level": "DEBUG", "service": "resume-worker", "message": "Took 0.005s to close glyph list over 'glyf'"}
{"timestamp": "2025-12-11T04:25:11.041Z", "level": "INFO", "service": "resume-worker", "message": "Retaining 83 glyphs"}
{"timestamp": "2025-12-11T04:25:11.042Z", "level": "INFO", "service": "resume-worker", "message": "head subsetting not needed"}
{"timestamp": "2025-12-11T04:25:11.043Z", "level": "INFO", "service": "resume-worker", "message": "hhea subsetting not needed"}
{"timestamp": "2025-12-11T04:25:11.045Z", "level": "INFO", "service": "resume-worker", "message": "maxp subsetting not needed"}
{"timestamp": "2025-12-11T04:25:11.046Z", "level": "INFO", "service": "resume-worker", "message": "OS/2 subsetting not needed"}
{"timestamp": "2025-12-11T04:25:11.047Z", "level": "DEBUG", "service": "resume-worker", "message": "Reading 'hmtx' table from disk"}
{"timestamp": "2025-12-11T04:25:11.048Z", "level": "DEBUG", "service": "resume-worker", "message": "Decompiling 'hmtx' table"}
{"timestamp": "2025-12-11T04:25:11.049Z", "level": "DEBUG", "service": "resume-worker", "message": "Reading 'hhea' table from disk"}
{"timestamp": "2025-12-11T04:25:11.050Z", "level": "DEBUG", "service": "resume-worker", "message": "Decompiling 'hhea' table"}
{"timestamp": "2025-12-11T04:25:11.058Z", "level": "DEBUG", "service": "resume-worker", "message": "Took 0.011s to subset 'hmtx'"}
{"timestamp": "2025-12-11T04:25:11.060Z", "level": "INFO", "service": "resume-worker", "message": "hmtx subsetted"}
{"timestamp": "2025-12-11T04:25:11.063Z", "level": "DEBUG", "service": "resume-worker", "message": "Took 0.001s to subset 'cmap'"}
{"timestamp": "2025-12-11T04:25:11.063Z", "level": "INFO", "service": "resume-worker", "message": "cmap subsetted"}
{"timestamp": "2025-12-11T04:25:11.065Z", "level": "INFO", "service": "resume-worker", "message": "loca subsetting not needed"}
{"timestamp": "2025-12-11T04:25:11.065Z", "level": "DEBUG", "service": "resume-worker", "message": "Took 0.000s to subset 'post'"}
{"timestamp": "2025-12-11T04:25:11.068Z", "level": "INFO", "service": "resume-worker", "message": "post subsetted"}
{"timestamp": "2025-12-11T04:25:11.071Z", "level": "INFO", "service": "resume-worker", "message": "gasp subsetting not needed"}
{"timestamp": "2025-12-11T04:25:11.072Z", "level": "INFO", "service": "resume-worker", "message": "FFTM NOT subset; don't know how to subset"}
{"timestamp": "2025-12-11T04:25:11.079Z", "level": "DEBUG", "service": "resume-worker", "message": "Took 0.000s to subset 'MATH'"}
{"timestamp": "2025-12-11T04:25:11.080Z", "level": "INFO", "service": "resume-worker", "message": "MATH subsetted"}
{"timestamp": "2025-12-11T04:25:11.081Z", "level": "DEBUG", "service": "resume-worker", "message": "Reading 'GDEF' table from disk"}
{"timestamp": "2025-12-11T04:25:11.081Z", "level": "DEBUG", "service": "resume-worker", "message": "Decompiling 'GDEF' table"}
{"timestamp": "2025-12-11T04:25:11.083Z", "level": "DEBUG", "service": "resume-worker", "message": "Took 0.003s to subset 'GDEF'"}
{"timestamp": "2025-12-11T04:25:11.084Z", "level": "INFO", "service": "resume-worker", "message": "GDEF subsetted"}
{"timestamp": "2025-12-11T04:25:11.085Z", "level": "INFO", "service": "resume-worker", "message": "name subsetting not needed"}
{"timestamp": "2025-12-11T04:25:11.088Z", "level": "DEBUG", "service": "resume-worker", "message": "Took 0.002s to subset 'glyf'"}
{"timestamp": "2025-12-11T04:25:11.089Z", "level": "INFO", "service": "resume-worker", "message": "glyf subsetted"}
{"timestamp": "2025-12-11T04:25:11.090Z", "level": "DEBUG", "service": "resume-worker", "message": "Took 0.000s to subset GlyphOrder"}
{"timestamp": "2025-12-11T04:25:11.092Z", "level": "DEBUG", "service": "resume-worker", "message": "Took 0.000s to prune 'head'"}
{"timestamp": "2025-12-11T04:25:11.094Z", "level": "INFO", "service": "resume-worker", "message": "head pruned"}
{"timestamp": "2025-12-11T04:25:11.095Z", "level": "DEBUG", "service": "resume-worker", "message": "Reading 'OS/2' table from disk"}
{"timestamp": "2025-12-11T04:25:11.096Z", "level": "DEBUG", "service": "resume-worker", "message": "Decompiling 'OS/2' table"}
{"timestamp": "2025-12-11T04:25:11.097Z", "level": "INFO", "service": "resume-worker", "message": "OS/2 Unicode ranges pruned: [0, 1, 31, 62]"}
{"timestamp": "2025-12-11T04:25:11.097Z", "level": "INFO", "service": "resume-worker", "message": "OS/2 CodePage ranges pruned: [0]"}
{"timestamp": "2025-12-11T04:25:11.101Z", "level": "DEBUG", "service": "resume-worker", "message": "Took 0.002s to prune 'glyf'"}
{"timestamp": "2025-12-11T04:25:11.102Z", "level": "INFO", "service": "resume-worker", "message": "glyf pruned"}
{"timestamp": "2025-12-11T04:25:11.103Z", "level": "DEBUG", "service": "resume-worker", "message": "Took 0.000s to prune 'GDEF'"}
{"timestamp": "2025-12-11T04:25:11.103Z", "level": "INFO", "service": "resume-worker", "message": "GDEF pruned"}
{"timestamp": "2025-12-11T04:25:11.104Z", "level": "DEBUG", "service": "resume-worker", "message": "Reading 'name' table from disk"}
{"timestamp": "2025-12-11T04:25:11.104Z", "level": "DEBUG", "service": "resume-worker", "message": "Decompiling 'name' table"}
{"timestamp": "2025-12-11T04:25:11.108Z", "level": "DEBUG", "service": "resume-worker", "message": "Reading 'gasp' table from disk"}
{"timestamp": "2025-12-11T04:25:11.108Z", "level": "DEBUG", "service": "resume-worker", "message": "Decompiling 'gasp' table"}
{"timestamp": "2025-12-11T04:25:11.109Z", "level": "DEBUG", "service": "resume-worker", "message": "Reading 'FFTM' table from disk"}
{"timestamp": "2025-12-11T04:25:11.109Z", "level": "DEBUG", "service": "resume-worker", "message": "Decompiling 'FFTM' table"}
{"timestamp": "2025-12-11T04:25:11.110Z", "level": "DEBUG", "service": "resume-worker", "message": "Took 0.006s to prune 'name'"}
{"timestamp": "2025-12-11T04:25:11.110Z", "level": "INFO", "service": "resume-worker", "message": "name pruned"}
{"timestamp": "2025-12-11T04:25:11.111Z", "level": "DEBUG", "service": "resume-worker", "message": "Compiling 'glyf' table"}
{"timestamp": "2025-12-11T04:25:11.125Z", "level": "DEBUG", "service": "resume-worker", "message": "Writing 'glyf' table to disk"}
{"timestamp": "2025-12-11T04:25:11.126Z", "level": "DEBUG", "service": "resume-worker", "message": "Compiling 'maxp' table"}
{"timestamp": "2025-12-11T04:25:11.130Z", "level": "DEBUG", "service": "resume-worker", "message": "Writing 'maxp' table to disk"}
{"timestamp": "2025-12-11T04:25:11.131Z", "level": "DEBUG", "service": "resume-worker", "message": "Compiling 'loca' table"}
{"timestamp": "2025-12-11T04:25:11.133Z", "level": "DEBUG", "service": "resume-worker", "message": "Writing 'loca' table to disk"}
{"timestamp": "2025-12-11T04:25:11.134Z", "level": "DEBUG", "service": "resume-worker", "message": "Compiling 'head' table"}
{"timestamp": "2025-12-11T04:25:11.134Z", "level": "DEBUG", "service": "resume-worker", "message": "Writing 'head' table to disk"}
{"timestamp": "2025-12-11T04:25:11.135Z", "level": "DEBUG", "service": "resume-worker", "message": "Compiling 'hmtx' table"}
{"timestamp": "2025-12-11T04:25:11.141Z", "level": "DEBUG", "service": "resume-worker", "message": "Writing 'hmtx' table to disk"}
{"timestamp": "2025-12-11T04:25:11.142Z", "level": "DEBUG", "service": "resume-worker", "message": "Compiling 'hhea' table"}
{"timestamp": "2025-12-11T04:25:11.145Z", "level": "DEBUG", "service": "resume-worker", "message": "Writing 'hhea' table to disk"}
{"timestamp": "2025-12-11T04:25:11.146Z", "level": "DEBUG", "service": "resume-worker", "message": "Compiling 'OS/2' table"}
{"timestamp": "2025-12-11T04:25:11.147Z", "level": "DEBUG", "service": "resume-worker", "message": "Writing 'OS/2' table to disk"}
{"timestamp": "2025-12-11T04:25:11.148Z", "level": "DEBUG", "service": "resume-worker", "message": "Compiling 'cmap' table"}
{"timestamp": "2025-12-11T04:25:11.149Z", "level": "DEBUG", "service": "resume-worker", "message": "Writing 'cmap' table to disk"}
{"timestamp": "2025-12-11T04:25:11.150Z", "level": "DEBUG", "service": "resume-worker", "message": "Compiling 'name' table"}
{"timestamp": "2025-12-11T04:25:11.614Z", "level": "DEBUG", "service": "resume-worker", "message": "Writing 'name' table to disk"}
{"timestamp": "2025-12-11T04:25:11.615Z", "level": "DEBUG", "service": "resume-worker", "message": "Compiling 'post' table"}
{"timestamp": "2025-12-11T04:25:11.616Z", "level": "DEBUG", "service": "resume-worker", "message": "Writing 'post' table to disk"}
{"timestamp": "2025-12-11T04:25:11.617Z", "level": "DEBUG", "service": "resume-worker", "message": "Compiling 'gasp' table"}
{"timestamp": "2025-12-11T04:25:11.621Z", "level": "DEBUG", "service": "resume-worker", "message": "Writing 'gasp' table to disk"}
{"timestamp": "2025-12-11T04:25:11.621Z", "level": "DEBUG", "service": "resume-worker", "message": "Compiling 'FFTM' table"}
{"timestamp": "2025-12-11T04:25:11.622Z", "level": "DEBUG", "service": "resume-worker", "message": "Writing 'FFTM' table to disk"}
{"timestamp": "2025-12-11T04:25:11.623Z", "level": "DEBUG", "service": "resume-worker", "message": "Compiling 'GDEF' table"}
{"timestamp": "2025-12-11T04:25:11.624Z", "level": "DEBUG", "service": "resume-worker", "message": "Writing 'GDEF' table to disk"}
{"timestamp": "2025-12-11T04:25:11.624Z", "level": "DEBUG", "service": "resume-worker", "message": "Compiling 'MATH' table"}
{"timestamp": "2025-12-11T04:25:11.626Z", "level": "DEBUG", "service": "resume-worker", "message": "Writing 'MATH' table to disk"}
{"timestamp": "2025-12-11T04:25:11.628Z", "level": "DEBUG", "service": "resume-worker", "message": "Reading 'maxp' table from disk"}
{"timestamp": "2025-12-11T04:25:11.628Z", "level": "DEBUG", "service": "resume-worker", "message": "Decompiling 'maxp' table"}
{"timestamp": "2025-12-11T04:25:11.629Z", "level": "DEBUG", "service": "resume-worker", "message": "Took 0.002s to load 'maxp'"}
{"timestamp": "2025-12-11T04:25:11.630Z", "level": "DEBUG", "service": "resume-worker", "message": "Took 0.000s to prune 'maxp'"}
{"timestamp": "2025-12-11T04:25:11.630Z", "level": "INFO", "service": "resume-worker", "message": "maxp pruned"}
{"timestamp": "2025-12-11T04:25:11.631Z", "level": "DEBUG", "service": "resume-worker", "message": "Reading 'cmap' table from disk"}
{"timestamp": "2025-12-11T04:25:11.632Z", "level": "DEBUG", "service": "resume-worker", "message": "Decompiling 'cmap' table"}
{"timestamp": "2025-12-11T04:25:11.632Z", "level": "DEBUG", "service": "resume-worker", "message": "Took 0.001s to load 'cmap'"}
{"timestamp": "2025-12-11T04:25:11.633Z", "level": "DEBUG", "service": "resume-worker", "message": "Took 0.000s to prune 'cmap'"}
{"timestamp": "2025-12-11T04:25:11.634Z", "level": "INFO", "service": "resume-worker", "message": "cmap pruned"}
{"timestamp": "2025-12-11T04:25:11.635Z", "level": "DEBUG", "service": "resume-worker", "message": "Reading 'post' table from disk"}
{"timestamp": "2025-12-11T04:25:11.637Z", "level": "DEBUG", "service": "resume-worker", "message": "Decompiling 'post' table"}
{"timestamp": "2025-12-11T04:25:11.637Z", "level": "DEBUG", "service": "resume-worker", "message": "Took 0.003s to load 'post'"}
{"timestamp": "2025-12-11T04:25:11.638Z", "level": "DEBUG", "service": "resume-worker", "message": "Took 0.000s to prune 'post'"}
{"timestamp": "2025-12-11T04:25:11.639Z", "level": "INFO", "service": "resume-worker", "message": "post pruned"}
{"timestamp": "2025-12-11T04:25:11.652Z", "level": "INFO", "service": "resume-worker", "message": "GSUB dropped"}
{"timestamp": "2025-12-11T04:25:11.654Z", "level": "DEBUG", "service": "resume-worker", "message": "Reading 'cmap' table from disk"}
{"timestamp": "2025-12-11T04:25:11.655Z", "level": "DEBUG", "service": "resume-worker", "message": "Decompiling 'cmap' table"}
{"timestamp": "2025-12-11T04:25:11.672Z", "level": "DEBUG", "service": "resume-worker", "message": "Took 0.002s to close glyph list over 'cmap'"}
{"timestamp": "2025-12-11T04:25:11.674Z", "level": "INFO", "service": "resume-worker", "message": "Added .notdef to subset"}
{"timestamp": "2025-12-11T04:25:11.677Z", "level": "INFO", "service": "resume-worker", "message": "Retaining 11 glyphs"}
{"timestamp": "2025-12-11T04:25:11.678Z", "level": "INFO", "service": "resume-worker", "message": "head subsetting not needed"}
{"timestamp": "2025-12-11T04:25:11.679Z", "level": "INFO", "service": "resume-worker", "message": "hhea subsetting not needed"}
{"timestamp": "2025-12-11T04:25:11.680Z", "level": "INFO", "service": "resume-worker", "message": "maxp subsetting not needed"}
{"timestamp": "2025-12-11T04:25:11.681Z", "level": "INFO", "service": "resume-worker", "message": "OS/2 subsetting not needed"}
{"timestamp": "2025-12-11T04:25:11.682Z", "level": "DEBUG", "service": "resume-worker", "message": "Reading 'hmtx' table from disk"}
{"timestamp": "2025-12-11T04:25:11.684Z", "level": "DEBUG", "service": "resume-worker", "message": "Decompiling 'hmtx' table"}
{"timestamp": "2025-12-11T04:25:11.685Z", "level": "DEBUG", "service": "resume-worker", "message": "Reading 'hhea' table from disk"}
{"timestamp": "2025-12-11T04:25:11.686Z", "level": "DEBUG", "service": "resume-worker", "message": "Decompiling 'hhea' table"}
{"timestamp": "2025-12-11T04:25:11.689Z", "level": "DEBUG", "service": "resume-worker", "message": "Took 0.006s to subset 'hmtx'"}
{"timestamp": "2025-12-11T04:25:11.690Z", "level": "INFO", "service": "resume-worker", "message": "hmtx subsetted"}
{"timestamp": "2025-12-11T04:25:11.691Z", "level": "DEBUG", "service": "resume-worker", "message": "Took 0.000s to subset 'cmap'"}
{"timestamp": "2025-12-11T04:25:11.692Z", "level": "INFO", "service": "resume-worker", "message": "cmap subsetted"}
{"timestamp": "2025-12-11T04:25:11.693Z", "level": "DEBUG", "service": "resume-worker", "message": "Took 0.000s to subset 'post'"}
{"timestamp": "2025-12-11T04:25:11.694Z", "level": "INFO", "service": "resume-worker", "message": "post subsetted"}
{"timestamp": "2025-12-11T04:25:11.694Z", "level": "DEBUG", "service": "resume-worker", "message": "Reading 'CBDT' table from disk"}
{"timestamp": "2025-12-11T04:25:11.718Z", "level": "DEBUG", "service": "resume-worker", "message": "Decompiling 'CBDT' table"}
{"timestamp": "2025-12-11T04:25:11.734Z", "level": "DEBUG", "service": "resume-worker", "message": "Reading 'CBLC' table from disk"}
{"timestamp": "2025-12-11T04:25:11.735Z", "level": "DEBUG", "service": "resume-worker", "message": "Decompiling 'CBLC' table"}
{"timestamp": "2025-12-11T04:25:11.759Z", "level": "DEBUG", "service": "resume-worker", "message": "Took 0.065s to subset 'CBDT'"}
{"timestamp": "2025-12-11T04:25:11.760Z", "level": "INFO", "service": "resume-worker", "message": "CBDT subsetted"}
{"timestamp": "2025-12-11T04:25:11.762Z", "level": "DEBUG", "service": "resume-worker", "message": "Took 0.000s to subset 'CBLC'"}
{"timestamp": "2025-12-11T04:25:11.763Z", "level": "INFO", "service": "resume-worker", "message": "CBLC subsetted"}
{"timestamp": "2025-12-11T04:25:11.765Z", "level": "INFO", "service": "resume-worker", "message": "vhea subsetting not needed"}
{"timestamp": "2025-12-11T04:25:11.766Z", "level": "DEBUG", "service": "resume-worker", "message": "Reading 'vmtx' table from disk"}
{"timestamp": "2025-12-11T04:25:11.767Z", "level": "DEBUG", "service": "resume-worker", "message": "Decompiling 'vmtx' table"}
{"timestamp": "2025-12-11T04:25:11.767Z", "level": "DEBUG", "service": "resume-worker", "message": "Reading 'vhea' table from disk"}
{"timestamp": "2025-12-11T04:25:11.769Z", "level": "DEBUG", "service": "resume-worker", "message": "Decompiling 'vhea' table"}
{"timestamp": "2025-12-11T04:25:11.771Z", "level": "DEBUG", "service": "resume-worker", "message": "Took 0.005s to subset 'vmtx'"}
{"timestamp": "2025-12-11T04:25:11.772Z", "level": "INFO", "service": "resume-worker", "message": "vmtx subsetted"}
{"timestamp": "2025-12-11T04:25:11.773Z", "level": "INFO", "service": "resume-worker", "message": "name subsetting not needed"}
{"timestamp": "2025-12-11T04:25:11.774Z", "level": "DEBUG", "service": "resume-worker", "message": "Took 0.000s to subset GlyphOrder"}
{"timestamp": "2025-12-11T04:25:11.775Z", "level": "DEBUG", "service": "resume-worker", "message": "Reading 'head' table from disk"}
{"timestamp": "2025-12-11T04:25:11.775Z", "level": "DEBUG", "service": "resume-worker", "message": "Decompiling 'head' table"}
{"timestamp": "2025-12-11T04:25:11.777Z", "level": "DEBUG", "service": "resume-worker", "message": "Took 0.002s to prune 'head'"}
{"timestamp": "2025-12-11T04:25:11.777Z", "level": "INFO", "service": "resume-worker", "message": "head pruned"}
{"timestamp": "2025-12-11T04:25:11.778Z", "level": "DEBUG", "service": "resume-worker", "message": "Reading 'OS/2' table from disk"}
{"timestamp": "2025-12-11T04:25:11.779Z", "level": "DEBUG", "service": "resume-worker", "message": "Decompiling 'OS/2' table"}
{"timestamp": "2025-12-11T04:25:11.780Z", "level": "INFO", "service": "resume-worker", "message": "OS/2 Unicode ranges pruned: []"}
{"timestamp": "2025-12-11T04:25:11.781Z", "level": "DEBUG", "service": "resume-worker", "message": "Reading 'name' table from disk"}
{"timestamp": "2025-12-11T04:25:11.782Z", "level": "DEBUG", "service": "resume-worker", "message": "Decompiling 'name' table"}
{"timestamp": "2025-12-11T04:25:11.782Z", "level": "DEBUG", "service": "resume-worker", "message": "Took 0.001s to prune 'name'"}
{"timestamp": "2025-12-11T04:25:11.783Z", "level": "INFO", "service": "resume-worker", "message": "name pruned"}
{"timestamp": "2025-12-11T04:25:11.784Z", "level": "DEBUG", "service": "resume-worker", "message": "Compiling 'maxp' table"}
{"timestamp": "2025-12-11T04:25:11.785Z", "level": "DEBUG", "service": "resume-worker", "message": "Writing 'maxp' table to disk"}
{"timestamp": "2025-12-11T04:25:11.785Z", "level": "DEBUG", "service": "resume-worker", "message": "Compiling 'head' table"}
{"timestamp": "2025-12-11T04:25:11.786Z", "level": "DEBUG", "service": "resume-worker", "message": "Writing 'head' table to disk"}
{"timestamp": "2025-12-11T04:25:11.787Z", "level": "DEBUG", "service": "resume-worker", "message": "Compiling 'hmtx' table"}
{"timestamp": "2025-12-11T04:25:11.789Z", "level": "DEBUG", "service": "resume-worker", "message": "Writing 'hmtx' table to disk"}
{"timestamp": "2025-12-11T04:25:11.790Z", "level": "DEBUG", "service": "resume-worker", "message": "Compiling 'hhea' table"}
{"timestamp": "2025-12-11T04:25:11.791Z", "level": "DEBUG", "service": "resume-worker", "message": "Writing 'hhea' table to disk"}
{"timestamp": "2025-12-11T04:25:11.791Z", "level": "DEBUG", "service": "resume-worker", "message": "Compiling 'OS/2' table"}
{"timestamp": "2025-12-11T04:25:11.792Z", "level": "DEBUG", "service": "resume-worker", "message": "Writing 'OS/2' table to disk"}
{"timestamp": "2025-12-11T04:25:11.792Z", "level": "DEBUG", "service": "resume-worker", "message": "Compiling 'cmap' table"}
{"timestamp": "2025-12-11T04:25:11.793Z", "level": "DEBUG", "service": "resume-worker", "message": "Writing 'cmap' table to disk"}
{"timestamp": "2025-12-11T04:25:11.794Z", "level": "DEBUG", "service": "resume-worker", "message": "Compiling 'name' table"}
{"timestamp": "2025-12-11T04:25:11.794Z", "level": "DEBUG", "service": "resume-worker", "message": "Writing 'name' table to disk"}
{"timestamp": "2025-12-11T04:25:11.795Z", "level": "DEBUG", "service": "resume-worker", "message": "Compiling 'post' table"}
{"timestamp": "2025-12-11T04:25:11.795Z", "level": "DEBUG", "service": "resume-worker", "message": "Writing 'post' table to disk"}
{"timestamp": "2025-12-11T04:25:11.796Z", "level": "DEBUG", "service": "resume-worker", "message": "Compiling 'CBDT' table"}
{"timestamp": "2025-12-11T04:25:11.797Z", "level": "DEBUG", "service": "resume-worker", "message": "Writing 'CBDT' table to disk"}
{"timestamp": "2025-12-11T04:25:11.798Z", "level": "DEBUG", "service": "resume-worker", "message": "Compiling 'CBLC' table"}
{"timestamp": "2025-12-11T04:25:11.800Z", "level": "DEBUG", "service": "resume-worker", "message": "Writing 'CBLC' table to disk"}
{"timestamp": "2025-12-11T04:25:11.801Z", "level": "DEBUG", "service": "resume-worker", "message": "Compiling 'vmtx' table"}
{"timestamp": "2025-12-11T04:25:11.803Z", "level": "DEBUG", "service": "resume-worker", "message": "Writing 'vmtx' table to disk"}
{"timestamp": "2025-12-11T04:25:11.803Z", "level": "DEBUG", "service": "resume-worker", "message": "Compiling 'vhea' table"}
{"timestamp": "2025-12-11T04:25:11.804Z", "level": "DEBUG", "service": "resume-worker", "message": "Writing 'vhea' table to disk"}
{"timestamp": "2025-12-11T04:25:08.634Z", "level": "DEBUG", "service": "resume-worker", "message": "Compiling 'glyf' table"}
{"timestamp": "2025-12-11T04:25:08.636Z", "level": "DEBUG", "service": "resume-worker", "message": "Writing 'glyf' table to disk"}
{"timestamp": "2025-12-11T04:25:08.636Z", "level": "DEBUG", "service": "resume-worker", "message": "Compiling 'maxp' table"}
{"timestamp": "2025-12-11T04:25:08.637Z", "level": "DEBUG", "service": "resume-worker", "message": "Writing 'maxp' table to disk"}
{"timestamp": "2025-12-11T04:25:08.638Z", "level": "DEBUG", "service": "resume-worker", "message": "Compiling 'loca' table"}
{"timestamp": "2025-12-11T04:25:08.639Z", "level": "DEBUG", "service": "resume-worker", "message": "Writing 'loca' table to disk"}
{"timestamp": "2025-12-11T04:25:08.640Z", "level": "DEBUG", "service": "resume-worker", "message": "Compiling 'head' table"}
{"timestamp": "2025-12-11T04:25:08.641Z", "level": "DEBUG", "service": "resume-worker", "message": "Writing 'head' table to disk"}
{"timestamp": "2025-12-11T04:25:08.642Z", "level": "DEBUG", "service": "resume-worker", "message": "Compiling 'hmtx' table"}
{"timestamp": "2025-12-11T04:25:08.643Z", "level": "DEBUG", "service": "resume-worker", "message": "Writing 'hmtx' table to disk"}
{"timestamp": "2025-12-11T04:25:08.644Z", "level": "DEBUG", "service": "resume-worker", "message": "Compiling 'hhea' table"}
{"timestamp": "2025-12-11T04:25:08.645Z", "level": "DEBUG", "service": "resume-worker", "message": "Writing 'hhea' table to disk"}
{"timestamp": "2025-12-11T04:25:08.646Z", "level": "DEBUG", "service": "resume-worker", "message": "Compiling 'OS/2' table"}
{"timestamp": "2025-12-11T04:25:08.646Z", "level": "DEBUG", "service": "resume-worker", "message": "Writing 'OS/2' table to disk"}
{"timestamp": "2025-12-11T04:25:08.648Z", "level": "DEBUG", "service": "resume-worker", "message": "Compiling 'cmap' table"}
{"timestamp": "2025-12-11T04:25:08.648Z", "level": "DEBUG", "service": "resume-worker", "message": "Writing 'cmap' table to disk"}
{"timestamp": "2025-12-11T04:25:08.650Z", "level": "DEBUG", "service": "resume-worker", "message": "Compiling 'name' table"}
{"timestamp": "2025-12-11T04:25:08.651Z", "level": "DEBUG", "service": "resume-worker", "message": "Writing 'name' table to disk"}
{"timestamp": "2025-12-11T04:25:08.652Z", "level": "DEBUG", "service": "resume-worker", "message": "Compiling 'post' table"}
{"timestamp": "2025-12-11T04:25:08.653Z", "level": "DEBUG", "service": "resume-worker", "message": "Writing 'post' table to disk"}
{"timestamp": "2025-12-11T04:25:08.654Z", "level": "DEBUG", "service": "resume-worker", "message": "Compiling 'vmtx' table"}
{"timestamp": "2025-12-11T04:25:08.655Z", "level": "DEBUG", "service": "resume-worker", "message": "Writing 'vmtx' table to disk"}
{"timestamp": "2025-12-11T04:25:08.656Z", "level": "DEBUG", "service": "resume-worker", "message": "Compiling 'vhea' table"}
{"timestamp": "2025-12-11T04:25:08.658Z", "level": "DEBUG", "service": "resume-worker", "message": "Writing 'vhea' table to disk"}
{"timestamp": "2025-12-11T04:25:08.660Z", "level": "DEBUG", "service": "resume-worker", "message": "Reading 'maxp' table from disk"}
{"timestamp": "2025-12-11T04:25:08.660Z", "level": "DEBUG", "service": "resume-worker", "message": "Decompiling 'maxp' table"}
{"timestamp": "2025-12-11T04:25:08.661Z", "level": "DEBUG", "service": "resume-worker", "message": "Took 0.001s to load 'maxp'"}
{"timestamp": "2025-12-11T04:25:08.662Z", "level": "DEBUG", "service": "resume-worker", "message": "Took 0.000s to prune 'maxp'"}
{"timestamp": "2025-12-11T04:25:08.663Z", "level": "INFO", "service": "resume-worker", "message": "maxp pruned"}
{"timestamp": "2025-12-11T04:25:08.664Z", "level": "DEBUG", "service": "resume-worker", "message": "Reading 'cmap' table from disk"}
{"timestamp": "2025-12-11T04:25:08.665Z", "level": "DEBUG", "service": "resume-worker", "message": "Decompiling 'cmap' table"}
{"timestamp": "2025-12-11T04:25:08.666Z", "level": "DEBUG", "service": "resume-worker", "message": "Reading 'post' table from disk"}
{"timestamp": "2025-12-11T04:25:08.668Z", "level": "DEBUG", "service": "resume-worker", "message": "Decompiling 'post' table"}
{"timestamp": "2025-12-11T04:25:08.676Z", "level": "DEBUG", "service": "resume-worker", "message": "Took 0.012s to load 'cmap'"}
{"timestamp": "2025-12-11T04:25:08.677Z", "level": "DEBUG", "service": "resume-worker", "message": "Took 0.000s to prune 'cmap'"}
{"timestamp": "2025-12-11T04:25:08.678Z", "level": "INFO", "service": "resume-worker", "message": "cmap pruned"}
{"timestamp": "2025-12-11T04:25:08.679Z", "level": "INFO", "service": "resume-worker", "message": "fpgm dropped"}
{"timestamp": "2025-12-11T04:25:08.680Z", "level": "INFO", "service": "resume-worker", "message": "prep dropped"}
{"timestamp": "2025-12-11T04:25:08.682Z", "level": "INFO", "service": "resume-worker", "message": "cvt  dropped"}
{"timestamp": "2025-12-11T04:25:08.683Z", "level": "INFO", "service": "resume-worker", "message": "kern dropped"}
{"timestamp": "2025-12-11T04:25:08.684Z", "level": "DEBUG", "service": "resume-worker", "message": "Took 0.000s to load 'post'"}
{"timestamp": "2025-12-11T04:25:08.685Z", "level": "DEBUG", "service": "resume-worker", "message": "Took 0.000s to prune 'post'"}
{"timestamp": "2025-12-11T04:25:08.686Z", "level": "INFO", "service": "resume-worker", "message": "post pruned"}
{"timestamp": "2025-12-11T04:25:08.687Z", "level": "INFO", "service": "resume-worker", "message": "GPOS dropped"}
{"timestamp": "2025-12-11T04:25:08.688Z", "level": "INFO", "service": "resume-worker", "message": "GSUB dropped"}
{"timestamp": "2025-12-11T04:25:08.688Z", "level": "DEBUG", "service": "resume-worker", "message": "Reading 'glyf' table from disk"}
{"timestamp": "2025-12-11T04:25:08.689Z", "level": "DEBUG", "service": "resume-worker", "message": "Decompiling 'glyf' table"}
{"timestamp": "2025-12-11T04:25:08.690Z", "level": "DEBUG", "service": "resume-worker", "message": "Reading 'loca' table from disk"}
{"timestamp": "2025-12-11T04:25:08.691Z", "level": "DEBUG", "service": "resume-worker", "message": "Decompiling 'loca' table"}
{"timestamp": "2025-12-11T04:25:08.691Z", "level": "DEBUG", "service": "resume-worker", "message": "Reading 'head' table from disk"}
{"timestamp": "2025-12-11T04:25:08.692Z", "level": "DEBUG", "service": "resume-worker", "message": "Decompiling 'head' table"}
{"timestamp": "2025-12-11T04:25:08.698Z", "level": "DEBUG", "service": "resume-worker", "message": "Took 0.009s to load 'glyf'"}
{"timestamp": "2025-12-11T04:25:08.699Z", "level": "DEBUG", "service": "resume-worker", "message": "Took 0.000s to prune 'glyf'"}
{"timestamp": "2025-12-11T04:25:08.699Z", "level": "INFO", "service": "resume-worker", "message": "glyf pruned"}
{"timestamp": "2025-12-11T04:25:08.701Z", "level": "DEBUG", "service": "resume-worker", "message": "Took 0.001s to close glyph list over 'cmap'"}
{"timestamp": "2025-12-11T04:25:08.702Z", "level": "INFO", "service": "resume-worker", "message": "Added gid0 to subset"}
{"timestamp": "2025-12-11T04:25:08.703Z", "level": "INFO", "service": "resume-worker", "message": "Closing glyph list over 'glyf': 28 glyphs before"}
{"timestamp": "2025-12-11T04:25:08.706Z", "level": "INFO", "service": "resume-worker", "message": "Glyph names: ['.notdef', 'C', 'I', 'N', 'P', 'S', 'a', 'b', 'colon', 'd', 'e', 'five', 'g', 'hyphen', 'l', 'm', 'n', 'o', 'one', 'p', 'r', 's', 'space', 't', 'two', 'u', 'v', 'zero']"}
{"timestamp": "2025-12-11T04:25:08.707Z", "level": "INFO", "service": "resume-worker", "message": "Glyph IDs:   [0, 3, 16, 19, 20, 21, 24, 29, 38, 44, 49, 51, 54, 68, 69, 71, 72, 74, 79, 80, 81, 82, 83, 85, 86, 87, 88, 89]"}
{"timestamp": "2025-12-11T04:25:08.708Z", "level": "INFO", "service": "resume-worker", "message": "Closed glyph list over 'glyf': 28 glyphs after"}
{"timestamp": "2025-12-11T04:25:08.710Z", "level": "INFO", "service": "resume-worker", "message": "Glyph names: ['.notdef', 'C', 'I', 'N', 'P', 'S', 'a', 'b', 'colon', 'd', 'e', 'five', 'g', 'hyphen', 'l', 'm', 'n', 'o', 'one', 'p', 'r', 's', 'space', 't', 'two', 'u', 'v', 'zero']"}
{"timestamp": "2025-12-11T04:25:08.711Z", "level": "INFO", "service": "resume-worker", "message": "Glyph IDs:   [0, 3, 16, 19, 20, 21, 24, 29, 38, 44, 49, 51, 54, 68, 69, 71, 72, 74, 79, 80, 81, 82, 83, 85, 86, 87, 88, 89]"}
{"timestamp": "2025-12-11T04:25:08.712Z", "level": "DEBUG", "service": "resume-worker", "message": "Took 0.009s to close glyph list over 'glyf'"}
{"timestamp": "2025-12-11T04:25:08.714Z", "level": "INFO", "service": "resume-worker", "message": "Retaining 28 glyphs"}
{"timestamp": "2025-12-11T04:25:08.716Z", "level": "INFO", "service": "resume-worker", "message": "head subsetting not needed"}
{"timestamp": "2025-12-11T04:25:08.717Z", "level": "INFO", "service": "resume-worker", "message": "hhea subsetting not needed"}
{"timestamp": "2025-12-11T04:25:08.719Z", "level": "INFO", "service": "resume-worker", "message": "maxp subsetting not needed"}
{"timestamp": "2025-12-11T04:25:08.719Z", "level": "INFO", "service": "resume-worker", "message": "OS/2 subsetting not needed"}
{"timestamp": "2025-12-11T04:25:08.720Z", "level": "DEBUG", "service": "resume-worker", "message": "Reading 'hmtx' table from disk"}
{"timestamp": "2025-12-11T04:25:08.721Z", "level": "DEBUG", "service": "resume-worker", "message": "Decompiling 'hmtx' table"}
{"timestamp": "2025-12-11T04:25:08.721Z", "level": "DEBUG", "service": "resume-worker", "message": "Reading 'hhea' table from disk"}
{"timestamp": "2025-12-11T04:25:08.722Z", "level": "DEBUG", "service": "resume-worker", "message": "Decompiling 'hhea' table"}
{"timestamp": "2025-12-11T04:25:08.725Z", "level": "DEBUG", "service": "resume-worker", "message": "Took 0.005s to subset 'hmtx'"}
{"timestamp": "2025-12-11T04:25:08.726Z", "level": "INFO", "service": "resume-worker", "message": "hmtx subsetted"}
{"timestamp": "2025-12-11T04:25:08.728Z", "level": "DEBUG", "service": "resume-worker", "message": "Took 0.001s to subset 'cmap'"}
{"timestamp": "2025-12-11T04:25:08.729Z", "level": "INFO", "service": "resume-worker", "message": "cmap subsetted"}
{"timestamp": "2025-12-11T04:25:08.729Z", "level": "INFO", "service": "resume-worker", "message": "loca subsetting not needed"}
{"timestamp": "2025-12-11T04:25:08.730Z", "level": "DEBUG", "service": "resume-worker", "message": "Took 0.000s to subset 'post'"}
{"timestamp": "2025-12-11T04:25:08.731Z", "level": "INFO", "service": "resume-worker", "message": "post subsetted"}
{"timestamp": "2025-12-11T04:25:08.732Z", "level": "INFO", "service": "resume-worker", "message": "gasp subsetting not needed"}
{"timestamp": "2025-12-11T04:25:08.734Z", "level": "INFO", "service": "resume-worker", "message": "FFTM NOT subset; don't know how to subset"}
{"timestamp": "2025-12-11T04:25:08.735Z", "level": "DEBUG", "service": "resume-worker", "message": "Reading 'GDEF' table from disk"}
{"timestamp": "2025-12-11T04:25:08.736Z", "level": "DEBUG", "service": "resume-worker", "message": "Decompiling 'GDEF' table"}
{"timestamp": "2025-12-11T04:25:08.738Z", "level": "DEBUG", "service": "resume-worker", "message": "Took 0.003s to subset 'GDEF'"}
{"timestamp": "2025-12-11T04:25:08.739Z", "level": "INFO", "service": "resume-worker", "message": "GDEF subsetted"}
{"timestamp": "2025-12-11T04:25:08.740Z", "level": "INFO", "service": "resume-worker", "message": "name subsetting not needed"}
{"timestamp": "2025-12-11T04:25:08.742Z", "level": "DEBUG", "service": "resume-worker", "message": "Took 0.001s to subset 'glyf'"}
{"timestamp": "2025-12-11T04:25:08.743Z", "level": "INFO", "service": "resume-worker", "message": "glyf subsetted"}
{"timestamp": "2025-12-11T04:25:08.743Z", "level": "DEBUG", "service": "resume-worker", "message": "Took 0.000s to subset GlyphOrder"}
{"timestamp": "2025-12-11T04:25:08.744Z", "level": "DEBUG", "service": "resume-worker", "message": "Took 0.000s to prune 'head'"}
{"timestamp": "2025-12-11T04:25:08.745Z", "level": "INFO", "service": "resume-worker", "message": "head pruned"}
{"timestamp": "2025-12-11T04:25:08.745Z", "level": "DEBUG", "service": "resume-worker", "message": "Reading 'OS/2' table from disk"}
{"timestamp": "2025-12-11T04:25:08.746Z", "level": "DEBUG", "service": "resume-worker", "message": "Decompiling 'OS/2' table"}
{"timestamp": "2025-12-11T04:25:08.747Z", "level": "INFO", "service": "resume-worker", "message": "OS/2 Unicode ranges pruned: [0]"}
{"timestamp": "2025-12-11T04:25:08.748Z", "level": "INFO", "service": "resume-worker", "message": "OS/2 CodePage ranges pruned: [0]"}
{"timestamp": "2025-12-11T04:25:08.751Z", "level": "DEBUG", "service": "resume-worker", "message": "Took 0.000s to prune 'glyf'"}
{"timestamp": "2025-12-11T04:25:08.751Z", "level": "INFO", "service": "resume-worker", "message": "glyf pruned"}
{"timestamp": "2025-12-11T04:25:08.752Z", "level": "DEBUG", "service": "resume-worker", "message": "Took 0.000s to prune 'GDEF'"}
{"timestamp": "2025-12-11T04:25:08.753Z", "level": "INFO", "service": "resume-worker", "message": "GDEF pruned"}
{"timestamp": "2025-12-11T04:25:08.754Z", "level": "DEBUG", "service": "resume-worker", "message": "Reading 'name' table from disk"}
{"timestamp": "2025-12-11T04:25:08.755Z", "level": "DEBUG", "service": "resume-worker", "message": "Decompiling 'name' table"}
{"timestamp": "2025-12-11T04:25:08.755Z", "level": "DEBUG", "service": "resume-worker", "message": "Reading 'gasp' table from disk"}
{"timestamp": "2025-12-11T04:25:08.756Z", "level": "DEBUG", "service": "resume-worker", "message": "Decompiling 'gasp' table"}
{"timestamp": "2025-12-11T04:25:08.757Z", "level": "DEBUG", "service": "resume-worker", "message": "Reading 'FFTM' table from disk"}
{"timestamp": "2025-12-11T04:25:08.758Z", "level": "DEBUG", "service": "resume-worker", "message": "Decompiling 'FFTM' table"}
{"timestamp": "2025-12-11T04:25:08.758Z", "level": "DEBUG", "service": "resume-worker", "message": "Took 0.004s to prune 'name'"}
{"timestamp": "2025-12-11T04:25:08.759Z", "level": "INFO", "service": "resume-worker", "message": "name pruned"}
{"timestamp": "2025-12-11T04:25:08.760Z", "level": "DEBUG", "service": "resume-worker", "message": "Compiling 'glyf' table"}
{"timestamp": "2025-12-11T04:25:08.765Z", "level": "DEBUG", "service": "resume-worker", "message": "Writing 'glyf' table to disk"}
{"timestamp": "2025-12-11T04:25:08.766Z", "level": "DEBUG", "service": "resume-worker", "message": "Compiling 'maxp' table"}
{"timestamp": "2025-12-11T04:25:08.767Z", "level": "DEBUG", "service": "resume-worker", "message": "Writing 'maxp' table to disk"}
{"timestamp": "2025-12-11T04:25:08.767Z", "level": "DEBUG", "service": "resume-worker", "message": "Compiling 'loca' table"}
{"timestamp": "2025-12-11T04:25:08.768Z", "level": "DEBUG", "service": "resume-worker", "message": "Writing 'loca' table to disk"}
{"timestamp": "2025-12-11T04:25:08.768Z", "level": "DEBUG", "service": "resume-worker", "message": "Compiling 'head' table"}
{"timestamp": "2025-12-11T04:25:08.769Z", "level": "DEBUG", "service": "resume-worker", "message": "Writing 'head' table to disk"}
{"timestamp": "2025-12-11T04:25:08.770Z", "level": "DEBUG", "service": "resume-worker", "message": "Compiling 'hmtx' table"}
{"timestamp": "2025-12-11T04:25:08.771Z", "level": "DEBUG", "service": "resume-worker", "message": "Writing 'hmtx' table to disk"}
{"timestamp": "2025-12-11T04:25:08.772Z", "level": "DEBUG", "service": "resume-worker", "message": "Compiling 'hhea' table"}
{"timestamp": "2025-12-11T04:25:08.772Z", "level": "DEBUG", "service": "resume-worker", "message": "Writing 'hhea' table to disk"}
{"timestamp": "2025-12-11T04:25:08.773Z", "level": "DEBUG", "service": "resume-worker", "message": "Compiling 'OS/2' table"}
{"timestamp": "2025-12-11T04:25:08.774Z", "level": "DEBUG", "service": "resume-worker", "message": "Writing 'OS/2' table to disk"}
{"timestamp": "2025-12-11T04:25:08.775Z", "level": "DEBUG", "service": "resume-worker", "message": "Compiling 'cmap' table"}
{"timestamp": "2025-12-11T04:25:08.776Z", "level": "DEBUG", "service": "resume-worker", "message": "Writing 'cmap' table to disk"}
{"timestamp": "2025-12-11T04:25:08.776Z", "level": "DEBUG", "service": "resume-worker", "message": "Compiling 'name' table"}
{"timestamp": "2025-12-11T04:25:08.777Z", "level": "DEBUG", "service": "resume-worker", "message": "Writing 'name' table to disk"}
{"timestamp": "2025-12-11T04:25:08.778Z", "level": "DEBUG", "service": "resume-worker", "message": "Compiling 'post' table"}
{"timestamp": "2025-12-11T04:25:08.778Z", "level": "DEBUG", "service": "resume-worker", "message": "Writing 'post' table to disk"}
{"timestamp": "2025-12-11T04:25:08.779Z", "level": "DEBUG", "service": "resume-worker", "message": "Compiling 'gasp' table"}
{"timestamp": "2025-12-11T04:25:08.780Z", "level": "DEBUG", "service": "resume-worker", "message": "Writing 'gasp' table to disk"}
{"timestamp": "2025-12-11T04:25:08.781Z", "level": "DEBUG", "service": "resume-worker", "message": "Compiling 'FFTM' table"}
{"timestamp": "2025-12-11T04:25:08.782Z", "level": "DEBUG", "service": "resume-worker", "message": "Writing 'FFTM' table to disk"}
{"timestamp": "2025-12-11T04:25:08.783Z", "level": "DEBUG", "service": "resume-worker", "message": "Compiling 'GDEF' table"}
{"timestamp": "2025-12-11T04:25:08.784Z", "level": "DEBUG", "service": "resume-worker", "message": "Writing 'GDEF' table to disk"}
{"timestamp": "2025-12-11T04:25:08.785Z", "level": "DEBUG", "service": "resume-worker", "message": "Reading 'maxp' table from disk"}
{"timestamp": "2025-12-11T04:25:08.786Z", "level": "DEBUG", "service": "resume-worker", "message": "Decompiling 'maxp' table"}
{"timestamp": "2025-12-11T04:25:08.787Z", "level": "DEBUG", "service": "resume-worker", "message": "Took 0.001s to load 'maxp'"}
{"timestamp": "2025-12-11T04:25:08.787Z", "level": "DEBUG", "service": "resume-worker", "message": "Took 0.000s to prune 'maxp'"}
{"timestamp": "2025-12-11T04:25:08.788Z", "level": "INFO", "service": "resume-worker", "message": "maxp pruned"}
{"timestamp": "2025-12-11T04:25:08.788Z", "level": "DEBUG", "service": "resume-worker", "message": "Reading 'cmap' table from disk"}
{"timestamp": "2025-12-11T04:25:08.789Z", "level": "DEBUG", "service": "resume-worker", "message": "Decompiling 'cmap' table"}
{"timestamp": "2025-12-11T04:25:08.790Z", "level": "DEBUG", "service": "resume-worker", "message": "Reading 'post' table from disk"}
{"timestamp": "2025-12-11T04:25:08.791Z", "level": "DEBUG", "service": "resume-worker", "message": "Decompiling 'post' table"}
{"timestamp": "2025-12-11T04:25:08.794Z", "level": "DEBUG", "service": "resume-worker", "message": "Took 0.006s to load 'cmap'"}
{"timestamp": "2025-12-11T04:25:08.795Z", "level": "DEBUG", "service": "resume-worker", "message": "Took 0.000s to prune 'cmap'"}
{"timestamp": "2025-12-11T04:25:08.795Z", "level": "INFO", "service": "resume-worker", "message": "cmap pruned"}
{"timestamp": "2025-12-11T04:25:08.796Z", "level": "INFO", "service": "resume-worker", "message": "fpgm dropped"}
{"timestamp": "2025-12-11T04:25:08.796Z", "level": "INFO", "service": "resume-worker", "message": "prep dropped"}
{"timestamp": "2025-12-11T04:25:08.797Z", "level": "INFO", "service": "resume-worker", "message": "cvt  dropped"}
{"timestamp": "2025-12-11T04:25:08.797Z", "level": "INFO", "service": "resume-worker", "message": "kern dropped"}
{"timestamp": "2025-12-11T04:25:08.798Z", "level": "DEBUG", "service": "resume-worker", "message": "Took 0.000s to load 'post'"}
{"timestamp": "2025-12-11T04:25:08.798Z", "level": "DEBUG", "service": "resume-worker", "message": "Took 0.000s to prune 'post'"}
{"timestamp": "2025-12-11T04:25:08.798Z", "level": "INFO", "service": "resume-worker", "message": "post pruned"}
{"timestamp": "2025-12-11T04:25:08.799Z", "level": "INFO", "service": "resume-worker", "message": "GPOS dropped"}
{"timestamp": "2025-12-11T04:25:08.799Z", "level": "INFO", "service": "resume-worker", "message": "GSUB dropped"}
{"timestamp": "2025-12-11T04:25:08.800Z", "level": "DEBUG", "service": "resume-worker", "message": "Reading 'glyf' table from disk"}
{"timestamp": "2025-12-11T04:25:08.801Z", "level": "DEBUG", "service": "resume-worker", "message": "Decompiling 'glyf' table"}
{"timestamp": "2025-12-11T04:25:08.801Z", "level": "DEBUG", "service": "resume-worker", "message": "Reading 'loca' table from disk"}
{"timestamp": "2025-12-11T04:25:08.802Z", "level": "DEBUG", "service": "resume-worker", "message": "Decompiling 'loca' table"}
{"timestamp": "2025-12-11T04:25:08.802Z", "level": "DEBUG", "service": "resume-worker", "message": "Reading 'head' table from disk"}
{"timestamp": "2025-12-11T04:25:08.803Z", "level": "DEBUG", "service": "resume-worker", "message": "Decompiling 'head' table"}
{"timestamp": "2025-12-11T04:25:08.805Z", "level": "DEBUG", "service": "resume-worker", "message": "Took 0.005s to load 'glyf'"}
{"timestamp": "2025-12-11T04:25:08.806Z", "level": "DEBUG", "service": "resume-worker", "message": "Took 0.000s to prune 'glyf'"}
{"timestamp": "2025-12-11T04:25:08.806Z", "level": "INFO", "service": "resume-worker", "message": "glyf pruned"}
{"timestamp": "2025-12-11T04:25:08.807Z", "level": "DEBUG", "service": "resume-worker", "message": "Took 0.000s to close glyph list over 'cmap'"}
{"timestamp": "2025-12-11T04:25:08.808Z", "level": "INFO", "service": "resume-worker", "message": "Added gid0 to subset"}
{"timestamp": "2025-12-11T04:25:08.809Z", "level": "INFO", "service": "resume-worker", "message": "Closing glyph list over 'glyf': 7 glyphs before"}
{"timestamp": "2025-12-11T04:25:08.809Z", "level": "INFO", "service": "resume-worker", "message": "Glyph names: ['.notdef', 'G', 'a', 'g', 'l', 'n', 'o']"}
{"timestamp": "2025-12-11T04:25:08.809Z", "level": "INFO", "service": "resume-worker", "message": "Glyph IDs:   [0, 42, 68, 74, 79, 81, 82]"}
{"timestamp": "2025-12-11T04:25:08.810Z", "level": "INFO", "service": "resume-worker", "message": "Closed glyph list over 'glyf': 7 glyphs after"}
{"timestamp": "2025-12-11T04:25:08.810Z", "level": "INFO", "service": "resume-worker", "message": "Glyph names: ['.notdef', 'G', 'a', 'g', 'l', 'n', 'o']"}
{"timestamp": "2025-12-11T04:25:08.811Z", "level": "INFO", "service": "resume-worker", "message": "Glyph IDs:   [0, 42, 68, 74, 79, 81, 82]"}
{"timestamp": "2025-12-11T04:25:08.811Z", "level": "DEBUG", "service": "resume-worker", "message": "Took 0.002s to close glyph list over 'glyf'"}
{"timestamp": "2025-12-11T04:25:08.812Z", "level": "INFO", "service": "resume-worker", "message": "Retaining 7 glyphs"}
{"timestamp": "2025-12-11T04:25:08.812Z", "level": "INFO", "service": "resume-worker", "message": "head subsetting not needed"}
{"timestamp": "2025-12-11T04:25:08.812Z", "level": "INFO", "service": "resume-worker", "message": "hhea subsetting not needed"}
{"timestamp": "2025-12-11T04:25:08.813Z", "level": "INFO", "service": "resume-worker", "message": "maxp subsetting not needed"}
{"timestamp": "2025-12-11T04:25:08.813Z", "level": "INFO", "service": "resume-worker", "message": "OS/2 subsetting not needed"}
{"timestamp": "2025-12-11T04:25:08.814Z", "level": "DEBUG", "service": "resume-worker", "message": "Reading 'hmtx' table from disk"}
{"timestamp": "2025-12-11T04:25:08.814Z", "level": "DEBUG", "service": "resume-worker", "message": "Decompiling 'hmtx' table"}
{"timestamp": "2025-12-11T04:25:08.814Z", "level": "DEBUG", "service": "resume-worker", "message": "Reading 'hhea' table from disk"}
{"timestamp": "2025-12-11T04:25:08.815Z", "level": "DEBUG", "service": "resume-worker", "message": "Decompiling 'hhea' table"}
{"timestamp": "2025-12-11T04:25:08.816Z", "level": "DEBUG", "service": "resume-worker", "message": "Took 0.003s to subset 'hmtx'"}
{"timestamp": "2025-12-11T04:25:08.817Z", "level": "INFO", "service": "resume-worker", "message": "hmtx subsetted"}
{"timestamp": "2025-12-11T04:25:08.818Z", "level": "DEBUG", "service": "resume-worker", "message": "Took 0.000s to subset 'cmap'"}
{"timestamp": "2025-12-11T04:25:08.818Z", "level": "INFO", "service": "resume-worker", "message": "cmap subsetted"}
{"timestamp": "2025-12-11T04:25:08.819Z", "level": "INFO", "service": "resume-worker", "message": "loca subsetting not needed"}
{"timestamp": "2025-12-11T04:25:08.819Z", "level": "DEBUG", "service": "resume-worker", "message": "Took 0.000s to subset 'post'"}
{"timestamp": "2025-12-11T04:25:08.819Z", "level": "INFO", "service": "resume-worker", "message": "post subsetted"}
{"timestamp": "2025-12-11T04:25:08.820Z", "level": "INFO", "service": "resume-worker", "message": "gasp subsetting not needed"}
{"timestamp": "2025-12-11T04:25:08.820Z", "level": "INFO", "service": "resume-worker", "message": "FFTM NOT subset; don't know how to subset"}
{"timestamp": "2025-12-11T04:25:08.820Z", "level": "DEBUG", "service": "resume-worker", "message": "Reading 'GDEF' table from disk"}
{"timestamp": "2025-12-11T04:25:08.821Z", "level": "DEBUG", "service": "resume-worker", "message": "Decompiling 'GDEF' table"}
{"timestamp": "2025-12-11T04:25:08.821Z", "level": "DEBUG", "service": "resume-worker", "message": "Took 0.001s to subset 'GDEF'"}
{"timestamp": "2025-12-11T04:25:08.826Z", "level": "INFO", "service": "resume-worker", "message": "GDEF subsetted"}
{"timestamp": "2025-12-11T04:25:08.827Z", "level": "INFO", "service": "resume-worker", "message": "name subsetting not needed"}
{"timestamp": "2025-12-11T04:25:08.828Z", "level": "DEBUG", "service": "resume-worker", "message": "Took 0.000s to subset 'glyf'"}
{"timestamp": "2025-12-11T04:25:08.828Z", "level": "INFO", "service": "resume-worker", "message": "glyf subsetted"}
{"timestamp": "2025-12-11T04:25:08.828Z", "level": "DEBUG", "service": "resume-worker", "message": "Took 0.000s to subset GlyphOrder"}
{"timestamp": "2025-12-11T04:25:08.829Z", "level": "DEBUG", "service": "resume-worker", "message": "Took 0.000s to prune 'head'"}
{"timestamp": "2025-12-11T04:25:08.829Z", "level": "INFO", "service": "resume-worker", "message": "head pruned"}
{"timestamp": "2025-12-11T04:25:08.829Z", "level": "DEBUG", "service": "resume-worker", "message": "Reading 'OS/2' table from disk"}
{"timestamp": "2025-12-11T04:25:08.830Z", "level": "DEBUG", "service": "resume-worker", "message": "Decompiling 'OS/2' table"}
{"timestamp": "2025-12-11T04:25:08.830Z", "level": "INFO", "service": "resume-worker", "message": "OS/2 Unicode ranges pruned: [0]"}
{"timestamp": "2025-12-11T04:25:08.831Z", "level": "INFO", "service": "resume-worker", "message": "OS/2 CodePage ranges pruned: [0]"}
{"timestamp": "2025-12-11T04:25:08.832Z", "level": "DEBUG", "service": "resume-worker", "message": "Took 0.000s to prune 'glyf'"}
{"timestamp": "2025-12-11T04:25:08.833Z", "level": "INFO", "service": "resume-worker", "message": "glyf pruned"}
{"timestamp": "2025-12-11T04:25:08.833Z", "level": "DEBUG", "service": "resume-worker", "message": "Took 0.000s to prune 'GDEF'"}
{"timestamp": "2025-12-11T04:25:08.834Z", "level": "INFO", "service": "resume-worker", "message": "GDEF pruned"}
{"timestamp": "2025-12-11T04:25:08.834Z", "level": "DEBUG", "service": "resume-worker", "message": "Reading 'name' table from disk"}
{"timestamp": "2025-12-11T04:25:08.835Z", "level": "DEBUG", "service": "resume-worker", "message": "Decompiling 'name' table"}
{"timestamp": "2025-12-11T04:25:08.835Z", "level": "DEBUG", "service": "resume-worker", "message": "Reading 'gasp' table from disk"}
{"timestamp": "2025-12-11T04:25:08.836Z", "level": "DEBUG", "service": "resume-worker", "message": "Decompiling 'gasp' table"}
{"timestamp": "2025-12-11T04:25:08.836Z", "level": "DEBUG", "service": "resume-worker", "message": "Reading 'FFTM' table from disk"}
{"timestamp": "2025-12-11T04:25:08.837Z", "level": "DEBUG", "service": "resume-worker", "message": "Decompiling 'FFTM' table"}
{"timestamp": "2025-12-11T04:25:08.837Z", "level": "DEBUG", "service": "resume-worker", "message": "Took 0.003s to prune 'name'"}
{"timestamp": "2025-12-11T04:25:08.838Z", "level": "INFO", "service": "resume-worker", "message": "name pruned"}
{"timestamp": "2025-12-11T04:25:08.839Z", "level": "DEBUG", "service": "resume-worker", "message": "Compiling 'glyf' table"}
{"timestamp": "2025-12-11T04:25:08.840Z", "level": "DEBUG", "service": "resume-worker", "message": "Writing 'glyf' table to disk"}
{"timestamp": "2025-12-11T04:25:08.840Z", "level": "DEBUG", "service": "resume-worker", "message": "Compiling 'maxp' table"}
{"timestamp": "2025-12-11T04:25:08.841Z", "level": "DEBUG", "service": "resume-worker", "message": "Writing 'maxp' table to disk"}
{"timestamp": "2025-12-11T04:25:08.841Z", "level": "DEBUG", "service": "resume-worker", "message": "Compiling 'loca' table"}
{"timestamp": "2025-12-11T04:25:08.842Z", "level": "DEBUG", "service": "resume-worker", "message": "Writing 'loca' table to disk"}
{"timestamp": "2025-12-11T04:25:08.842Z", "level": "DEBUG", "service": "resume-worker", "message": "Compiling 'head' table"}
{"timestamp": "2025-12-11T04:25:08.842Z", "level": "DEBUG", "service": "resume-worker", "message": "Writing 'head' table to disk"}
{"timestamp": "2025-12-11T04:25:08.843Z", "level": "DEBUG", "service": "resume-worker", "message": "Compiling 'hmtx' table"}
{"timestamp": "2025-12-11T04:25:08.843Z", "level": "DEBUG", "service": "resume-worker", "message": "Writing 'hmtx' table to disk"}
{"timestamp": "2025-12-11T04:25:08.843Z", "level": "DEBUG", "service": "resume-worker", "message": "Compiling 'hhea' table"}
{"timestamp": "2025-12-11T04:25:08.843Z", "level": "DEBUG", "service": "resume-worker", "message": "Writing 'hhea' table to disk"}
{"timestamp": "2025-12-11T04:25:08.844Z", "level": "DEBUG", "service": "resume-worker", "message": "Compiling 'OS/2' table"}
{"timestamp": "2025-12-11T04:25:08.844Z", "level": "DEBUG", "service": "resume-worker", "message": "Writing 'OS/2' table to disk"}
{"timestamp": "2025-12-11T04:25:08.844Z", "level": "DEBUG", "service": "resume-worker", "message": "Compiling 'cmap' table"}
{"timestamp": "2025-12-11T04:25:08.845Z", "level": "DEBUG", "service": "resume-worker", "message": "Writing 'cmap' table to disk"}
{"timestamp": "2025-12-11T04:25:08.845Z", "level": "DEBUG", "service": "resume-worker", "message": "Compiling 'name' table"}
{"timestamp": "2025-12-11T04:25:08.845Z", "level": "DEBUG", "service": "resume-worker", "message": "Writing 'name' table to disk"}
{"timestamp": "2025-12-11T04:25:08.846Z", "level": "DEBUG", "service": "resume-worker", "message": "Compiling 'post' table"}
{"timestamp": "2025-12-11T04:25:08.847Z", "level": "DEBUG", "service": "resume-worker", "message": "Writing 'post' table to disk"}
{"timestamp": "2025-12-11T04:25:08.847Z", "level": "DEBUG", "service": "resume-worker", "message": "Compiling 'gasp' table"}
{"timestamp": "2025-12-11T04:25:08.848Z", "level": "DEBUG", "service": "resume-worker", "message": "Writing 'gasp' table to disk"}
{"timestamp": "2025-12-11T04:25:08.848Z", "level": "DEBUG", "service": "resume-worker", "message": "Compiling 'FFTM' table"}
{"timestamp": "2025-12-11T04:25:08.849Z", "level": "DEBUG", "service": "resume-worker", "message": "Writing 'FFTM' table to disk"}
{"timestamp": "2025-12-11T04:25:08.849Z", "level": "DEBUG", "service": "resume-worker", "message": "Compiling 'GDEF' table"}
{"timestamp": "2025-12-11T04:25:08.850Z", "level": "DEBUG", "service": "resume-worker", "message": "Writing 'GDEF' table to disk"}
{"timestamp": "2025-12-11T04:25:08.851Z", "level": "DEBUG", "service": "resume-worker", "message": "STREAM b'IHDR' 16 13"}
{"timestamp": "2025-12-11T04:25:08.851Z", "level": "DEBUG", "service": "resume-worker", "message": "STREAM b'IDAT' 41 1696"}
{"timestamp": "2025-12-11T04:25:08.854Z", "level": "DEBUG", "service": "resume-worker", "message": "STREAM b'IHDR' 16 13"}
{"timestamp": "2025-12-11T04:25:08.855Z", "level": "DEBUG", "service": "resume-worker", "message": "STREAM b'IDAT' 41 2552"}
{"timestamp": "2025-12-11T04:25:08.857Z", "level": "DEBUG", "service": "resume-worker", "message": "STREAM b'IHDR' 16 13"}
{"timestamp": "2025-12-11T04:25:08.857Z", "level": "DEBUG", "service": "resume-worker", "message": "STREAM b'IDAT' 41 4072"}
{"timestamp": "2025-12-11T04:25:08.859Z", "level": "DEBUG", "service": "resume-worker", "message": "STREAM b'IHDR' 16 13"}
{"timestamp": "2025-12-11T04:25:08.860Z", "level": "DEBUG", "service": "resume-worker", "message": "STREAM b'IDAT' 41 2475"}
{"timestamp": "2025-12-11T04:25:08.863Z", "level": "DEBUG", "service": "resume-worker", "message": "STREAM b'IHDR' 16 13"}
{"timestamp": "2025-12-11T04:25:08.863Z", "level": "DEBUG", "service": "resume-worker", "message": "STREAM b'IDAT' 41 9077"}
{"timestamp": "2025-12-11T04:25:08.866Z", "level": "DEBUG", "service": "resume-worker", "message": "STREAM b'IHDR' 16 13"}
{"timestamp": "2025-12-11T04:25:08.866Z", "level": "DEBUG", "service": "resume-worker", "message": "STREAM b'IDAT' 41 14505"}
{"timestamp": "2025-12-11T04:25:08.870Z", "level": "DEBUG", "service": "resume-worker", "message": "STREAM b'IHDR' 16 13"}
{"timestamp": "2025-12-11T04:25:08.870Z", "level": "DEBUG", "service": "resume-worker", "message": "STREAM b'IDAT' 41 3693"}
{"timestamp": "2025-12-11T04:25:08.872Z", "level": "DEBUG", "service": "resume-worker", "message": "STREAM b'IHDR' 16 13"}
{"timestamp": "2025-12-11T04:25:08.872Z", "level": "DEBUG", "service": "resume-worker", "message": "STREAM b'IDAT' 41 7820"}
{"timestamp": "2025-12-11T04:25:08.875Z", "level": "DEBUG", "service": "resume-worker", "message": "STREAM b'IHDR' 16 13"}
{"timestamp": "2025-12-11T04:25:08.875Z", "level": "DEBUG", "service": "resume-worker", "message": "STREAM b'IDAT' 41 4518"}
{"timestamp": "2025-12-11T04:25:08.877Z", "level": "DEBUG", "service": "resume-worker", "message": "STREAM b'IHDR' 16 13"}
{"timestamp": "2025-12-11T04:25:08.878Z", "level": "DEBUG", "service": "resume-worker", "message": "STREAM b'IDAT' 41 3407"}
{"timestamp": "2025-12-11T04:25:08.939Z", "level": "DEBUG", "service": "resume-worker", "message": "PDF generated successfully with base_url"}
{"timestamp": "2025-12-11T04:25:08.942Z", "level": "INFO", "service": "resume-worker", "message": "Resume generated: /app/output/resume_Desenvolvedor_Backend_-_Python_20251211_042509.pdf (87792 bytes)"}
{"timestamp": "2025-12-11T04:25:08.947Z", "level": "INFO", "service": "resume-worker", "message": "Resume generation completed", "context": {"job_id": "822df913-7d66-494e-849e-cb0200c336ff", "user_id": "6ad0d828-f605-45fc-a545-3441e17a015c", "duration_ms": 29854, "file_size": 87792, "output_path": "/app/output/resume_Desenvolvedor_Backend_-_Python_20251211_042509.pdf"}}
